SKU,Product,Manufacturer,Supplier,Category,Type,Cost ex VAT,Sell ex VAT,Sell inc VAT,Notes,Discontinued?
AN13674ALT,AF Natural Flooring Care Kit,Alternative Flooring,Alternative Flooring,Ancillaries,Maintenance,38.24,60.83,72.996,,
AN83916AMT,Amtico International PS Adhesive (6 KG),Amtico,Amtico,Ancillaries,Adhesive,22.45,45.0,54.0,,
AN56805AMT,Amtico International HT Adhesive (15 L),Amtico,Amtico,Ancillaries,Adhesive,65.15,130.83,156.996,,
AN95398AMT,Amtico International HT Adhesive (5 L),Amtico,Amtico,Ancillaries,Adhesive,25.3,50.83,60.995999999999995,,
AN48359AMT,Amtico International PS Adbesive (14 KG),Amtico,Amtico,Ancillaries,Adhesive,52.6,105.83,126.996,,
AN55071AMT,Amtico International Adhesive Remover (250 ML),Amtico,Amtico,Ancillaries,Adhesive,5.45,11.67,14.004,,
AN63710AMT,Amtico International SPAX (14 KG),Amtico,Amtico,Ancillaries,Adhesive,62.0,124.17,149.004,,
AN88043AMT,Amtico International Universal 2-Part (U2P) Adhesive (5 KG x2),Amtico,Amtico,Ancillaries,Adhesive,75.0,150.0,180.0,,
AN22020AMT,Amtico International HT Extra Adhesive (14 KG),Amtico,Amtico,Ancillaries,Adhesive,61.95,124.17,149.004,,
AN19447AMT,Amtico International HT Extra Adhesive (6 KG),Amtico,Amtico,Ancillaries,Adhesive,27.9,55.83,66.996,,
AN50468AMT,Amtico International SF Adhesive (15 L),Amtico,Amtico,Ancillaries,Adhesive,51.8,104.17,125.00399999999999,,
AN99145AMT,Amtico International SF Adhesive (5 L),Amtico,Amtico,Ancillaries,Adhesive,22.05,44.17,53.004,,
AN58835AMT,Amtico International SF Adhesive (2.5 L),Amtico,Amtico,Ancillaries,Adhesive,12.45,25.0,30.0,,
AN26838AMT,Amtico International Felt Pads,Amtico,Amtico,Ancillaries,Maintenance,3.45,5.83,6.9959999999999996,,
AN59398AMT,Amtico International FloorCare Starter Kit,Amtico,Amtico,Ancillaries,Maintenance,12.7,18.33,21.996,,
AN94106AMT,Amtico International FloorCare Spillage Remover (500 ML),Amtico,Amtico,Ancillaries,Maintenance,2.5,4.16,4.992,,
AN90670AMT,Amtico International FloorCare Maintainer (1 L),Amtico,Amtico,Ancillaries,Maintenance,4.1,6.66,7.992,,
AN85370AMT,Amtico International FloorCare Maintainer (5 L),Amtico,Amtico,Ancillaries,Maintenance,10.3,17.5,21.0,,
AN94646AMT,Amtico International FloorCare Stripper (1 L),Amtico,Amtico,Ancillaries,Maintenance,4.45,6.66,7.992,,
AN39984AMT,Amtico International FloorCare Stripper (5 L),Amtico,Amtico,Ancillaries,Maintenance,15.6,26.66,31.991999999999997,,
AN68315AMT,Amtico International FloorCare Dressing (1 L),Amtico,Amtico,Ancillaries,Maintenance,5.85,9.1583333333333,10.98999999999996,,
AN45150AMT,Amtico International FloorCare Dressing (5 L),Amtico,Amtico,Ancillaries,Maintenance,26.13,40.83,48.995999999999995,,
AN50369AMT,Amtico International Matt Floor Dressing (1 L),Amtico,Amtico,Ancillaries,Maintenance,7.75,11.66,13.991999999999999,,
AN94707AMT,Amtico International Matt Floor Dressing (5 L),Amtico,Amtico,Ancillaries,Maintenance,37.4,47.91,57.492,,
AN73987BAL,Cloud 9 Contract Underlay,Ball & Young Ltd,Ballister,Ancillaries,Underlay,3.53,7.92,9.504,,
AN34304BAL,Ballister Coir Matting Natural (2 M),Ballister,Ballister,Ancillaries,Other,50.4,58.33,69.996,,
AN24811BAL,Ballister Coir Matting Natural (1 M),Ballister,Ballister,Ancillaries,Other,25.2,29.17,35.004,,
AN63067BON,Bona GapMaster - Cherry (310 ml),Bona,Ballister,Ancillaries,Sealant,5.98,12.08,14.495999999999999,,
AN93637BON,Bona GapMaster - Beech-Dark (310 ml),Bona,Ballister,Ancillaries,Sealant,5.98,12.08,14.495999999999999,,
AN45204BON,Bona GapMaster - Oak-Dark (310 ml),Bona,Ballister,Ancillaries,Sealant,5.98,12.08,14.495999999999999,,
AN83733BON,Bona GapMaster - Oak-Light (310 ml),Bona,Ballister,Ancillaries,Sealant,5.98,12.08,14.495999999999999,,
AN20113BON,Bona GapMaster - Beech-Light (310 ml),Bona,Ballister,Ancillaries,Sealant,5.98,12.08,14.495999999999999,,
AN34824BON,Bona GapMaster - Nut (310 ml),Bona,Ballister,Ancillaries,Sealant,5.98,12.08,14.495999999999999,,
AN67222BON,Bona GapMaster - Maple (310 ml),Bona,Ballister,Ancillaries,Sealant,5.98,12.08,14.495999999999999,,
AN70004CAT,FAB Brass Top Zig Trim Satin Brass (900 mm),CAT,Ballister,Ancillaries,Doorbar,13.46,45.83333333,54.999999996,,
AN26449CAT,FAB Brass Top Zig Trim Antique Brass (900 mm),CAT,Ballister,Ancillaries,Doorbar,13.46,45.83333333,54.999999996,,
AN67681CAT,AR3 SF 3mm Ramp - Satin Bright (2715 mm),CAT,Ballister,Ancillaries,Profile,28.01,87.5,105.0,,
AN37877CAT,AR3 SF 3mm Ramp - Bronze (900 mm),CAT,Ballister,Ancillaries,Profile,9.33,35.0,42.0,,
AN11334CAT,AC38 SF Cover Plate - Brushed Stainless (2715 mm),CAT,Ballister,Ancillaries,Profile,29.96,87.5,105.0,,
AN12028CAT,Standard Door Bar - Gold - Single (2715 mm),CAT,Ballister,Ancillaries,Profile,5.04,17.5,21.0,,
AN12577CAT,AR3 SF 3mm Ramp - Piano Black (2715 mm),CAT,Ballister,Ancillaries,Profile,28.01,87.5,105.0,,Yes
AN13577CAT,CAT Solid Brass - Antique Brass - Double (2715 mm),CAT,Ballister,Ancillaries,Profile,88.6,145.83,174.996,,
AN14561CAT,CAT Designer Home - Light Bronze - Z-Section (A/10) (900 mm),CAT,Ballister,Ancillaries,Profile,13.84,24.17,29.004,,
AN16480CAT,AC38 SF Cover Plate - Satin Bright (2715 mm),CAT,Ballister,Ancillaries,Profile,29.96,87.5,105.0,,
AN17610CAT,CAT Solid Brass - Satin Brass - Single (900 mm),CAT,Ballister,Ancillaries,Profile,15.86,37.5,45.0,,
AN19210CAT,CAT Designer Home - Bronze - Z-Section (A/10) (2715 mm),CAT,Ballister,Ancillaries,Profile,41.54,65.83,78.996,,
AN19397CAT,CAT Solid Brass - Satin Brass - Double (900 mm),CAT,Ballister,Ancillaries,Profile,31.75,54.17,65.004,,
AN19677CAT,AR3 SF 3mm Ramp - Designer Satin (2715 mm),CAT,Ballister,Ancillaries,Profile,28.01,87.5,105.0,,
AN20116CAT,AC38 SF Cover Plate - Bronze (2715 mm),CAT,Ballister,Ancillaries,Profile,29.96,87.5,105.0,,
AN20282CAT,Standard Door Bar - Gold - Double (900 mm),CAT,Ballister,Ancillaries,Profile,1.92,6.67,8.004,,
AN20356CAT,Standard Door Bar - Gold - Z-Section (900 mm),CAT,Ballister,Ancillaries,Profile,1.92,6.67,8.004,,
AN20625CAT,Feline Double Profile - Antique Bronze (900 mm),CAT,Ballister,Ancillaries,Profile,31.84,52.08,62.495999999999995,,
AN21396CAT,CAT Designer Home - Light Bronze - Single (ANF) (900 mm),CAT,Ballister,Ancillaries,Profile,10.01,24.17,29.004,,
AN22333CAT,CAT Designer Home - Satin - Double (A/9/2) (2715 mm),CAT,Ballister,Ancillaries,Profile,46.44,65.83,78.996,,
AN23478CAT,Standard Door Bar - Gold - Double (2715 mm),CAT,Ballister,Ancillaries,Profile,5.04,17.5,21.0,,
AN23767CAT,CAT Solid Brass - Satin Brass - Z-Section (900 mm),CAT,Ballister,Ancillaries,Profile,29.61,54.17,65.004,,
AN24976CAT,Feline Z Profile - Satin Chrome (900 mm),CAT,Ballister,Ancillaries,Profile,41.27,52.08,62.495999999999995,,
AN24984CAT,AR3 SF 3mm Ramp - Pewter (900 mm),CAT,Ballister,Ancillaries,Profile,9.33,35.0,42.0,,
AN25045CAT,CAT Designer Home - Onyx - Double (A/9/2) (900 mm),CAT,Ballister,Ancillaries,Profile,15.47,24.17,29.004,,
AN27914CAT,Standard Door Bar - Gold - Z-Section (2715 mm),CAT,Ballister,Ancillaries,Profile,5.04,17.5,21.0,,
AN27943CAT,CAT Designer Home - Satin - Single (ANF) (900 mm),CAT,Ballister,Ancillaries,Profile,10.01,24.17,29.004,,
AN28266CAT,CAT Designer Home - Onyx - Double (A/9/2) (2715 mm),CAT,Ballister,Ancillaries,Profile,46.44,65.83,78.996,,
AN28311CAT,CAT Designer Home - Satin - Z-Section (A/10) (2715 mm),CAT,Ballister,Ancillaries,Profile,41.54,65.83,78.996,,
AN28481CAT,Feline Z Profile - Antique Bronze (900 mm),CAT,Ballister,Ancillaries,Profile,29.08,52.08,62.495999999999995,,
AN28744CAT,AC38 SF Cover Plate - Brushed Stainless (900 mm),CAT,Ballister,Ancillaries,Profile,9.99,35.0,42.0,,
AN29213CAT,CAT Designer Home - Bright - Double (A/9/2) (900 mm),CAT,Ballister,Ancillaries,Profile,15.47,24.17,29.004,,
AN29913CAT,AR6 SF 6mm Ramp - Piano Black (900 mm),CAT,Ballister,Ancillaries,Profile,9.33,35.0,42.0,,
AN29999CAT,CAT Solid Brass - Polished Brass - Single (900 mm),CAT,Ballister,Ancillaries,Profile,15.86,37.5,45.0,,
AN30144CAT,CAT Designer Home - Bronze - Single (ANF) (2715 mm),CAT,Ballister,Ancillaries,Profile,30.02,65.83,78.996,,
AN30216CAT,AR6 SF 6mm Ramp - Designer Satin (2715 mm),CAT,Ballister,Ancillaries,Profile,28.01,87.5,105.0,,
AN30721CAT,CAT Designer Home - Brushed Stainless - Single (ANF) (2715 mm),CAT,Ballister,Ancillaries,Profile,30.02,65.83,78.996,,
AN30725CAT,AR6 SF 6mm Ramp - Brushed Stainless (900 mm),CAT,Ballister,Ancillaries,Profile,9.33,35.0,42.0,,
AN31192CAT,AR3 SF 3mm Ramp - Light Bronze (900 mm),CAT,Ballister,Ancillaries,Profile,9.33,35.0,42.0,,
AN31466CAT,CAT Designer Home - Piano Black - Single (ANF) (2715 mm),CAT,Ballister,Ancillaries,Profile,30.02,65.83,78.996,,Yes
AN35845CAT,Standard Door Bar - Silver - Single (2715 mm),CAT,Ballister,Ancillaries,Profile,5.04,17.5,21.0,,
AN36197CAT,Feline Double Profile - Chrome (900 mm),CAT,Ballister,Ancillaries,Profile,41.37,52.08,62.495999999999995,,
AN37826CAT,CAT Designer Home - Bright - Double (A/9/2) (2715 mm),CAT,Ballister,Ancillaries,Profile,46.44,65.83,78.996,,
AN38362CAT,AR6 SF 6mm Ramp - Piano Black (2715 mm),CAT,Ballister,Ancillaries,Profile,28.01,87.5,105.0,,
AN39920CAT,AR3 SF 3mm Ramp - Pewter (2715 mm),CAT,Ballister,Ancillaries,Profile,28.01,87.5,105.0,,
AN40618CAT,CAT Solid Brass - Satin Brass - Single (2715 mm),CAT,Ballister,Ancillaries,Profile,47.57,104.17,125.00399999999999,,
AN40693CAT,AR3 SF 3mm Ramp - Onyx (2715 mm),CAT,Ballister,Ancillaries,Profile,28.01,87.5,105.0,,
AN41801CAT,CAT Solid Brass - Antique Brass - Single (900 mm),CAT,Ballister,Ancillaries,Profile,15.97,37.5,45.0,,
AN41858CAT,AR3 SF 3mm Ramp - Bronze (2715 mm),CAT,Ballister,Ancillaries,Profile,28.01,87.5,105.0,,
AN42015CAT,FAB 1 Twin Top Single Leg Carpet Trim - Chrome (900 mm),CAT,Ballister,Ancillaries,Profile,16.44,45.83,54.995999999999995,,
AN42291CAT,CAT Designer Home - Bright - Z-Section (A/10) (900 mm),CAT,Ballister,Ancillaries,Profile,13.84,24.17,29.004,,
AN43072CAT,CAT Designer Home - Bronze - Double (A/9/2) (2715 mm),CAT,Ballister,Ancillaries,Profile,46.44,65.83,78.996,,
AN44913CAT,CAT Designer Home - Onyx - Z-Section (A/10) (2715 mm),CAT,Ballister,Ancillaries,Profile,41.54,65.83,78.996,,
AN45071CAT,CAT Designer Home - Piano Black - Double (A/9/2) (2715 mm),CAT,Ballister,Ancillaries,Profile,46.44,65.83,78.996,,Yes
AN45097CAT,Standard Door Bar - Silver - Z-Section (2715 mm),CAT,Ballister,Ancillaries,Profile,5.04,17.5,21.0,,
AN46120CAT,CAT Solid Brass - Antique Brass - Double (900 mm),CAT,Ballister,Ancillaries,Profile,33.75,54.17,65.004,,
AN46229CAT,FAB 1 Twin Top Single Leg Carpet Trim - Antique Bronze (900 mm),CAT,Ballister,Ancillaries,Profile,13.46,45.83,54.995999999999995,,
AN47770CAT,Standard Door Bar - Gold - Single (900 mm),CAT,Ballister,Ancillaries,Profile,1.92,6.67,8.004,,
AN51078CAT,CAT Designer Home - Satin - Single (ANF) (2715 mm),CAT,Ballister,Ancillaries,Profile,30.02,65.83,78.996,,
AN51148CAT,Standard Door Bar - Silver - Double (900 mm),CAT,Ballister,Ancillaries,Profile,1.92,6.67,8.004,,
AN51408CAT,CAT Solid Brass - Antique Brass -  Z-Section (900 mm),CAT,Ballister,Ancillaries,Profile,30.83,54.17,65.004,,
AN52153CAT,AR6 SF 6mm Ramp - Brushed Stainless (2715 mm),CAT,Ballister,Ancillaries,Profile,28.01,87.5,105.0,,
AN52892CAT,CAT Designer Home - Bright - Z-Section (A/10) (2715 mm),CAT,Ballister,Ancillaries,Profile,41.54,65.83,78.996,,
AN54913CAT,CAT Designer Home - Satin - Double (A/9/2) (900 mm),CAT,Ballister,Ancillaries,Profile,15.47,24.17,29.004,,
AN54983CAT,Feline BNF Single Profile - Satin Chrome (900 mm),CAT,Ballister,Ancillaries,Profile,23.66,40.83,48.995999999999995,,
AN55690CAT,CAT Designer Home - Pewter - Z-Section (A/10) (2715 mm),CAT,Ballister,Ancillaries,Profile,41.54,65.83,78.996,,
AN55887CAT,FAB 2 Twin Top / Double Leg Carpet Trim - Satin Brass (900 mm),CAT,Ballister,Ancillaries,Profile,14.89,45.83,54.995999999999995,,
AN57296CAT,AR6 SF 6mm Ramp - Onyx (900 mm),CAT,Ballister,Ancillaries,Profile,9.33,35.0,42.0,,
AN58072CAT,CAT Solid Brass - Satin Brass - Double (2715 mm),CAT,Ballister,Ancillaries,Profile,87.16,145.83,174.996,,
AN58234CAT,CAT Designer Home - Onyx - Z-Section (A/10) (900 mm),CAT,Ballister,Ancillaries,Profile,13.84,24.17,29.004,,
AN58918CAT,CAT Solid Brass - Polished Brass - Double (2715 mm),CAT,Ballister,Ancillaries,Profile,87.16,145.83,174.996,,
AN59190CAT,AC38 SF Cover Plate - Designer Satin (900 mm),CAT,Ballister,Ancillaries,Profile,9.99,35.0,42.0,,
AN59359CAT,CAT Solid Brass - Polished Brass - Single (2715 mm),CAT,Ballister,Ancillaries,Profile,47.57,104.17,125.00399999999999,,
AN59520CAT,FAB 1 Twin Top Single Leg Carpet Trim - Satin Brass (900 mm),CAT,Ballister,Ancillaries,Profile,13.46,45.83,54.995999999999995,,
AN60438CAT,CAT Designer Home - Light Bronze - Z-Section (A/10) (2715 mm),CAT,Ballister,Ancillaries,Profile,41.54,65.83,78.996,,
AN61875CAT,Standard Door Bar - Silver - Z-Section (900 mm),CAT,Ballister,Ancillaries,Profile,1.92,6.67,8.004,,
AN62720CAT,AR6 SF 6mm Ramp - Bronze (2715 mm),CAT,Ballister,Ancillaries,Profile,28.01,87.5,105.0,,
AN62880CAT,CAT Designer Home - Piano Black - Z-Section (A/10) (900 mm),CAT,Ballister,Ancillaries,Profile,13.84,24.17,29.004,,Yes
AN63401CAT,CAT Solid Brass - Polished Brass -  Z-Section (2715 mm),CAT,Ballister,Ancillaries,Profile,86.76,145.83,174.996,,
AN63745CAT,Standard Door Bar - Silver - Double (2715 mm),CAT,Ballister,Ancillaries,Profile,5.04,17.5,21.0,,
AN64455CAT,Standard Door Bar - Silver - Single (900 mm),CAT,Ballister,Ancillaries,Profile,1.92,6.67,8.004,,
AN64605CAT,FAB 1 Twin Top Single Leg Carpet Trim - Satin Chrome (900 mm),CAT,Ballister,Ancillaries,Profile,16.44,45.83,54.995999999999995,,
AN65076CAT,CAT Designer Home - Brushed Stainless - Double (A/9/2) (2715 mm),CAT,Ballister,Ancillaries,Profile,46.44,65.83,78.996,,
AN65169CAT,FAB 2 Twin Top / Double Leg Carpet Trim - Polished Brass (900 mm),CAT,Ballister,Ancillaries,Profile,14.89,45.83,54.995999999999995,,
AN66646CAT,CAT Designer Home - Onyx - Single (ANF) (2715 mm),CAT,Ballister,Ancillaries,Profile,30.02,65.83,78.996,,
AN66648CAT,FAB 1 Twin Top Single Leg Carpet Trim - Antique Brass (900 mm),CAT,Ballister,Ancillaries,Profile,13.46,45.83,54.995999999999995,,
AN67309CAT,CAT Solid Brass - Polished Brass - Double (900 mm),CAT,Ballister,Ancillaries,Profile,31.75,54.17,65.004,,
AN67396CAT,AR6 SF 6mm Ramp - Pewter (900 mm),CAT,Ballister,Ancillaries,Profile,9.33,35.0,42.0,,
AN67800CAT,FAB 1 Twin Top Single Leg Carpet Trim - Polished Brass (900 mm),CAT,Ballister,Ancillaries,Profile,13.46,45.83,54.995999999999995,,
AN68018CAT,AC38 SF Cover Plate - Light Bronze (900 mm),CAT,Ballister,Ancillaries,Profile,9.99,35.0,42.0,,
AN68037CAT,AR6 SF 6mm Ramp - Bronze (900 mm),CAT,Ballister,Ancillaries,Profile,9.33,35.0,42.0,,
AN68656CAT,AC38 SF Cover Plate - Piano Black (2715 mm),CAT,Ballister,Ancillaries,Profile,29.96,87.5,105.0,,Yes
AN71216CAT,AR6 SF 6mm Ramp - Light Bronze (900 mm),CAT,Ballister,Ancillaries,Profile,9.33,35.0,42.0,,
AN71483CAT,Feline BNF Single Profile - Antique Bronze (900 mm),CAT,Ballister,Ancillaries,Profile,15.07,40.83,48.995999999999995,,
AN72407CAT,CAT Designer Home - Piano Black - Single (ANF) (900 mm),CAT,Ballister,Ancillaries,Profile,10.01,24.17,29.004,,Yes
AN72896CAT,AC38 SF Cover Plate - Pewter (2715 mm),CAT,Ballister,Ancillaries,Profile,29.96,87.5,105.0,,
AN74898CAT,FAB 2 Twin Top / Double Leg Carpet Trim - Antique Brass (900 mm),CAT,Ballister,Ancillaries,Profile,14.89,45.83,54.995999999999995,,
AN74911CAT,FAB 2 Twin Top / Double Leg Carpet Trim - Chrome (900 mm),CAT,Ballister,Ancillaries,Profile,21.63,45.83,54.995999999999995,,
AN75551CAT,CAT Designer Home - Piano Black - Double (A/9/2) (900 mm),CAT,Ballister,Ancillaries,Profile,15.47,24.17,29.004,,Yes
AN75580CAT,AR6 SF 6mm Ramp - Onyx (2715 mm),CAT,Ballister,Ancillaries,Profile,28.01,87.5,105.0,,
AN77107CAT,AC38 SF Cover Plate - Onyx (900 mm),CAT,Ballister,Ancillaries,Profile,9.99,35.0,42.0,,
AN78867CAT,AC38 SF Cover Plate - Onyx (2715 mm),CAT,Ballister,Ancillaries,Profile,29.96,87.5,105.0,,
AN79183CAT,CAT Designer Home - Bronze - Double (A/9/2) (900 mm),CAT,Ballister,Ancillaries,Profile,15.47,24.17,29.004,,
AN79412CAT,CAT Designer Home - Pewter - Single (ANF) (900 mm),CAT,Ballister,Ancillaries,Profile,10.01,24.17,29.004,,
AN80803CAT,CAT Solid Brass - Antique Brass - Single (2715 mm),CAT,Ballister,Ancillaries,Profile,47.92,104.17,125.00399999999999,,
AN80915CAT,CAT Designer Home - Bronze - Single (ANF) (900 mm),CAT,Ballister,Ancillaries,Profile,10.01,24.17,29.004,,
AN82033CAT,AR6 SF 6mm Ramp - Satin Bright (2715 mm),CAT,Ballister,Ancillaries,Profile,28.01,87.5,105.0,,
AN82260CAT,AR3 SF 3mm Ramp - Brushed Stainless (2715 mm),CAT,Ballister,Ancillaries,Profile,28.01,87.5,105.0,,
AN82455CAT,CAT Designer Home - Bronze - Z-Section (A/10) (900 mm),CAT,Ballister,Ancillaries,Profile,13.84,24.17,29.004,,
AN83110CAT,CAT Designer Home - Onyx - Single (ANF) (900 mm),CAT,Ballister,Ancillaries,Profile,10.01,24.17,29.004,,
AN83193CAT,CAT Designer Home - Light Bronze - Single (ANF) (2715 mm),CAT,Ballister,Ancillaries,Profile,30.02,65.83,78.996,,
AN83442CAT,AC38 SF Cover Plate - Satin Bright (900 mm),CAT,Ballister,Ancillaries,Profile,9.99,35.0,42.0,,
AN83553CAT,CAT Designer Home - Pewter - Double (A/9/2) (900 mm),CAT,Ballister,Ancillaries,Profile,15.47,24.17,29.004,,
AN85156CAT,AC38 SF Cover Plate - Bronze (900 mm),CAT,Ballister,Ancillaries,Profile,9.99,35.0,42.0,,
AN85893CAT,AR6 SF 6mm Ramp - Designer Satin (900 mm),CAT,Ballister,Ancillaries,Profile,9.33,35.0,42.0,,
AN87432CAT,AC38 SF Cover Plate - Light Bronze (2715 mm),CAT,Ballister,Ancillaries,Profile,29.96,87.5,105.0,,
AN87775CAT,CAT Solid Brass - Antique Brass -  Z-Section(2715 mm),CAT,Ballister,Ancillaries,Profile,88.16,145.83,174.996,,
AN88004CAT,CAT Designer Home - Pewter - Double (A/9/2) (2715 mm),CAT,Ballister,Ancillaries,Profile,46.44,65.83,78.996,,
AN90938CAT,CAT Designer Home - Pewter - Single (ANF) (2715 mm),CAT,Ballister,Ancillaries,Profile,30.02,65.83,78.996,,
AN91278CAT,AR6 SF 6mm Ramp - Light Bronze (2715 mm),CAT,Ballister,Ancillaries,Profile,28.01,87.5,105.0,,
AN91449CAT,CAT Designer Home - Brushed Stainless - Single (ANF) (900 mm),CAT,Ballister,Ancillaries,Profile,10.01,24.17,29.004,,
AN92063CAT,Feline Z Profile - Chrome (900 mm),CAT,Ballister,Ancillaries,Profile,41.27,52.08,62.495999999999995,,
AN92225CAT,AC38 SF Cover Plate - Pewter (900 mm),CAT,Ballister,Ancillaries,Profile,9.99,35.0,42.0,,
AN92482CAT,CAT Designer Home - Pewter - Z-Section (A/10) (900 mm),CAT,Ballister,Ancillaries,Profile,13.84,24.17,29.004,,
AN92643CAT,AR3 SF 3mm Ramp - Piano Black (900 mm),CAT,Ballister,Ancillaries,Profile,9.33,35.0,42.0,,Yes
AN92761CAT,FAB 2 Twin Top / Double Leg Carpet Trim - Antique Bronze (900 mm),CAT,Ballister,Ancillaries,Profile,14.89,45.83,54.995999999999995,,
AN94006CAT,CAT Designer Home - Piano Black - Z-Section (A/10) (2715 mm),CAT,Ballister,Ancillaries,Profile,41.54,65.83,78.996,,Yes
AN94225CAT,Feline Double Profile - Satin Chrome (900 mm),CAT,Ballister,Ancillaries,Profile,41.37,52.08,62.495999999999995,,
AN94509CAT,AR3 SF 3mm Ramp - Onyx (900 mm),CAT,Ballister,Ancillaries,Profile,9.33,35.0,42.0,,
AN94584CAT,CAT Designer Home - Bright - Single (ANF) (900 mm),CAT,Ballister,Ancillaries,Profile,10.01,24.17,29.004,,
AN94750CAT,CAT Designer Home - Satin - Z-Section (A/10) (900 mm),CAT,Ballister,Ancillaries,Profile,13.84,24.17,29.004,,
AN94815CAT,AR3 SF 3mm Ramp - Brushed Stainless (900 mm),CAT,Ballister,Ancillaries,Profile,9.33,35.0,42.0,,
AN94903CAT,Feline BNF Single Profile - Chrome (900 mm),CAT,Ballister,Ancillaries,Profile,23.66,40.83,48.995999999999995,,
AN95107CAT,CAT Designer Home - Bright - Single (ANF) (2715 mm),CAT,Ballister,Ancillaries,Profile,30.02,65.83,78.996,,
AN96054CAT,CAT Designer Home - Light Bronze - Double (A/9/2) (2715 mm),CAT,Ballister,Ancillaries,Profile,46.44,65.83,78.996,,
AN96949CAT,CAT Designer Home - Light Bronze - Double (A/9/2) (900 mm),CAT,Ballister,Ancillaries,Profile,15.47,24.17,29.004,,
AN97814CAT,AR6 SF 6mm Ramp - Satin Bright (900 mm),CAT,Ballister,Ancillaries,Profile,9.33,35.0,42.0,,
AN99442CAT,FAB 2 Twin Top / Double Leg Carpet Trim - Satin Chrome (900 mm),CAT,Ballister,Ancillaries,Profile,27.94,45.83,54.995999999999995,,
AN99760CAT,CAT Solid Brass - Satin Brass - Z-Section (2715 mm),CAT,Ballister,Ancillaries,Profile,86.76,145.83,174.996,,
AN33487CAT,CAT Designer Home - Brushed Stainless - Z-Section (A/10) (900 mm),CAT,Ballister,Ancillaries,Profile,13.84,24.166666666667,29.000000000000398,,
AN98736CAT,Aluminium L Profile - Anthracite (2175 mm),CAT,Ballister,Ancillaries,Profile,70.23,87.5,105.0,,
AN37278CAT,AR3 SF 3mm Ramp - Designer Satin (900 mm),CAT,Ballister,Ancillaries,Profile,9.33,35.0,42.0,,
AN29956CAT,AR3 SF 3mm Ramp - Satin Bright (900 mm),CAT,Ballister,Ancillaries,Profile,9.33,35.0,42.0,,
AN62659CAT,AR3 SF 3mm Ramp - Light Bronze (2715 mm),CAT,Ballister,Ancillaries,Profile,28.01,87.5,105.0,,
AN13308CAT,CAT Solid Brass - Polished Brass -  Z-Section (900 mm),CAT,Ballister,Ancillaries,Profile,29.61,54.17,65.004,,
AN33030CAT,AC38 SF Cover Plate - Designer Satin (2715 mm),CAT,Ballister,Ancillaries,Profile,29.96,87.5,105.0,,
AN33522CAT,CAT Designer Home - Brushed Stainless - Double (A/9/2) (900 mm),CAT,Ballister,Ancillaries,Profile,15.47,24.166666666667,29.000000000000398,,
AN33633CAT,CAT Designer Home - Brushed Stainless - Z-Section (A/10) (2715 mm),CAT,Ballister,Ancillaries,Profile,41.54,65.83,78.996,,
AN34411CAT,AC38 SF Cover Plate - Piano Black (900 mm),CAT,Ballister,Ancillaries,Profile,9.99,35.0,42.0,,
AN34969CAT,AR6 SF 6mm Ramp - Pewter (2715 mm),CAT,Ballister,Ancillaries,Profile,28.01,87.5,105.0,,
AN46845GEN,Heavy Duty Spray Adhesive,Generic,Ballister,Ancillaries,Adhesive,2.19,9.17,11.004,,
AN45987GEN,5.5mm Ply (1.22 X 2.44),Generic,Ballister,Ancillaries,Sub floor works,16.5,32.5,39.0,,
AN75484GEN,Stick Down Cover Plate - Matt Silver (2715 mm),Generic,Ballister,Ancillaries,Profile,12.59,32.5,39.0,,
AN88068GEN,Stick Down Cover Plate - Matt Gold (2715 mm),Generic,Ballister,Ancillaries,Profile,12.59,32.5,39.0,,
AN57468GEN,Silicone - White (310 ml),Generic,Ballister,Ancillaries,Sealant,3.99,10.42,12.504,,
AN53747GEN,Silicone - Clear (310 ml),Generic,Ballister,Ancillaries,Sealant,3.99,10.42,12.504,,
AN89536GEN,Felt Paper Pad (1MW),Generic,Ballister,Ancillaries,Underlay,0.4,1.04,1.248,,
AN33949GRI,Gripperrods Tackfast Wood/Concrete Gripper Short Pin,Gripperrods,Ballister,Ancillaries,Gripper,0.21,0.79,0.948,,
AN68304INT,Duralay Durafit 650 (6.5 mm),Interfloor,Ballister,Ancillaries,Underlay,4.92,10.83,12.996,,
AN89160INT,Duralay King (8.3 mm),Interfloor,Ballister,Ancillaries,Underlay,5.62,10.83,12.996,,
AN60193REW,FlexyFix Adhesive (290 ml),Rewmar,Ballister,Ancillaries,Adhesive,0.43416666666667,12.5,15.0,,
AN59570STA,Premier DoubleZ 9 - Black (900mm),Stairrods,Ballister,Ancillaries,Profile,15.44,45.83,54.995999999999995,,
AN20261STA,12/14 mm Lip - Satin Brass (1800 mm),Stairrods,Ballister,Ancillaries,Profile,16.68,70.0,84.0,,
AN60594STA,12/14 mm Lip - Satin Brass (2700 mm),Stairrods,Ballister,Ancillaries,Profile,25.02,105.0,126.0,,
AN53142STA,12/14 mm Lip - Black (900 mm),Stairrods,Ballister,Ancillaries,Profile,16.68,70.0,84.0,,
AN61932STA,12/14 mm Lip - Brushed Chrome (2700 mm),Stairrods,Ballister,Ancillaries,Profile,25.02,105.0,126.0,,
AN16818STA,12/14 mm Lip - Antique Bronze (900 mm),Stairrods,Ballister,Ancillaries,Profile,8.34,35.0,42.0,,
AN17601STA,12/14 mm Lip - Satin Nickel (2700 mm),Stairrods,Ballister,Ancillaries,Profile,25.02,105.0,126.0,,
AN75265STA,12/14 mm Lip - Antique Bronze (2700 mm),Stairrods,Ballister,Ancillaries,Profile,25.02,105.0,126.0,,
AN18217STA,12/14 mm Lip - Chrome (2700 mm),Stairrods,Ballister,Ancillaries,Profile,25.02,105.0,126.0,,
AN50696STA,12/14 mm Lip - Pewter (1800 mm),Stairrods,Ballister,Ancillaries,Profile,16.68,70.0,84.0,,
AN18687STA,12/14 mm Lip - Chrome (900 mm),Stairrods,Ballister,Ancillaries,Profile,8.34,35.0,42.0,,
AN28869STA,12/14 mm Lip - Brushed Chrome (1800 mm),Stairrods,Ballister,Ancillaries,Profile,16.68,70.0,84.0,,
AN13559STA,12/14 mm Lip - Black (2700 mm),Stairrods,Ballister,Ancillaries,Profile,25.02,105.0,126.0,,
AN92700STA,12/14 mm Lip - Antique Bronze (1800 mm),Stairrods,Ballister,Ancillaries,Profile,16.68,70.0,84.0,,
AN13612STA,12/14 mm Lip - Polished Brass (1800 mm),Stairrods,Ballister,Ancillaries,Profile,16.68,70.0,84.0,,
AN36323STA,12/14 mm Lip - Satin Brass (900 mm),Stairrods,Ballister,Ancillaries,Profile,8.34,35.0,42.0,,
AN87987STA,12/14 mm Lip - Polished Nickel (2700 mm),Stairrods,Ballister,Ancillaries,Profile,25.02,105.0,126.0,,
AN93309STA,12/14 mm Lip - Antique Brass (2700 mm),Stairrods,Ballister,Ancillaries,Profile,25.02,105.0,126.0,,
AN93834STA,12/14 mm Lip - Polished Nickel (1800 mm),Stairrods,Ballister,Ancillaries,Profile,16.68,70.0,84.0,,
AN87247STA,12/14 mm Lip - Pewter (2700 mm),Stairrods,Ballister,Ancillaries,Profile,25.02,105.0,126.0,,
AN11822STA,12/14 mm Lip - Chrome (1800 mm),Stairrods,Ballister,Ancillaries,Profile,16.68,70.0,84.0,,
AN81791STA,12/14 mm Lip - Polished Nickel (900 mm),Stairrods,Ballister,Ancillaries,Profile,8.34,35.0,42.0,,
AN31070STA,12/14 mm Lip - Satin Nickel (1800 mm),Stairrods,Ballister,Ancillaries,Profile,16.68,70.0,84.0,,
AN84474STA,12/14 mm Lip - Pewter (900 mm),Stairrods,Ballister,Ancillaries,Profile,8.34,35.0,42.0,,
AN20039STA,12/14 mm Lip - Antique Brass (900 mm),Stairrods,Ballister,Ancillaries,Profile,8.34,35.0,42.0,,
AN32953STA,12/14 mm Lip - Black (1800 mm),Stairrods,Ballister,Ancillaries,Profile,16.68,70.0,84.0,,
AN25966STA,12/14 mm Lip - Polished Brass (2700 mm),Stairrods,Ballister,Ancillaries,Profile,25.02,105.0,126.0,,
AN72445STA,12/14 mm Lip - Satin Nickel (900 mm),Stairrods,Ballister,Ancillaries,Profile,8.34,35.0,42.0,,
AN22231STA,12/14 mm Lip - Brushed Chrome (900 mm),Stairrods,Ballister,Ancillaries,Profile,8.34,35.0,42.0,,
AN54750STA,12/14 mm Lip - Polished Brass (900 mm),Stairrods,Ballister,Ancillaries,Profile,8.34,35.0,42.0,,
AN54465STA,12/14 mm Lip - Antique Brass (1800 mm),Stairrods,Ballister,Ancillaries,Profile,16.68,70.0,84.0,,
AN47401STA,12mm Ramp - Polished Nickel (900 mm),Stairrods,Ballister,Ancillaries,Profile,11.06,35.0,42.0,,
AN91885STA,12mm Ramp - Brass (900 mm),Stairrods,Ballister,Ancillaries,Profile,11.06,35.0,42.0,,
AN56215STA,12mm Ramp - Antique Brass (2700 mm),Stairrods,Ballister,Ancillaries,Profile,33.18,87.5,105.0,,
AN55377STA,12mm Ramp - Brushed Chrome (900 mm),Stairrods,Ballister,Ancillaries,Profile,11.06,35.0,42.0,,
AN18257STA,12mm Ramp - Black (900 mm),Stairrods,Ballister,Ancillaries,Profile,11.06,35.0,42.0,,
AN75066STA,12mm Ramp - Brushed Chrome (1800 mm),Stairrods,Ballister,Ancillaries,Profile,22.12,70.0,84.0,,
AN44650STA,12mm Ramp - Brushed Chrome (2700 mm),Stairrods,Ballister,Ancillaries,Profile,33.18,87.5,105.0,,
AN74961STA,12mm Ramp - Pewter (900 mm),Stairrods,Ballister,Ancillaries,Profile,11.06,35.0,42.0,,
AN92584STA,12mm Ramp - Pewter (1800 mm),Stairrods,Ballister,Ancillaries,Profile,22.12,70.0,84.0,,
AN49853STA,12mm Ramp - Satin Brass (2700 mm),Stairrods,Ballister,Ancillaries,Profile,33.18,87.5,105.0,,
AN49618STA,12mm Ramp - Chrome (2700 mm),Stairrods,Ballister,Ancillaries,Profile,33.18,87.5,105.0,,
AN48861STA,12mm Ramp - Black (1800 mm),Stairrods,Ballister,Ancillaries,Profile,22.12,70.0,84.0,,
AN95408STA,12mm Ramp - Antique Brass (900 mm),Stairrods,Ballister,Ancillaries,Profile,11.06,35.0,42.0,,
AN12518STA,12mm Ramp - Antique Bronze (900 mm),Stairrods,Ballister,Ancillaries,Profile,11.06,35.0,42.0,,
AN16184STA,12mm Ramp - Polished Nickel (1800 mm),Stairrods,Ballister,Ancillaries,Profile,22.12,70.0,84.0,,
AN70069STA,12mm Ramp - Satin Nickel (1800 mm),Stairrods,Ballister,Ancillaries,Profile,22.12,70.0,84.0,,
AN21508STA,12mm Ramp - Satin Nickel (2700 mm),Stairrods,Ballister,Ancillaries,Profile,33.18,87.5,105.0,,
AN31037STA,12mm Ramp - Black (2700 mm),Stairrods,Ballister,Ancillaries,Profile,33.18,87.5,105.0,,
AN89912STA,12mm Ramp - Chrome (900 mm),Stairrods,Ballister,Ancillaries,Profile,11.06,35.0,42.0,,
AN96814STA,12mm Ramp - Antique Brass (1800 mm),Stairrods,Ballister,Ancillaries,Profile,22.12,70.0,84.0,,
AN91109STA,12mm Ramp - Antique Bronze (1800 mm),Stairrods,Ballister,Ancillaries,Profile,22.12,70.0,84.0,,
AN29968STA,12mm Ramp - Satin Brass (900 mm),Stairrods,Ballister,Ancillaries,Profile,11.06,35.0,42.0,,
AN94541STA,12mm Ramp - Brass (2700 mm),Stairrods,Ballister,Ancillaries,Profile,33.18,87.5,105.0,,
AN23848STA,12mm Ramp - Brass (1800 mm),Stairrods,Ballister,Ancillaries,Profile,22.12,70.0,84.0,,
AN98306STA,12mm Ramp - Pewter (2700 mm),Stairrods,Ballister,Ancillaries,Profile,33.18,87.5,105.0,,
AN25773STA,12mm Ramp - Chrome (1800 mm),Stairrods,Ballister,Ancillaries,Profile,22.12,70.0,84.0,,
AN38855STA,12mm Ramp - Antique Bronze (2700 mm),Stairrods,Ballister,Ancillaries,Profile,33.18,87.5,105.0,,
AN78714STA,12mm Ramp - Satin Brass (1800 mm),Stairrods,Ballister,Ancillaries,Profile,22.12,70.0,84.0,,
AN58571STA,12mm Ramp - Polished Nickel (2700 mm),Stairrods,Ballister,Ancillaries,Profile,33.18,87.5,105.0,,
AN58048STA,12mm Ramp - Satin Nickel (900 mm),Stairrods,Ballister,Ancillaries,Profile,11.06,35.0,42.0,,
AN31956STA,EasyShim (15 mm),Stairrods,Ballister,Ancillaries,Profile,6.3,12.08,14.495999999999999,,
AN47056STA,EasyShim (6 mm),Stairrods,Ballister,Ancillaries,Profile,1.52,12.08,14.495999999999999,,
AN17126STA,EasyShim (9 mm),Stairrods,Ballister,Ancillaries,Profile,1.64,12.08,14.495999999999999,,
AN96784STA,EasyShim (12 mm),Stairrods,Ballister,Ancillaries,Profile,5.56,12.08,14.495999999999999,,
AN29082STA,Jubilee Stair Rod - Satin (700 mm),Stairrods,Ballister,Ancillaries,Stair Rod,5.1,15.83,18.996,,
AN71280STA,Jubilee Stair Rod - Ivory (890 mm),Stairrods,Ballister,Ancillaries,Stair Rod,6.14,17.08,20.496,,
AN85504STA,Jubilee Stair Rod - Black (1500 mm),Stairrods,Ballister,Ancillaries,Stair Rod,8.22,19.17,23.004,,
AN71749STA,Jubilee Stair Rod - Pewter (1500 mm),Stairrods,Ballister,Ancillaries,Stair Rod,8.22,19.17,23.004,,
AN85531STA,Jubilee Stair Rod - Bronze (890 mm),Stairrods,Ballister,Ancillaries,Stair Rod,6.14,17.08,20.496,,
AN21417STA,Homepride Runner Stair Rod - Black (1500 mm),Stairrods,Ballister,Ancillaries,Stair Rod,14.27,25.0,30.0,,
AN20613STA,Homepride Fully Fitted Stair Rod - Chrome (700 mm),Stairrods,Ballister,Ancillaries,Stair Rod,7.46,19.17,23.004,,
AN95362STA,Homepride Runner Stair Rod - Bronze (1500 mm),Stairrods,Ballister,Ancillaries,Stair Rod,14.27,25.0,30.0,,
AN86064STA,Jubilee Stair Rod - Brass (890 mm),Stairrods,Ballister,Ancillaries,Stair Rod,6.14,17.08,20.496,,
AN89069STA,Homepride Fully Fitted Stair Rod - Ivory (890 mm),Stairrods,Ballister,Ancillaries,Stair Rod,9.47,21.67,26.004,,
AN31414STA,Jubilee Stair Rod - Chrome (700 mm),Stairrods,Ballister,Ancillaries,Stair Rod,5.1,15.83,18.996,,
AN32268STA,Homepride Runner Stair Rod - Antique (700 mm),Stairrods,Ballister,Ancillaries,Stair Rod,8.03,19.58,23.496,,
AN74148STA,Jubilee Stair Rod - Chrome (1500 mm),Stairrods,Ballister,Ancillaries,Stair Rod,8.22,19.17,23.004,,
AN20494STA,Homepride Runner Stair Rod - Ivory (890 mm),Stairrods,Ballister,Ancillaries,Stair Rod,10.11,21.25,25.5,,
AN47676STA,Homepride Runner Stair Rod - Black (1200 mm),Stairrods,Ballister,Ancillaries,Stair Rod,12.19,23.33,27.996,,
AN74460STA,Homepride Fully Fitted Stair Rod - Pewter (890 mm),Stairrods,Ballister,Ancillaries,Stair Rod,9.47,21.67,26.004,,
AN48610STA,Homepride Runner Stair Rod - Ivory (1500 mm),Stairrods,Ballister,Ancillaries,Stair Rod,14.27,25.0,30.0,,
AN73179STA,Homepride Fully Fitted Stair Rod - Ivory (700 mm),Stairrods,Ballister,Ancillaries,Stair Rod,7.46,19.17,23.004,,
AN73074STA,Homepride Runner Stair Rod - Bronze (1200 mm),Stairrods,Ballister,Ancillaries,Stair Rod,12.19,23.33,27.996,,
AN73039STA,Homepride Fully Fitted Stair Rod - Brass (890 mm),Stairrods,Ballister,Ancillaries,Stair Rod,9.47,21.67,26.004,,
AN28529STA,Homepride Runner Stair Rod - Bronze (890 mm),Stairrods,Ballister,Ancillaries,Stair Rod,10.11,21.25,25.5,,
AN50708STA,Jubilee Stair Rod - Brass (1200 mm),Stairrods,Ballister,Ancillaries,Stair Rod,7.18,18.33,21.996,,
AN13446STA,Jubilee Stair Rod - Bronze (1500 mm),Stairrods,Ballister,Ancillaries,Stair Rod,8.22,19.17,23.004,,
AN51407STA,Homepride Fully Fitted Stair Rod - Brass (700 mm),Stairrods,Ballister,Ancillaries,Stair Rod,7.46,19.17,23.004,,
AN72882STA,Homepride Fully Fitted Stair Rod - Black (890 mm),Stairrods,Ballister,Ancillaries,Stair Rod,9.47,21.67,26.004,,
AN43924STA,Jubilee Stair Rod - Antique (1200 mm),Stairrods,Ballister,Ancillaries,Stair Rod,7.18,18.33,21.996,,
AN17766STA,Jubilee Stair Rod - Ivory (700 mm),Stairrods,Ballister,Ancillaries,Stair Rod,5.1,15.83,18.996,,
AN52937STA,Homepride Fully Fitted Stair Rod - Chrome (1200 mm),Stairrods,Ballister,Ancillaries,Stair Rod,11.56,23.33,27.996,,
AN28197STA,Jubilee Stair Rod - Ivory (1200 mm),Stairrods,Ballister,Ancillaries,Stair Rod,7.18,18.33,21.996,,
AN19200STA,Jubilee Stair Rod - Black (890 mm),Stairrods,Ballister,Ancillaries,Stair Rod,6.14,17.08,20.496,,
AN54052STA,Jubilee Stair Rod - Chrome (1200 mm),Stairrods,Ballister,Ancillaries,Stair Rod,7.18,18.33,21.996,,
AN54082STA,Homepride Runner Stair Rod - Brass (890 mm),Stairrods,Ballister,Ancillaries,Stair Rod,10.11,21.25,25.5,,
AN54404STA,Homepride Fully Fitted Stair Rod - Antique (700 mm),Stairrods,Ballister,Ancillaries,Stair Rod,7.46,19.17,23.004,,
AN27730STA,Jubilee Stair Rod - Pewter (890 mm),Stairrods,Ballister,Ancillaries,Stair Rod,6.14,17.08,20.496,,
AN27199STA,Homepride Runner Stair Rod - Black (700 mm),Stairrods,Ballister,Ancillaries,Stair Rod,8.03,19.58,23.496,,
AN75546STA,Homepride Fully Fitted Stair Rod - Antique (890 mm),Stairrods,Ballister,Ancillaries,Stair Rod,9.47,21.67,26.004,,
AN21690STA,Homepride Runner Stair Rod - Ivory (1200 mm),Stairrods,Ballister,Ancillaries,Stair Rod,12.19,23.33,27.996,,
AN39578STA,Homepride Runner Stair Rod - Pewter (1200 mm),Stairrods,Ballister,Ancillaries,Stair Rod,12.19,23.33,27.996,,
AN55432STA,Homepride Runner Stair Rod - Antique (1500 mm),Stairrods,Ballister,Ancillaries,Stair Rod,14.27,25.0,30.0,,
AN14081STA,Homepride Fully Fitted Stair Rod - Ivory (1200 mm),Stairrods,Ballister,Ancillaries,Stair Rod,11.56,23.33,27.996,,
AN93127STA,Homepride Runner Stair Rod - Antique (890 mm),Stairrods,Ballister,Ancillaries,Stair Rod,10.11,21.25,25.5,,
AN63939STA,Homepride Fully Fitted Stair Rod - Pewter (700 mm),Stairrods,Ballister,Ancillaries,Stair Rod,7.46,19.17,23.004,,
AN56014STA,Jubilee Stair Rod - Brass (700 mm),Stairrods,Ballister,Ancillaries,Stair Rod,5.1,15.83,18.996,,
AN41898STA,Jubilee Stair Rod - Pewter (700 mm),Stairrods,Ballister,Ancillaries,Stair Rod,5.1,15.83,18.996,,
AN76590STA,Homepride Runner Stair Rod - Chrome (1500 mm),Stairrods,Ballister,Ancillaries,Stair Rod,14.27,25.0,30.0,,
AN44758STA,Homepride Fully Fitted Stair Rod - Pewter (1200 mm),Stairrods,Ballister,Ancillaries,Stair Rod,11.56,23.33,27.996,,
AN57596STA,Jubilee Stair Rod - Black (1200 mm),Stairrods,Ballister,Ancillaries,Stair Rod,7.18,18.33,21.996,,
AN57804STA,Homepride Runner Stair Rod - Brass (700 mm),Stairrods,Ballister,Ancillaries,Stair Rod,8.03,19.58,23.496,,
AN93712STA,Homepride Fully Fitted Stair Rod - Black (700 mm),Stairrods,Ballister,Ancillaries,Stair Rod,7.46,19.17,23.004,,
AN78144STA,Homepride Runner Stair Rod - Chrome (890 mm),Stairrods,Ballister,Ancillaries,Stair Rod,10.11,21.25,25.5,,
AN39127STA,Homepride Fully Fitted Stair Rod - Bronze (890 mm),Stairrods,Ballister,Ancillaries,Stair Rod,9.47,21.67,26.004,,
AN39101STA,Jubilee Stair Rod - Antique (890 mm),Stairrods,Ballister,Ancillaries,Stair Rod,6.14,17.08,20.496,,
AN78791STA,Jubilee Stair Rod - Satin (890 mm),Stairrods,Ballister,Ancillaries,Stair Rod,6.14,17.08,20.496,,
AN59223STA,Jubilee Stair Rod - Satin (1500 mm),Stairrods,Ballister,Ancillaries,Stair Rod,8.22,19.17,23.004,,
AN15822STA,Homepride Fully Fitted Stair Rod - Antique (1200 mm),Stairrods,Ballister,Ancillaries,Stair Rod,11.56,23.33,27.996,,
AN79001STA,Jubilee Stair Rod - Antique (1500 mm),Stairrods,Ballister,Ancillaries,Stair Rod,8.22,19.17,23.004,,
AN27171STA,Homepride Runner Stair Rod - Brass (1500 mm),Stairrods,Ballister,Ancillaries,Stair Rod,14.27,25.0,30.0,,
AN79170STA,Jubilee Stair Rod - Brass (1500 mm),Stairrods,Ballister,Ancillaries,Stair Rod,8.22,19.17,23.004,,
AN26932STA,Homepride Fully Fitted Stair Rod - Chrome (890 mm),Stairrods,Ballister,Ancillaries,Stair Rod,9.47,21.67,26.004,,
AN61364STA,Homepride Fully Fitted Stair Rod - Bronze (700 mm),Stairrods,Ballister,Ancillaries,Stair Rod,7.46,19.17,23.004,,
AN13963STA,Homepride Fully Fitted Stair Rod - Black (1200 mm),Stairrods,Ballister,Ancillaries,Stair Rod,11.56,23.33,27.996,,
AN26868STA,Homepride Runner Stair Rod - Pewter (700 mm),Stairrods,Ballister,Ancillaries,Stair Rod,8.03,19.58,23.496,,
AN97188STA,Jubilee Stair Rod - Chrome (890 mm),Stairrods,Ballister,Ancillaries,Stair Rod,6.14,17.08,20.496,,
AN80426STA,Homepride Runner Stair Rod - Satin Nickel (1200 mm),Stairrods,Ballister,Ancillaries,Stair Rod,12.19,23.33,27.996,,
AN91747STA,Homepride Fully Fitted Stair Rod - Satin Nickel (1200 mm),Stairrods,Ballister,Ancillaries,Stair Rod,11.56,23.33,27.996,,
AN63239STA,Jubilee Stair Rod - Antique (700 mm),Stairrods,Ballister,Ancillaries,Stair Rod,5.1,15.83,18.996,,
AN37297STA,Homepride Runner Stair Rod - Antique (1200 mm),Stairrods,Ballister,Ancillaries,Stair Rod,12.19,23.33,27.996,,
AN64306STA,Jubilee Stair Rod - Black (700 mm),Stairrods,Ballister,Ancillaries,Stair Rod,5.1,15.83,18.996,,
AN16765STA,Jubilee Stair Rod - Ivory (1500 mm),Stairrods,Ballister,Ancillaries,Stair Rod,8.22,19.17,23.004,,
AN25679STA,Homepride Runner Stair Rod - Black (890 mm),Stairrods,Ballister,Ancillaries,Stair Rod,10.11,21.25,25.5,,
AN24033STA,Homepride Runner Stair Rod - Brass (1200 mm),Stairrods,Ballister,Ancillaries,Stair Rod,12.19,23.33,27.996,,
AN37263STA,Homepride Runner Stair Rod - Chrome (700 mm),Stairrods,Ballister,Ancillaries,Stair Rod,8.03,19.58,23.496,,
AN22205STA,Homepride Runner Stair Rod - Pewter (890 mm),Stairrods,Ballister,Ancillaries,Stair Rod,10.11,21.25,25.5,,
AN21587STA,Homepride Runner Stair Rod - Pewter (1500 mm),Stairrods,Ballister,Ancillaries,Stair Rod,14.27,25.0,30.0,,
AN37099STA,Homepride Runner Stair Rod - Bronze (700 mm),Stairrods,Ballister,Ancillaries,Stair Rod,8.03,19.58,23.496,,
AN12499STA,Homepride Runner Stair Rod - Satin Nickel (890 mm),Stairrods,Ballister,Ancillaries,Stair Rod,10.11,21.25,25.5,,
AN36087STA,Homepride Fully Fitted Stair Rod - Brass (1200 mm),Stairrods,Ballister,Ancillaries,Stair Rod,11.56,23.33,27.996,,
AN82516STA,Homepride Runner Stair Rod - Satin Nickel (1500 mm),Stairrods,Ballister,Ancillaries,Stair Rod,14.27,25.0,30.0,,
AN82618STA,Jubilee Stair Rod - Satin (1200 mm),Stairrods,Ballister,Ancillaries,Stair Rod,7.18,18.33,21.996,,
AN17904STA,Homepride Runner Stair Rod - Chrome (1200 mm),Stairrods,Ballister,Ancillaries,Stair Rod,12.19,23.33,27.996,,
AN34864STA,Homepride Runner Stair Rod - Satin Nickel (700 mm),Stairrods,Ballister,Ancillaries,Stair Rod,8.03,19.58,23.496,,
AN83237STA,Homepride Fully Fitted Stair Rod - Bronze (1200 mm),Stairrods,Ballister,Ancillaries,Stair Rod,11.56,23.33,27.996,,
AN31122STA,Homepride Fully Fitted Stair Rod - Satin Nickel (890 mm),Stairrods,Ballister,Ancillaries,Stair Rod,9.47,21.67,26.004,,
AN68013STA,Jubilee Stair Rod - Bronze (700 mm),Stairrods,Ballister,Ancillaries,Stair Rod,5.1,15.83,18.996,,
AN16405STA,Jubilee Stair Rod - Pewter (1200 mm),Stairrods,Ballister,Ancillaries,Stair Rod,7.18,18.33,21.996,,
AN84903STA,Homepride Runner Stair Rod - Ivory (700 mm),Stairrods,Ballister,Ancillaries,Stair Rod,8.03,19.58,23.496,,
AN69315STA,Homepride Fully Fitted Stair Rod - Satin Nickel (700 mm),Stairrods,Ballister,Ancillaries,Stair Rod,7.46,19.17,23.004,,
AN85297STA,Jubilee Stair Rod - Bronze (1200 mm),Stairrods,Ballister,Ancillaries,Stair Rod,7.18,18.33,21.996,,
AN81814FIB,Intec Stain Treatment,Fibre,Fibre,Ancillaries,Maintenance,1.7,3.33,3.996,,
AN82744FLS,White Scotia 16x16mm (2.4m),Flooring Sales,Flooring Sales,Ancillaries,Other,1.61,6.0,7.199999999999999,,
AN48992HAR,Universal LVT Adhesive (1 L),Harvey Maria,Harvey Maria,Ancillaries,Adhesive,9.3,13.29,15.947999999999999,,
AN97835HAR,Universal LVT Adhesive (5 L),Harvey Maria,Harvey Maria,Ancillaries,Adhesive,24.5,35.0,42.0,,
AN10992HAR,Universal LVT Adhesive (2.5 L),Harvey Maria,Harvey Maria,Ancillaries,Adhesive,15.2,21.67,26.004,,
AN55266LAM,Lamett PG MS Adhesive (15kg),Lamett,Lamett,Ancillaries,Adhesive,57.9,162.5,195.0,,
AN93976LAM,ParquetVinyl Master Care,Lamett,Lamett,Ancillaries,Maintenance,9.78,20.83,24.996,,
AN31697LAM,Lamett Universal Maintenance Kit (White Oiled),Lamett,Lamett,Ancillaries,Maintenance,18.22,37.5,45.0,,
AN16094LAM,Lamett Universal Maintenance Kit (Oiled),Lamett,Lamett,Ancillaries,Maintenance,18.22,37.5,45.0,,
AN27249LAM,Lamett Universal Maintenance Kit (Lacquered),Lamett,Lamett,Ancillaries,Maintenance,17.93,37.5,45.0,,
AN73645LAM,Lamett Unfinished 3-in-1 Profile (2.15 M),Lamett,Lamett,Ancillaries,Profile,15.27,40.83,48.995999999999995,,
AN30002LAM,Lamett Matching 3-in-1 Profile (2.15 M),Lamett,Lamett,Ancillaries,Profile,25.82,65.83,78.996,,
AN96306PAR,Parador 3-in-1 Profile (1 M),Parador,Parador,Ancillaries,Profile,8.96,16.66666667,20.000000004,,
AN59136PRL,Profile Nosing (2.70 M),Parallel,Parallel,Ancillaries,Profile,70.0,116.67,140.004,,
AN77717PRL,Furlong Radiator Pipe Covers (Pair),Parallel,Parallel,Ancillaries,Profile,5.5,15.83,18.996,,
AN58287PRL,Furlong Overlapping Nosing (0.99 M),Parallel,Parallel,Ancillaries,Profile,32.03,49.17,59.004,,
AN33991PRL,Furlong Profile Semi-Ramp (0.99 M),Parallel,Parallel,Ancillaries,Profile,13.81,29.17,35.004,,
AN96579PRL,Furlong Profile Ramp (0.99 M),Parallel,Parallel,Ancillaries,Profile,14.59,29.17,35.004,,
AN91336PRL,Furlong Profile Twin (0.99 M),Parallel,Parallel,Ancillaries,Profile,12.7,29.17,35.004,,
AN98876PRL,Furlong Profile L/End (0.99 M),Parallel,Parallel,Ancillaries,Profile,11.37,29.17,35.004,,
AN53395PRL,Furlong Overlapping Nosing (2.0 M),Parallel,Parallel,Ancillaries,Profile,52.85,90.83,108.996,,
AN27584PRL,Furlong Profile Semi-Ramp (3.0 M),Parallel,Parallel,Ancillaries,Profile,41.85,82.5,99.0,,
AN61254PRL,Furlong Profile Ramp (3.0 M),Parallel,Parallel,Ancillaries,Profile,44.21,82.5,99.0,,
AN12468PRL,Profile L/End (0.90 M),Parallel,Parallel,Ancillaries,Profile,20.0,32.5,39.0,,
AN78765PRL,Profile Twin (0.90 M),Parallel,Parallel,Ancillaries,Profile,20.0,32.5,39.0,,
AN35210PRL,Profile Ramp (0.90 M),Parallel,Parallel,Ancillaries,Profile,20.0,32.5,39.0,,
AN91172PRL,Profile Semi-Ramp (0.90 M),Parallel,Parallel,Ancillaries,Profile,20.0,32.5,39.0,,
AN37227PRL,Profile Nosing (0.90),Parallel,Parallel,Ancillaries,Profile,35.0,49.17,59.004,,
AN73026PRL,Radiator Pipe Covers (Pair),Parallel,Parallel,Ancillaries,Profile,10.0,15.83,18.996,,
AN44001PRL,Profile L/End (2.70 M),Parallel,Parallel,Ancillaries,Profile,40.0,87.5,105.0,,
AN15245PRL,Profile Twin (2.70 M),Parallel,Parallel,Ancillaries,Profile,40.0,87.5,105.0,,
AN24419PRL,Profile Ramp (2.70 M),Parallel,Parallel,Ancillaries,Profile,40.0,87.5,105.0,,
AN26998PRL,Furlong Profile Twin (3.0 M),Parallel,Parallel,Ancillaries,Profile,38.5,82.5,99.0,,
AN62395PRL,Furlong Profile L/End (3.0 M),Parallel,Parallel,Ancillaries,Profile,34.45,82.5,99.0,,
AN97277PRL,Profile Semi-Ramp (2.70 M),Parallel,Parallel,Ancillaries,Profile,40.0,87.5,105.0,,
AN29884FBA,F30 Seaming Adhesive (500 ml) [& Dispenser],F Ball,Salesmark West,Ancillaries,Adhesive,13.72,29.17,35.004,,
AN73997FBA,F3 Adhesive (5 L),F Ball,Salesmark West,Ancillaries,Adhesive,21.66,45.833333333333,54.9999999999996,,
AN47780FBA,F41 Tackifier (5 L),F Ball,Salesmark West,Ancillaries,Adhesive,23.55,40.833333333333,48.9999999999996,,
AN28959FBA,F597 Environmentally Friendly Spray Adhesive,F Ball,Salesmark West,Ancillaries,Adhesive,2.45,10.42,12.504,,
AN93334FBA,F46 Pressure Sensitive Adhesive (5 lt),F Ball,Salesmark West,Ancillaries,Adhesive,32.28,54.17,65.004,,
AN44305FBA,F157 Premium Gripper (Short-Pin),F Ball,Salesmark West,Ancillaries,Gripper,0.23,0.83,0.9959999999999999,,
AN67410FBA,StopGap 300 Levelling Compound (20 kg),F Ball,Salesmark West,Ancillaries,Sub floor works,18.43,37.5,45.0,,
AN93595FBA,P131 Primer (5 L),F Ball,Salesmark West,Ancillaries,Sub floor works,30.5,50.0,60.0,,
AN99518FBA,P141 Primer (5 L),F Ball,Salesmark West,Ancillaries,Sub floor works,42.24,58.33,69.996,,
AN93781FBA,StopGap 1200 (2-Part) Levelling Compound (20 kg),F Ball,Salesmark West,Ancillaries,Sub floor works,19.9,37.5,45.0,,
AN52937FBA,StopGap 700 Levelling Compound (20 kg),F Ball,Salesmark West,Ancillaries,Sub floor works,30.02,49.17,59.004,,
AN98279FLO,F538 Woodworking PVA Adhesive (1 L),Floorwise,Salesmark West,Ancillaries,Adhesive,2.25,12.5,15.0,,
AN65346FLO,F167 Diamond Gripper,Floorwise,Salesmark West,Ancillaries,Gripper,0.26,0.83,0.9959999999999999,,
AN62074FLO,F500 Clear Sealant (310 ml),Floorwise,Salesmark West,Ancillaries,Sealant,0.29,12.08,14.495999999999999,,
AN68501FLO,F500 White Sealant (310 ml),Floorwise,Salesmark West,Ancillaries,Sealant,0.29,12.08,14.495999999999999,,
AN94968FLO,Prestige Combi Underlay (11 mm),Floorwise,Salesmark West,Ancillaries,Underlay,3.43,7.9166666666667,9.500000000000039,,
AN86466FLO,Thermaflow Underlay (0.79 TOG / 6.75mm),Floorwise,Salesmark West,Ancillaries,Underlay,5.67,11.25,13.5,,
AN32287FLO,Optima Underlay (Durafit) (1.40 TOG / 8 mm),Floorwise,Salesmark West,Ancillaries,Underlay,5.73,11.25,13.5,,
AN44120FLO,Elegance Underlay (2.68 TOG / 10mm),Floorwise,Salesmark West,Ancillaries,Underlay,3.81,7.92,9.504,,
AN38877FLO,Allure Underlay (2.89 TOG / 11mm),Floorwise,Salesmark West,Ancillaries,Underlay,2.46,7.92,9.504,,
AN38541GEN,SP101 5.5mm Ply (1.22 x 2.44),Generic,Salesmark West,Ancillaries,Sub floor works,24.28,40.83,48.995999999999995,,
AN20683GEN,Coloured Scotia (2.4 M Length),Generic,Salesmark West,Ancillaries,Profile,3.17,6.25,7.5,,
AN20986GRI,FW007 Floorworks Microplast Gripper,Gripperrods,Salesmark West,Ancillaries,Gripper,0.55,2.5,3.0,,
AN98400INT,C110 Contract Gripper (3-row),Interfloor,Salesmark West,Ancillaries,Gripper,0.61,2.5,3.0,,
AN68053PRO,Probond PR260 Primer (5 L),Probond,SASGO,Ancillaries,Sub floor works,24.91,40.83,48.995999999999995,,
AN80933PRO,Probond PR298 2-Part Epoxy DPM (Solvent Free) (10 kg),Probond,SASGO,Ancillaries,Sub floor works,96.36,158.33,189.996,,
AN78120PRO,Probond FL330 Fine Flowing Smooth Levelling Compound (20 kg),Probond,SASGO,Ancillaries,Sub floor works,15.0,33.333333333333,39.9999999999996,,
AN63272PRO,Probond FL390 2 Part Rapid Setting Levelling Compound (20 kg),Probond,SASGO,Ancillaries,Sub floor works,19.8,37.5,45.0,,
AN59784PRO,Probond PR295 Moisture Suppressant (5 kg),Probond,SASGO,Ancillaries,Sub floor works,48.61,104.16666666667,125.000000000004,,
AN66467SAS,9mm Flooring Grade Ply (8' X 4'),SASGO,SASGO,Ancillaries,Sub floor works,21.59,32.5,39.0,,
AN23057SAS,12mm Flooring Grade Ply (8' X 4'),SASGO,SASGO,Ancillaries,Sub floor works,26.99,39.58,47.495999999999995,,
AN51613TED,Ted Todd MS Flex Adhesive (15kg),Ted Todd,Ted Todd,Ancillaries,Adhesive,53.95,157.5,189.0,,
AN13976TED,Ted Todd Care Kit - System 3 (Whitened Lacq. & Hardened Oil),Ted Todd,Ted Todd,Ancillaries,Maintenance,41.63,57.5,69.0,,
AN71079TED,Ted Todd Care Kit - System 4 (Whitened Natural & Hardwax Oil),Ted Todd,Ted Todd,Ancillaries,Maintenance,45.1,57.5,69.0,,
AN40245TED,Ted Todd Care Kit - System 1 (Lacq. & Hardened Oil),Ted Todd,Ted Todd,Ancillaries,Maintenance,36.08,50.0,60.0,,
AN13619TED,Ted Todd Easy Clean 1 lt (Lacq. & Hardened Oil),Ted Todd,Ted Todd,Ancillaries,Maintenance,9.69,11.63,13.956000000000001,,
AN55461TED,Ted Todd Care Kit - System 2 (Natural & Hardwax Oil),Ted Todd,Ted Todd,Ancillaries,Maintenance,38.85,54.17,65.004,,
AN73393TED,Ted Todd Oak Radiator Pipe Covers (Pair),Ted Todd,Ted Todd,Ancillaries,Other,13.82,20.73,24.876,,
AN18381TED,Ted Todd Fidbox - Climatic Monitoring System,Ted Todd,Ted Todd,Ancillaries,Other,182.57,219.08,262.896,,
AN18120TED,Ted Todd Oak L/End (2.35 M),Ted Todd,Ted Todd,Ancillaries,Profile,29.9,59.8,71.75999999999999,,
AN23373TED,Ted Todd Oak Cover Strip 6mm X 34mm (2.35 M),Ted Todd,Ted Todd,Ancillaries,Profile,23.9,47.8,57.35999999999999,,
AN23629TED,Ted Todd Oak (T&G) Stair Nosing (2.35 M),Ted Todd,Ted Todd,Ancillaries,Profile,50.9,101.8,122.16,,
AN26054TED,Ted Todd Oak Scotia (Beading) (2.35 M),Ted Todd,Ted Todd,Ancillaries,Profile,13.82,27.64,33.168,,
AN26751TED,Ted Todd Oak Semi-Ramp (2.35 M),Ted Todd,Ted Todd,Ancillaries,Profile,29.9,59.8,71.75999999999999,,
AN34855TED,Ted Todd Oak T-Section (2.35 M),Ted Todd,Ted Todd,Ancillaries,Profile,28.4,56.8,68.16,,
AN44786TED,Ted Todd Oak Ramp (0.96 M),Ted Todd,Ted Todd,Ancillaries,Profile,21.9,43.8,52.559999999999995,,
AN57954TED,Ted Todd Oak T-Section (0.96 M),Ted Todd,Ted Todd,Ancillaries,Profile,16.6,33.2,39.84,,
AN78912TED,Ted Todd Oak Cover Strip 6mm X 44mm (2.35 M),Ted Todd,Ted Todd,Ancillaries,Profile,24.9,49.8,59.75999999999999,,
AN82270TED,Ted Todd Oak Ramp (2.35 M),Ted Todd,Ted Todd,Ancillaries,Profile,40.9,81.8,98.16,,
AN85384TED,Ted Todd Oak L/End (0.96 M),Ted Todd,Ted Todd,Ancillaries,Profile,18.9,37.8,45.35999999999999,,
AN86571TED,Ted Todd Oak (T&G) Stair Nosing (0.96 M),Ted Todd,Ted Todd,Ancillaries,Profile,30.9,61.8,74.16,,
AN89879TED,Ted Todd Oak Semi-Ramp (0.96 M),Ted Todd,Ted Todd,Ancillaries,Profile,18.9,37.8,45.35999999999999,,
AN79773TED,Ted Todd Olympia 3.6mm Underlay (15 SQM),Ted Todd,Ted Todd,Ancillaries,Underlay,82.6,137.67,165.20399999999998,,
AN65517TED,Ted Todd Amphion 5.0mm Underlay (15 SQM),Ted Todd,Ted Todd,Ancillaries,Underlay,118.72,197.87,237.444,,
AN79303ULS,Axfelt Triple Layer Underlay,Ulster Carpets,Ulster Carpets,Ancillaries,Underlay,4.1,11.25,13.5,,
AN93773QUI,Quickstep Laminate Incizo Doorbar (2.15 M),Quickstep,Unilin,Ancillaries,Profile,15.241666666667,32.5,39.0,,
AN44698VFX,Flatbead Oak Satin Lacquer (2.4m),V4,V4,Ancillaries,Other,3.99,12.5,15.0,,
AN19311WOO,Woodpecker MS Parquet Adhesive (16kg),Woodpecker,Woodpecker,Ancillaries,Adhesive,88.0,161.33,193.596,,
AN61349WOO,Woodpecker Cleaning Kit (Oiled),Woodpecker,Woodpecker,Ancillaries,Maintenance,22.0,40.33,48.395999999999994,,
AN26632WOO,Woodpecker Cleaning Kit (Lacquered/Laminate),Woodpecker,Woodpecker,Ancillaries,Maintenance,22.0,40.33,48.395999999999994,,
AN69564WOO,Woodpecker Cleaning Liquid (Oiled Floors),Woodpecker,Woodpecker,Ancillaries,Maintenance,5.0,9.17,11.004,,
AN30278WOO,Woodpecker Cleaning Liquid (Lacquered Floors),Woodpecker,Woodpecker,Ancillaries,Maintenance,5.0,9.17,11.004,,
AN13140WOO,Woodpecker Oak Flat Trim 22mm (1.8 M),Woodpecker,Woodpecker,Ancillaries,Profile,35.0,64.17,77.004,,
AN14619WOO,Woodpecker Oak Ramp (1.8 M),Woodpecker,Woodpecker,Ancillaries,Profile,40.5,74.25,89.1,,
AN28674WOO,WP Contour Brass Inlay (1.8M) (9.5mm X 3mm),Woodpecker,Woodpecker,Ancillaries,Profile,23.5,43.08,51.696,,
AN29116WOO,Woodpecker Oak T&G Nosing (1.8 M),Woodpecker,Woodpecker,Ancillaries,Profile,60.0,110.0,132.0,,
AN30248WOO,Woodpecker Oak Ramp (0.9 M),Woodpecker,Woodpecker,Ancillaries,Profile,22.0,40.33,48.395999999999994,,
AN36163WOO,Woodpecker Oak T&G Nosing (0.9 M),Woodpecker,Woodpecker,Ancillaries,Profile,32.5,59.58,71.496,,
AN46229WOO,Woodpecker Oak L/End (0.9 M),Woodpecker,Woodpecker,Ancillaries,Profile,19.5,35.75,42.9,,
AN50209WOO,Woodpecker Oak Twin (0.9 M),Woodpecker,Woodpecker,Ancillaries,Profile,19.5,35.75,42.9,,
AN54369WOO,Woodpecker Oak Radiator Pipe Covers (Pair),Woodpecker,Woodpecker,Ancillaries,Profile,9.5,15.83,18.996,,
AN54908WOO,Woodpecker Oak Flat Trim 22mm (1.2 M),Woodpecker,Woodpecker,Ancillaries,Profile,25.0,45.83,54.995999999999995,,
AN58977WOO,Woodpecker Oak Overlapping Nosing (0.9 M),Woodpecker,Woodpecker,Ancillaries,Profile,32.5,59.58,71.496,,
AN59047WOO,Woodpecker Oak Flat Trim 44mm (1.2 M),Woodpecker,Woodpecker,Ancillaries,Profile,27.0,49.5,59.4,,
AN60598WOO,Woodpecker Oak L/End (1.8 M),Woodpecker,Woodpecker,Ancillaries,Profile,36.0,66.0,79.2,,
AN60611WOO,Woodpecker Oak Semi-Ramp (1.8 M),Woodpecker,Woodpecker,Ancillaries,Profile,40.5,74.25,89.1,,
AN61858WOO,Woodpecker Oak Overlapping Nosing (1.8 M),Woodpecker,Woodpecker,Ancillaries,Profile,60.0,110.0,132.0,,
AN65926WOO,Woodpecker Oak Flat Trim 44mm (1.8 M),Woodpecker,Woodpecker,Ancillaries,Profile,37.0,67.83,81.396,,
AN86753WOO,Woodpecker Oak Semi-Ramp (0.9 M),Woodpecker,Woodpecker,Ancillaries,Profile,22.0,40.33,48.395999999999994,,
AN87913WOO,Woodpecker Oak Twin (1.8 M),Woodpecker,Woodpecker,Ancillaries,Profile,36.0,66.0,79.2,,
AN94327WOO,WP Contour Stainless Steel Inlay (1.8M) (9.5mm X 3mm),Woodpecker,Woodpecker,Ancillaries,Profile,23.5,43.08,51.696,,
AN99980WOO,Woodpecker Oak Scotia (Beading) (1.8M),Woodpecker,Woodpecker,Ancillaries,Profile,13.0,23.83,28.595999999999997,,
AN80825WOO,Woodpecker Floormate Underlay 3.6mm (10 SQM),Woodpecker,Woodpecker,Ancillaries,Underlay,32.5,59.58,71.496,,
