SKU,Product,Manufacturer,Category,Type,Thickness,Pack Quantity,Width,Length,Colours,Cost ex VAT,Sell ex VAT,Sell inc VAT,Twickenham,Richmond,Discontinued?,Show on Website?
RE92598LAM,Yukon,Lamett,Vinyl,SPC,4+1,2.348,176,1213,"Beach, Desert Dune, Mistral, Sea Stone, Smoked Grey, Tan",20.02,40.83333333333333,49.0,Yes,,,Yes
RE73681LAM,Yukon Herringbone,Lamett,Vinyl,SPC,4+1,2.269,123,615,"Desert Dune, Mistral, Smoked Grey, Tan",23.77,45.83333333333333,55.0,Yes,,,Yes
RE22525LAM,Sava Herringbone,Lamett,Vinyl,SPC,4+1,2.269,123,615,"Sand, Almond",23.6,45.0,54.0,Yes,,,Yes
RE77492LAM,Tarn,Lamett,Vinyl,SPC,4+1,2.348,176,1213,"Canyon, Chestnut, Cider, Clay, Copper, Vanilla Fudge, Whiskey",24.44,49.16666666666667,59.0,Yes,,,Yes
RE54420LAM,Mantaro,Lamett,Vinyl,SPC,5.5+1,1.777,232,1532,"Fossil, Hay, Inca, Mink, Mocha, Pecan, Spice",24.43,46.66666666666667,56.0,Yes,,,Yes
RE20293LAM,Mantaro Herringbone,Lamett,Vinyl,SPC,5.5+1,1.875,125,625,"Fossil, Hay, Inca, Pecan, Spice",25.32,48.33333333333333,58.0,Yes,,,Yes
RE99184LAM,Nakuru,Lamett,Vinyl,SPC,6.5+1,1.271,230,1842,"Baboon, Impala, Ivory, Lion, Rhino, Savanna",29.4,54.16666666666667,65.0,Yes,,,Yes
RE28309LAM,Nakuru Herringbone,Lamett,Vinyl,SPC,6.5+1,1.513,123,615,"Gazelle, Hippo, Kenya, Safari",31.15,57.5,69.0,Yes,,,Yes
RE96532LAM,Caldera 300X600,Lamett,Vinyl,SPC,4+1,2.34,300,600,"Basalt, Grigio, Scuro, Seasalt, Stone",20.02,40.83333333333333,49.0,Yes,,,Yes
RE46875LAM,Caldera 615X615,Lamett,Vinyl,SPC,5.5+1,1.513,615,615,"Basalt, Grigio, Scuro, Seasalt, Stone",27.06,54.16666666666667,65.0,Yes,,,Yes
RE69950LAM,Caldera 615X1230,Lamett,Vinyl,SPC,6.5+1,1.513,615,1230,"Grigio, Scuro",29.75,57.5,69.0,Yes,,,Yes
RE76271LAM,Ivalo,Lamett,Vinyl,SPC,4+1,2.348,176,1213,"Amaranth, Barley, Black, Cane, Dark Malt, Flax, Oat, Roasted Bean, Rye",24.44,49.16666666666667,59.0,Yes,,,Yes
RE97536PAR,Basic 5.3 - Skyline White 1744609,Parador,Vinyl,LVT,5.3,2.176,225,1209,,19.8,44.16666666666667,53.0,,,,
RE38471PAR,Basic 5.3 - Grey Whitewash 1743001,Parador,Vinyl,LVT,5.3,2.176,225,1209,,19.8,44.16666666666667,53.0,,,,
RE54579PAR,Basic 5.3 - Infinity Grey 1744608,Parador,Vinyl,LVT,5.3,2.176,225,1209,,19.8,44.16666666666667,53.0,,,,
RE23364PAR,Basic 5.3 - Oak Natural 1743004,Parador,Vinyl,LVT,5.3,2.176,225,1209,,19.8,44.16666666666667,53.0,,,,
RE68064PAR,Basic 5.3 - Infinity Natural 1744607,Parador,Vinyl,LVT,5.3,2.176,225,1209,,19.8,44.16666666666667,53.0,,,,
RE82765PAR,Trendtime 8 - Imperial Light Grey 1744828,Parador,Vinyl,LVT,6,2.055,225,1522,,20.64,45.83333333333333,55.0,,,,
RE70704PAR,Classic 2070 - Explorer Rock Grey 1744630,Parador,Vinyl,LVT,6,1.904,225,1209,,19.75,44.16666666666667,53.0,,,,
RE58979PAR,Trendtime 8 - Symphony Grey 1744830,Parador,Vinyl,LVT,6,2.055,225,1522,,20.64,45.83333333333333,55.0,,,,
RE99050PAR,Trendtime 8 - Studioline Sanded 1744833,Parador,Vinyl,LVT,6,2.055,225,1522,,20.64,45.83333333333333,55.0,,,,
RE32994PAR,Trendtime 8 - Pacific Natural 1744831,Parador,Vinyl,LVT,6,2.055,225,1522,,20.64,45.83333333333333,55.0,,,,
RE45265PAR,Basic 5.3 - Pastel Grey 1743005,Parador,Vinyl,LVT,5.3,2.176,225,1209,,19.8,44.16666666666667,53.0,,,,
RE82916PAR,Classic 2070 - Oak Sanded 1744621,Parador,Vinyl,LVT,6,1.904,225,1209,,19.75,44.16666666666667,53.0,,,,
RE16922PAR,Basic 5.3 - Oak Memory Natural 1743003,Parador,Vinyl,LVT,5.3,2.176,225,1209,,19.8,44.16666666666667,53.0,,,,
RE64183PAR,Basic 5.3 - Royal Light Limed 1743006,Parador,Vinyl,LVT,5.3,2.176,225,1209,,19.8,44.16666666666667,53.0,,,,
RE93498PAR,Classic 2070 - Natural Mix Grey 1744628,Parador,Vinyl,LVT,6,1.904,225,1209,,19.75,44.16666666666667,53.0,,,,
RE44509PAR,Classic 2070 - Vintage Grey Antique 1744626,Parador,Vinyl,LVT,6,1.904,225,1209,,19.75,44.16666666666667,53.0,,,,
RE57795PAR,Basic 5.3 - Oak Memory Sanded 1743002,Parador,Vinyl,LVT,5.3,2.176,225,1209,,19.8,44.16666666666667,53.0,,,,
RE97432PAR,Basic 5.3 - Studioline Sanded 1743008,Parador,Vinyl,LVT,5.3,2.176,225,1209,,19.8,44.16666666666667,53.0,,,,
RE78181PAR,Basic 5.3 - Sierra Natural 1743007,Parador,Vinyl,LVT,5.3,2.176,225,1209,,19.8,44.16666666666667,53.0,,,,
RE48958PAR,Modular 1 - Spirit Smoked 1730773,Parador,Vinyl,SPC,8,2.493,194,1285,,15.56,35.833333333333336,43.0,,,,
RE62811PAR,Modular 1 - Nordic Grey 1744548,Parador,Vinyl,SPC,8,2.493,194,1285,,15.56,35.833333333333336,43.0,,,,
RE50768PAR,Modular 1 - Atmosphere Sanded 1744544,Parador,Vinyl,SPC,8,2.493,194,1285,,15.56,35.833333333333336,43.0,,,,
RE41434PAR,Modular 1 - Rustic Grey 1730774,Parador,Vinyl,SPC,8,2.493,194,1285,,15.56,35.833333333333336,43.0,,,,
RE99802PAR,Modular 1 - Urban Grey Limed 1730771,Parador,Vinyl,SPC,8,2.493,194,1285,,15.56,35.833333333333336,43.0,,,,
RE14660PAR,Modular 1 - Oak Pure Pearl Grey 1730768,Parador,Vinyl,SPC,8,2.493,194,1285,,15.56,35.833333333333336,43.0,,,,
RE84914PAR,Modular 1 - Urban Light Limed 1730769,Parador,Vinyl,SPC,8,2.493,194,1285,,15.56,35.833333333333336,43.0,,,,
RE61167PAR,Modular 1 'Chateau' - Nordic Grey  1744559,Parador,Vinyl,SPC,8,3.102,194,1285,,21.38,47.5,57.0,,,,
RE32901PAR,Modular 1 'Chateau' - Pure Light 1730803,Parador,Vinyl,SPC,8,3.102,194,1285,,21.38,47.5,57.0,,,,
RE33435PAR,Modular 1 'Chateau' - Urban Grey Limed 1730807,Parador,Vinyl,SPC,8,3.102,194,1285,,21.38,47.5,57.0,,,,
RE14150PAR,Modular 1 - Oak Pure Natural 1730766,Parador,Vinyl,SPC,8,2.493,194,1285,,15.56,35.833333333333336,43.0,,,,
RE40138PAR,Modular 1 - Atmosphere Natural 1744545,Parador,Vinyl,SPC,8,2.493,194,1285,,15.56,35.833333333333336,43.0,,,,
RE39877PAR,Modular 1 'Chateau' - Oak Pure Pearl Grey 1730804,Parador,Vinyl,SPC,8,3.102,194,1285,,21.38,47.5,57.0,,,,
RE44430PAR,Modular 1 'Chateau' - Nordic White 1744558,Parador,Vinyl,SPC,8,3.102,194,1285,,21.38,47.5,57.0,,,,
RE17565PAR,Modular 1 - Cross Cut 1744552,Parador,Vinyl,SPC,8,2.493,194,1285,,15.56,35.833333333333336,43.0,,,,
RE55792WOO,Brecon Glacial Oak,Woodpecker,Vinyl,SPC,6,2.2,180,1220,,25.0,44.16666666666667,53.0,,Yes,,Yes
RE52862WOO,Brecon Ivory Oak,Woodpecker,Vinyl,SPC,6,2.2,180,1220,,25.0,44.16666666666667,53.0,,Yes,,Yes
RE42022WOO,Brecon Barley Oak,Woodpecker,Vinyl,SPC,6,2.2,180,1220,,25.0,44.16666666666667,53.0,,Yes,,Yes
RE70729WOO,Brecon Dove Oak,Woodpecker,Vinyl,SPC,6,2.2,180,1220,,25.0,44.16666666666667,53.0,,Yes,,Yes
RE89437WOO,Brecon Blanche Oak,Woodpecker,Vinyl,SPC,6,2.2,180,1220,,25.0,44.16666666666667,53.0,,Yes,,Yes
RE15526WOO,Brecon Seashell Oak,Woodpecker,Vinyl,SPC,6,2.2,180,1220,,25.0,44.16666666666667,53.0,,Yes,,Yes
RE79238WOO,Brecon Warehouse Oak,Woodpecker,Vinyl,SPC,6,2.2,180,1220,,25.0,44.16666666666667,53.0,,Yes,,Yes
RE66059WOO,Brecon River Oak,Woodpecker,Vinyl,SPC,6,2.2,180,1220,,25.0,44.16666666666667,53.0,,Yes,,Yes
RE81095WOO,Brecon Whisper Oak,Woodpecker,Vinyl,SPC,6,2.2,180,1220,,25.0,44.16666666666667,53.0,,Yes,,Yes
RE64663WOO,Brecon Weathered Oak,Woodpecker,Vinyl,SPC,6,2.2,180,1220,,25.0,44.16666666666667,53.0,,Yes,,Yes
RE23157WOO,Brecon Valley Oak,Woodpecker,Vinyl,SPC,6,2.2,180,1220,,25.0,44.16666666666667,53.0,,Yes,,Yes
RE17499WOO,Brecon Farm Oak,Woodpecker,Vinyl,SPC,6,2.2,180,1220,,25.0,44.16666666666667,53.0,,Yes,,Yes
RE68810WOO,Brecon Vintage Oak,Woodpecker,Vinyl,SPC,6,2.2,180,1220,,25.0,44.16666666666667,53.0,,Yes,,Yes
RE35702WOO,Brecon Heritage Oak,Woodpecker,Vinyl,SPC,6,2.2,180,1220,,25.0,44.16666666666667,53.0,,Yes,,Yes
RE87187WOO,Brecon Bracken Oak,Woodpecker,Vinyl,SPC,6,2.2,180,1220,,25.0,44.16666666666667,53.0,,Yes,,Yes
RE91753WOO,Brecon Shoreline Oak,Woodpecker,Vinyl,SPC,6,2.2,180,1220,,25.0,44.16666666666667,53.0,,Yes,,Yes
RE21394WOO,Brecon Vintage Oak Herringbone,Woodpecker,Vinyl,SPC,6,0.72,120,600,,26.5,46.66666666666667,56.0,,Yes,,Yes
RE90661WOO,Brecon Shoreline Oak Herringbone,Woodpecker,Vinyl,SPC,6,0.72,120,600,,26.5,46.66666666666667,56.0,,Yes,,Yes
RE91548WOO,Brecon Whisper Oak Herringbone,Woodpecker,Vinyl,SPC,6,0.72,120,600,,26.5,46.66666666666667,56.0,,Yes,,Yes
RE62271WOO,Brecon River Oak Herringbone,Woodpecker,Vinyl,SPC,6,0.72,120,600,,26.5,46.66666666666667,56.0,,Yes,,Yes
RE70317WOO,Brecon Blanche Oak Herringbone,Woodpecker,Vinyl,SPC,6,0.72,120,600,,26.5,46.66666666666667,56.0,,Yes,,Yes
RE89060WOO,Brecon Seashell Oak Herringbone,Woodpecker,Vinyl,SPC,6,0.72,120,600,,26.5,46.66666666666667,56.0,,Yes,,Yes
RE47007WOO,Lynton Seagrass Oak,Woodpecker,Vinyl,SPC,7,2.01,165,1220,,34.5,56.66666666666667,68.0,,Yes,,Yes
RE61140WOO,Lynton Chiffon Oak,Woodpecker,Vinyl,SPC,7,2.01,165,1220,,34.5,56.66666666666667,68.0,,Yes,,Yes
RE19028WOO,Lynton Estuary Oak,Woodpecker,Vinyl,SPC,7,2.01,165,1220,,34.5,56.66666666666667,68.0,,Yes,,Yes
RE40106WOO,Lynton Natural Oak,Woodpecker,Vinyl,SPC,7,2.01,165,1220,,34.5,56.66666666666667,68.0,,Yes,,Yes
RE46026WOO,Lynton Evening Oak,Woodpecker,Vinyl,SPC,7,2.01,165,1220,,34.5,56.66666666666667,68.0,,Yes,,Yes
RE45109WOO,Lynton Weald Oak,Woodpecker,Vinyl,SPC,7,2.01,165,1220,,34.5,56.66666666666667,68.0,,Yes,,Yes
RE51865AMT,Signature Standard,Amtico,Vinyl,LVT,2.5,Various,Various,Various,"Aged Oak, Alpine Oak, American Oak, Antique Wood, Ashdown Oak, Aspen Oak, Basilica Salt, Basilica Shell, Berkswell Stone, Berwick Oak, Bianca Classic Marble, Black Burnished Metal, Blockley Stone, Blonde Oak, Bordeaux Oak, Brushed Oak, Buckingham Oak, Buxton Oak, Chargot Oak, Chateau Oak, Chatham Concrete, Chiltern Oak, Classic Oak, Classic Walnut, Clowes Oak, Coombe Stone, Cornish Oak, Crema Marfil, Cumbrian Slate, Dark Walnut, Darley Oak, Deptford Concrete, Diffusion Aloe, Diffusion Cashew, Diffusion Chambray, Diffusion Eve, Diffusion Husk, Diffusion Loam, Diffusion Lux, Diffusion Malt, Dockland Oak, Dry Teak, Dublin, Encaustic Jasper, Encaustic Kyanite, Encaustic Okra, Encaustic Storm, Exposed Concrete, Farmhouse Oak, French Oak, Fresh Oak, Friston Oak, Fumed Oak, Fused Birch, Glint Orb, Glint Void, Golden Oak, Graphite Slate, Grey Burnished Metal, Grigio Classic Marble, Grizedale Oak, Hackfall Oak, Halo Pine, Hamsterley Oak, Harbour Pine, Helsinki, Henley Oak, Honed Limestone Natural, Ilmington Stone, Kentmere Slate, Kirby Oak, Kura Anise, Kura Caraway, Kura Kala, Kura Opium, Laughton Oak, Light Cherry, Lime Washed Wood, Lock Oak, Malvern Oak, Manor Oak, Marlow Oak, Marrakech, Merbau, Mirabelle Creme, Modernist Frame, Modernist Spire, Modernist Vault, Napoli, Natural Limed Wood, Nero Classic Marble, Nomad Oak, Onyx Marble, Packwood Stone, Paris, Parisian Pine, Pearl Wash Wood, Priory Oak, Ratley Stone, Reclaimed Oak, Regency Walnut, Rio, Riverstone Tundra, Rosa Classic Marble, Rosewood, Rotterdam Oak, Russet Burnished Metal, Salted Oak, Sanctuary Grain, Sevilla, Shore Oak, Shottery Limestone, Sloane Concrete, Solar Pine, Stria Ash, Stria Basalt, Stria Rock, Stria Sediment, Stria Volcanic, Stucco Clay, Stucco Elk, Stucco Flax, Stucco Haze, Stucco Huckleberry, Stucco Indigo, Stucco Mist, Stucco Nutmeg, Stucco Opaline, Stucco Pebble, Stucco Putty, Stucco Quartz, Stucco Roselle, Tay Oak, Teak, Tempus Echo, Tempus Embrace, Tempus Harmony, Tempus Pause, Tempus Restore, Tempus Soothe, Tollymore Oak, Tortora Classic Marble, Toulouse Oak, Trace Kaolin, Trace Scree, Trevellas Oak, Tyne Concrete, Union Oak, Verbier Oak, Verde Classic Marble, Verdigris Burnished Metal, Versailles Oak, Waterloo Concrete, Wharf Oak, Wharncliffe Oak, Whinlatter Oak, White Oak, White Wash Wood, Whitley Stone, Wild Walnut, Wilmcote Limestone, Wilverley Oak, Woolwich Concrete, Worn Concrete, Worn Oak, Yarncliff Oak, York Oak",43.1,63.324999999999996,75.99,,,,Yes
RE80293AMT,Signature Acoustic,Amtico,Vinyl,LVT,2.5,Various,Various,Various,"Aged Oak, Alpine Oak, American Oak, Antique Wood, Ashdown Oak, Aspen Oak, Basilica Salt, Basilica Shell, Berkswell Stone, Berwick Oak, Bianca Classic Marble, Black Burnished Metal, Blockley Stone, Blonde Oak, Bordeaux Oak, Brushed Oak, Buckingham Oak, Buxton Oak, Chargot Oak, Chateau Oak, Chatham Concrete, Chiltern Oak, Classic Oak, Classic Walnut, Clowes Oak, Coombe Stone, Cornish Oak, Crema Marfil, Cumbrian Slate, Dark Walnut, Darley Oak, Deptford Concrete, Diffusion Aloe, Diffusion Cashew, Diffusion Chambray, Diffusion Eve, Diffusion Husk, Diffusion Loam, Diffusion Lux, Diffusion Malt, Dockland Oak, Dry Teak, Dublin, Encaustic Jasper, Encaustic Kyanite, Encaustic Okra, Encaustic Storm, Exposed Concrete, Farmhouse Oak, French Oak, Fresh Oak, Friston Oak, Fumed Oak, Fused Birch, Glint Orb, Glint Void, Golden Oak, Graphite Slate, Grey Burnished Metal, Grigio Classic Marble, Grizedale Oak, Hackfall Oak, Halo Pine, Hamsterley Oak, Harbour Pine, Helsinki, Henley Oak, Honed Limestone Natural, Ilmington Stone, Kentmere Slate, Kirby Oak, Kura Anise, Kura Caraway, Kura Kala, Kura Opium, Laughton Oak, Light Cherry, Lime Washed Wood, Lock Oak, Malvern Oak, Manor Oak, Marlow Oak, Marrakech, Merbau, Mirabelle Creme, Modernist Frame, Modernist Spire, Modernist Vault, Napoli, Natural Limed Wood, Nero Classic Marble, Nomad Oak, Onyx Marble, Packwood Stone, Paris, Parisian Pine, Pearl Wash Wood, Priory Oak, Ratley Stone, Reclaimed Oak, Regency Walnut, Rio, Riverstone Tundra, Rosa Classic Marble, Rosewood, Rotterdam Oak, Russet Burnished Metal, Salted Oak, Sanctuary Grain, Sevilla, Shore Oak, Shottery Limestone, Sloane Concrete, Solar Pine, Stria Ash, Stria Basalt, Stria Rock, Stria Sediment, Stria Volcanic, Stucco Clay, Stucco Elk, Stucco Flax, Stucco Haze, Stucco Huckleberry, Stucco Indigo, Stucco Mist, Stucco Nutmeg, Stucco Opaline, Stucco Pebble, Stucco Putty, Stucco Quartz, Stucco Roselle, Tay Oak, Teak, Tempus Echo, Tempus Embrace, Tempus Harmony, Tempus Pause, Tempus Restore, Tempus Soothe, Tollymore Oak, Tortora Classic Marble, Toulouse Oak, Trace Kaolin, Trace Scree, Trevellas Oak, Tyne Concrete, Union Oak, Verbier Oak, Verde Classic Marble, Verdigris Burnished Metal, Versailles Oak, Waterloo Concrete, Wharf Oak, Wharncliffe Oak, Whinlatter Oak, White Oak, White Wash Wood, Whitley Stone, Wild Walnut, Wilmcote Limestone, Wilverley Oak, Woolwich Concrete, Worn Concrete, Worn Oak, Yarncliff Oak, York Oak",50.5,72.49166666666666,86.99,,,,Yes
RE45992AMT,Form Artisan Wood (915mm x 152mm),Amtico,Vinyl,LVT,2.5,2.5,152,915,"Amber Oak, Bergen Oak, Bister Oak, Boardwalk Oak, Bureau Oak, Burnished Timber, Carved Oak, Cottage Limed Wood, Cowrie Oak, Dimmet Oak, Drift Oak, Dusted Oak, Eventide Oak, Fawn Oak, Gotland Oak, Kalmar Oak, Native Grey Wood, Rural Oak, Seaboard Oak, Shell Oak, Skerry Oak, Strand Oak, Valley Oak",35.25,54.158333333333324,64.99,,,,Yes
RE30758AMT,Form Artisan Wood (1220mm x 185mm),Amtico,Vinyl,LVT,2.5,2,185,1220,"Amber Oak, Bergen Oak, Bister Oak, Boardwalk Oak, Bureau Oak, Burnished Timber, Carved Oak, Cottage Limed Wood, Cowrie Oak, Dimmet Oak, Drift Oak, Dusted Oak, Eventide Oak, Fawn Oak, Gotland Oak, Kalmar Oak, Native Grey Wood, Rural Oak, Seaboard Oak, Shell Oak, Skerry Oak, Strand Oak, Valley Oak",35.25,54.158333333333324,64.99,,,,Yes
RE80933AMT,Form Artisan Parquet (229mm x 76mm),Amtico,Vinyl,LVT,2.5,2.5,76,229,"Amber Oak, Bergen Oak, Bister Oak, Boardwalk Oak, Bureau Oak, Burnished Timber, Carved Oak, Cottage Limed Wood, Cowrie Oak, Dimmet Oak, Drift Oak, Dusted Oak, Eventide Oak, Fawn Oak, Gotland Oak, Kalmar Oak, Native Grey Wood, Rural Oak, Seaboard Oak, Shell Oak, Skerry Oak, Strand Oak, Valley Oak",35.25,54.158333333333324,64.99,,,,Yes
RE46824AMT,Form Artisan Parquet (457mm x 114mm),Amtico,Vinyl,LVT,2.5,2.5,114,457,"Amber Oak, Bergen Oak, Bister Oak, Boardwalk Oak, Bureau Oak, Burnished Timber, Carved Oak, Cottage Limed Wood, Cowrie Oak, Dimmet Oak, Drift Oak, Dusted Oak, Eventide Oak, Fawn Oak, Gotland Oak, Kalmar Oak, Native Grey Wood, Rural Oak, Seaboard Oak, Shell Oak, Skerry Oak, Strand Oak, Valley Oak",35.25,54.158333333333324,64.99,,,,Yes
RE78329AMT,Form Artisan Ceramic (610mm x 305mm),Amtico,Vinyl,LVT,2.5,2.61,305,610,"Sepia, Cinder, Tidal, Mineral, Crema, Opal",35.25,54.158333333333324,64.99,,,,Yes
RE67826AMT,Form Artisan Acoustic (915mm x 152mm),Amtico,Vinyl,LVT,2.5,2.5,152,915,"Amber Oak, Bergen Oak, Bister Oak, Boardwalk Oak, Bureau Oak, Burnished Timber, Carved Oak, Cottage Limed Wood, Cowrie Oak, Dimmet Oak, Drift Oak, Dusted Oak, Eventide Oak, Fawn Oak, Gotland Oak, Kalmar Oak, Native Grey Wood, Rural Oak, Seaboard Oak, Shell Oak, Skerry Oak, Strand Oak, Valley Oak",41.25,60.83333333333333,73.0,,,,Yes
RE66495AMT,Form Artisan Acoustic (1220mm x 185mm),Amtico,Vinyl,LVT,2.5,2,185,1220,"Amber Oak, Bergen Oak, Bister Oak, Boardwalk Oak, Bureau Oak, Burnished Timber, Carved Oak, Cottage Limed Wood, Cowrie Oak, Dimmet Oak, Drift Oak, Dusted Oak, Eventide Oak, Fawn Oak, Gotland Oak, Kalmar Oak, Native Grey Wood, Rural Oak, Seaboard Oak, Shell Oak, Skerry Oak, Strand Oak, Valley Oak",41.25,60.83333333333333,73.0,,,,Yes
RE40579AMT,Form Artisan Acoustic (229mm x 76mm),Amtico,Vinyl,LVT,2.5,2.5,76,229,"Amber Oak, Bergen Oak, Bister Oak, Boardwalk Oak, Bureau Oak, Burnished Timber, Carved Oak, Cottage Limed Wood, Cowrie Oak, Dimmet Oak, Drift Oak, Dusted Oak, Eventide Oak, Fawn Oak, Gotland Oak, Kalmar Oak, Native Grey Wood, Rural Oak, Seaboard Oak, Shell Oak, Skerry Oak, Strand Oak, Valley Oak",41.25,60.83333333333333,73.0,,,,Yes
RE70100AMT,Form Artisan Acoustic (457mm x 114mm),Amtico,Vinyl,LVT,2.5,2.5,114,457,"Amber Oak, Bergen Oak, Bister Oak, Boardwalk Oak, Bureau Oak, Burnished Timber, Carved Oak, Cottage Limed Wood, Cowrie Oak, Dimmet Oak, Drift Oak, Dusted Oak, Eventide Oak, Fawn Oak, Gotland Oak, Kalmar Oak, Native Grey Wood, Rural Oak, Seaboard Oak, Shell Oak, Skerry Oak, Strand Oak, Valley Oak",41.25,60.83333333333333,73.0,,,,Yes
RE78325AMT,Form Artisan Acoustic (610mm x 305mm),Amtico,Vinyl,LVT,2.5,2.61,305,610,"Sepia, Cinder, Tidal, Mineral, Crema, Opal",60.16,60.83333333333333,73.0,,,,Yes
RE52598AMT,Form Barrel Oak (1220.4mm x 177.8mm),Amtico,Vinyl,LVT,2.5,3.25,117.8,1220.4,"Barrel Oak Ashen, Barrel Oak Cotton, Barrel Oak Dune, Barrel Oak Grey, Barrel Oak Rye, Barrel Oak Sand, Barrel Oak Smoke",35.25,54.158333333333324,64.99,,,,Yes
RE42222AMT,Form Barrel Oak (1505mm x 235mm),Amtico,Vinyl,LVT,2.5,3.54,235,1505,"Barrel Oak Ashen, Barrel Oak Cotton, Barrel Oak Dune, Barrel Oak Grey, Barrel Oak Rye, Barrel Oak Sand, Barrel Oak Smoke",35.25,54.158333333333324,64.99,,,,Yes
RE38261AMT,Form Artisan Basket Weave (305mm x 75mm),Amtico,Vinyl,LVT,2.5,2.5,75,305,"Gotland Oak, Fawn Oak, Kalmar Oak, Cowrie Oak, Valley Oak, Rural Oak, Carved Oak",35.25,54.158333333333324,64.99,,,,Yes
RE99826AMT,Form Artisan Basket Weave (114mm x 114mm),Amtico,Vinyl,LVT,2.5,2.5,114,114,"Gotland Oak, Fawn Oak, Kalmar Oak, Cowrie Oak, Valley Oak, Rural Oak, Carved Oak",35.25,54.158333333333324,64.99,,,,Yes
RE82677AMT,Form Pavestone (305mm x 152mm),Amtico,Vinyl,LVT,2.5,2.5,152,305,"Sepia, Cinder, Tidal, Mineral, Crema",35.25,54.158333333333324,64.99,,,,Yes
RE94129AMT,Form Pavestone (305mm x 305mm),Amtico,Vinyl,LVT,2.5,2.5,305,305,"Sepia, Cinder, Tidal, Mineral, Crema",35.25,54.158333333333324,64.99,,,,Yes
RE32850AMT,Form Pavestone (457mm x 305mm),Amtico,Vinyl,LVT,2.5,2.5,305,457,"Sepia, Cinder, Tidal, Mineral, Crema",35.25,54.158333333333324,64.99,,,,Yes
RE28869AMT,Form Hex (176mm x 152mm),Amtico,Vinyl,LVT,2.5,1.81,152,176,"Sepia, Cinder, Tidal, Mineral, Crema, Opal",35.25,54.158333333333324,64.99,,,,Yes
RE16987AMT,Spacia Acoustic (915mm x 102mm),Amtico,Vinyl,LVT,2.5,1.86,102,915,"Black Walnut, Blackened Spa Wood, Bleached Elm, Canopy Oak, Coastal Pine, Credenza Oak, Drift Pine, Dry Cedar, Dusky Walnut, Eden Oak, Estuary Pine, Exotic Walnut, Featured Oak, Hampton Oak, Haven Oak, Honey Oak, Limed Wood Natural, New England Oak, Noble Oak, Nordic Oak, Pale Ash, Royal Oak, Rustic Barn Wood, Sash Oak, Scorched Timber, Sherwood Oak, Smoked Timber, Smoothbark Hickory, Sun Bleached Oak, Traditional Oak, Warm Maple, Weathered Oak, White Ash, White Maple, White Oak, Worn Ash, Mirus Cotton, Mirus Feather, Mirus Hemp",33.0,46.65833333333333,55.99,,,,Yes
RE92970AMT,Spacia Acoustic (1220mm x 185mm),Amtico,Vinyl,LVT,2.5,1.34,185,1220,"Black Walnut, Blackened Spa Wood, Bleached Elm, Canopy Oak, Carriage Oak, Coastal Pine, Credenza Oak, Drift Pine, Dry Cedar, Dusky Walnut, Eden Oak, Estuary Pine, Exotic Walnut, Featured Oak, Forge Oak, Granary Oak, Hampton Oak, Haven Oak, Honey Oak, Iced Oak, Limed Wood Natural, Malthouse Oak, Mulled Oak, Muted Oak, New England Oak, Noble Oak, Nordic Oak, Pale Ash, Powdered Oak, Royal Oak, Rustic Barn Wood, Sash Oak, Scorched Timber, Sherwood Oak, Smoked Timber, Smoothbark Hickory, Sun Bleached Oak, Traditional Oak, Urban Salvaged Timber, Warm Maple, Washed Salvaged Timber, Weathered Oak, White Ash, White Maple, White Oak, Worn Ash, Mirus Cotton, Mirus Feather, Mirus Hemp",33.0,46.65833333333333,55.99,,,,Yes
RE65634AMT,Spacia Stones (915mm x 102mm),Amtico,Vinyl,LVT,2.5,2.5,229,915,"Mirus Cotton, Mirus Feather, Mirus Hemp",26.9,46.65833333333333,55.99,,,,Yes
RE17307AMT,Spacia Stones (305mm x 305mm),Amtico,Vinyl,LVT,2.5,2.5,305,305,"Black Marble, Ceramic Dark, Ceramic Ecru, Ceramic Flint, Ceramic Frost, Ceramic Light, Ceramic Sable, Dry Stone Alba, Earth, Fairford Stone, Gallery Concrete, Gibson, Grey Marble, Highball, Horizon, Julep, Kingham Stone, Lichen, Limestone Cool, Linear Stone Shale, Mimosa, Monmouth Slate, Negroni, Pampas, Peak, Plaza Concrete, Rialto Concrete, Rose Marble, Salt, Sea, Sidecar, Snow, Stanton Stone, Villa Concrete, Vista, White Marble",26.9,38.325,45.99,,,,Yes
RE67255AMT,Spacia Stones (457mm x 305mm),Amtico,Vinyl,LVT,2.5,2.5,305,457,"Black Marble, Bronze, Century Concrete, Ceramic Dark, Ceramic Ecru, Ceramic Flint, Ceramic Frost, Ceramic Light, Ceramic Sable, Dry Stone Alba, Earth, Fairford Stone, Gallery Concrete, Grey Marble, Horizon, Kingham Stone, Lichen, Limestone Cool, Linear Stone Shale, Metropolis Ice, Metropolis Smoke, Monmouth Slate, Monument Concrete, Pampas, Peak, Plaza Concrete, Rialto Concrete, Rose Marble, Salt, Sea, Snow, Stanton Stone, Steel, Villa Concrete, Vista, White Marble, Zinc",26.9,38.325,45.99,,,,Yes
RE79385AMT,Spacia Stones (457mm x 457mm),Amtico,Vinyl,LVT,2.5,2.5,457,457,"Amalfi, Black Marble, Capri, Century Concrete, Ceramic Dark, Ceramic Ecru, Ceramic Flint, Ceramic Frost, Ceramic Light, Ceramic Sable, Dry Stone Alba, Earth, Fairford Stone, Gallery Concrete, Gibson, Grey Marble, Highball, Horizon, Julep, Kingham Stone, Lichen, Limestone Cool, Metropolis Ice, Metropolis Smoke, Mimosa, Monmouth Slate, Monument Concrete, Negroni, Pampas, Peak, Plaza Concrete, Rialto Concrete, Rose Marble, Salt, Sea, Sidecar, Snow, Stanton Stone, Villa Concrete, Vista, White Marble",26.9,38.325,45.99,,,,Yes
RE68081AMT,Spacia Woods (915mm x 102mm),Amtico,Vinyl,LVT,2.5,2.5,102,915,"Black Walnut, Blackened Spa Wood, Bleached Elm, Canopy Oak, Coastal Pine, Credenza Oak, Drift Pine, Dry Cedar, Dusky Walnut, Eden Oak, Estuary Pine, Exotic Walnut, Featured Oak, Hampton Oak, Haven Oak, Honey Oak, Limed Wood Natural, New England Oak, Noble Oak, Nordic Oak, Pale Ash, Royal Oak, Rustic Barn Wood, Sash Oak, Scorched Timber, Sherwood Oak, Smoked Timber, Smoothbark Hickory, Sun Bleached Oak, Traditional Oak, Warm Maple, Weathered Oak, White Ash, White Maple, White Oak, Worn Ash, Mirus Cotton, Mirus Feather, Mirus Hemp",26.9,38.325,45.99,,,,Yes
RE32078AMT,Spacia Woods (1220mm x 185mm),Amtico,Vinyl,LVT,2.5,2,185,1220,"Black Walnut, Blackened Spa Wood, Bleached Elm, Canopy Oak, Carriage Oak, Coastal Pine, Credenza Oak, Drift Pine, Dry Cedar, Dusky Walnut, Eden Oak, Estuary Pine, Exotic Walnut, Featured Oak, Forge Oak, Granary Oak, Hampton Oak, Haven Oak, Honey Oak, Iced Oak, Limed Wood Natural, Malthouse Oak, Mulled Oak, Muted Oak, New England Oak, Noble Oak, Nordic Oak, Pale Ash, Powdered Oak, Royal Oak, Rustic Barn Wood, Sash Oak, Scorched Timber, Sherwood Oak, Smoked Timber, Smoothbark Hickory, Sun Bleached Oak, Traditional Oak, Urban Salvaged Timber, Warm Maple, Washed Salvaged Timber, Weathered Oak, White Ash, White Maple, White Oak, Worn Ash, Mirus Cotton, Mirus Feather, Mirus Hemp",26.9,38.325,45.99,,,,Yes
RE46104AMT,Spacia Heritage Oak Woods (1219mm x 184mm),Amtico,Vinyl,LVT,2.5,2.25,184,1219,"Forge Oak, Granary Oak, Carriage Oak, Malthouse Oak",26.9,38.325,45.99,,,,Yes
RE40555AMT,Spacia Parquet (229mm x 76mm),Amtico,Vinyl,LVT,2.5,2.5,76,229,"Mulled Oak, Muted Oak, Powdered Oak, Iced Oak, Blackened Spa Wood, Coastal Pine, Noble Oak, Nordic Oak, White Ash, Sun Bleached Oak, Featured Oak, Royal Oak, Black Walnut, Pale Ash, Traditional Oak, Honey Oak",26.9,38.325,45.99,,,,Yes
RE81384AMT,Spacia Parquet (457mm x 102mm),Amtico,Vinyl,LVT,2.5,2.5,102,457,"Mulled Oak, Muted Oak, Powdered Oak, Iced Oak, Blackened Spa Wood, Coastal Pine, Noble Oak, Nordic Oak, White Ash, Sun Bleached Oak, Featured Oak, Royal Oak, Black Walnut, Pale Ash, Traditional Oak, Honey Oak",26.9,38.325,45.99,,,,Yes
RE81575AMT,Spacia Boardwalk (1220mm x 185mm),Amtico,Vinyl,LVT,2.5,2,185,1220,"Black Walnut, Blackened Spa Wood, Bleached Elm, Canopy Oak, Carriage Oak, Coastal Pine, Credenza Oak, Drift Pine, Dry Cedar, Dusky Walnut, Eden Oak, Estuary Pine, Exotic Walnut, Featured Oak, Forge Oak, Granary Oak, Hampton Oak, Haven Oak, Honey Oak, Iced Oak, Limed Wood Natural, Malthouse Oak, Mulled Oak, Muted Oak, New England Oak, Noble Oak, Nordic Oak, Pale Ash, Powdered Oak, Royal Oak, Rustic Barn Wood, Sash Oak, Scorched Timber, Sherwood Oak, Smoked Timber, Smoothbark Hickory, Sun Bleached Oak, Traditional Oak, Urban Salvaged Timber, Warm Maple, Washed Salvaged Timber, Weathered Oak, White Ash, White Maple, White Oak, Worn Ash, Mirus Cotton, Mirus Feather, Mirus Hemp",26.9,38.325,45.99,,,,Yes
RE75503AMT,Spacia Boardwalk (915mm x 102mm),Amtico,Vinyl,LVT,2.5,2.5,102,915,"Black Walnut, Blackened Spa Wood, Bleached Elm, Canopy Oak, Coastal Pine, Credenza Oak, Drift Pine, Dry Cedar, Dusky Walnut, Eden Oak, Estuary Pine, Exotic Walnut, Featured Oak, Hampton Oak, Haven Oak, Honey Oak, Limed Wood Natural, New England Oak, Noble Oak, Nordic Oak, Pale Ash, Royal Oak, Rustic Barn Wood, Sash Oak, Scorched Timber, Sherwood Oak, Smoked Timber, Smoothbark Hickory, Sun Bleached Oak, Traditional Oak, Warm Maple, Weathered Oak, White Ash, White Maple, White Oak, Worn Ash, Mirus Cotton, Mirus Feather, Mirus Hemp",26.9,38.325,45.99,,,,Yes
RE83360AMT,Spacia XXL Tiles (915mm x 915mm),Amtico,Vinyl,LVT,2.5,6.69,915,915,,33.9,45.825,54.99,,,Yes,
RE67247AMT,Spacia XXL Tiles (915mm x 610mm),Amtico,Vinyl,LVT,2.5,2.78,610,915,"Amalfi, Capri, Century Concrete, Earth, Fairford Stone, Gallery Concrete, Horizon, Kingham Stone, Lichen, Pampas, Peak, Plaza Concrete, Rialto Concrete, Salt, Sea, Snow, Stanton Stone, Villa Concrete, Vista",33.9,45.825,54.99,,,,Yes
RE45083AMT,Decor & Decor x National Trust,Amtico,Vinyl,LVT,2.5,0.836,Various,Various,,87.8,119.15833333333333,142.99,,,,
RE57600AMT,Decor Chequer,Amtico,Vinyl,LVT,2.5,0.836,Various,Various,"Queenside, Mono",43.1,63.324999999999996,75.99,,,,Yes
RE71656AMT,Click Smart Woods (1245mm x 178mm),Amtico,Vinyl,LVT,6,1.77,178,1245,"Beachcomber Oak, Chapel Oak, Clement Oak, Crest Oak, Dry Cedar, Featured Oak, Honey Oak, Hushed Oak, Linden Oak, Nimbus Oak, Nordic Oak, Scandi Oak, Smouldered Oak, Summer Oak, Sun Bleached Oak, Treated Oak, Voyage Oak, Weathered Oak, White Ash, Worn Ash",31.0,44.15833333333333,52.99,,,,
RE57941AMT,Click Smart Stones (607mm x 303mm),Amtico,Vinyl,LVT,6,1.66,303,607,"Linear Stone Shale, Metropolis Smoke, Ceramic Frost, Dappled Concrete, Pale Limestone, Bay, Portland, Studland, Lyme",31.0,44.15833333333333,52.99,,,,
RE45588AMT,Click Smart In-Register Embossed Wood (1211mm x 178mm),Amtico,Vinyl,LVT,6,1.73,178,1211,"Crest Oak, Nimbus Oak, Voyage Oak",31.0,44.15833333333333,52.99,,,,
RE76712AMT,Click Smart Parquet (610mm x 114mm),Amtico,Vinyl,LVT,6,1.4,114,610,"Beachcomber Oak, Chapel Oak, Clement Oak, Crest Oak, Dry Cedar, Featured Oak, Honey Oak, Hushed Oak, Linden Oak, Nimbus Oak, Nordic Oak, Scandi Oak, Smouldered Oak, Summer Oak, Sun Bleached Oak, Treated Oak, Voyage Oak, Weathered Oak, White Ash, Worn Ash",33.0,47.49166666666667,56.99,,,,
RE33673AMT,Access Stone (450mm x 450mm),Amtico,Vinyl,LVT,5,2.025,450,450,"Ceramic Ecru, Hackney Grey, Shoreditch Grey, Brixton Grey, Camden Grey, Ceramic Flint",30.0,44.15833333333333,52.99,,,,Yes
RE99568AMT,Access Wood (1000mm x 150mm),Amtico,Vinyl,LVT,5,1.8,150,1000,"Bleached Elm, Brindle Oak, Cavalier Oak, Dusky Walnut, Honey Oak, Light Oak, Mountain Oak, Pale Ash, Shadow Oak, Shibori Jasmine, Shibori Sencha, Soft Oak, Sun Bleached Oak, Traditional Oak, Winter Oak",30.0,44.15833333333333,52.99,,,,Yes
RE64519AMT,Signature 36+ Woods,Amtico,Vinyl,LVT,2.5,2.5,Various,Various,"Aged Oak, Alpine Oak, American Oak, Antique Wood, Ashdown Oak, Aspen Oak, Berwick Oak, Blonde Oak, Bordeaux Oak, Brushed Oak, Buckingham Oak, Buxton Oak, Chargot Oak, Chateau Oak, Chiltern Oak, Classic Oak, Classic Walnut, Clowes Oak, Cornish Oak, Dark Walnut, Darley Oak, Dockland Oak, Dry Teak, Farmhouse Oak, French Oak, Fresh Oak, Friston Oak, Fumed Oak, Fused Birch, Golden Oak, Grizedale Oak, Hackfall Oak, Halo Pine, Hamsterley Oak, Harbour Pine, Henley Oak, Kirby Oak, Laughton Oak, Light Cherry, Lime Washed Wood, Lock Oak, Malvern Oak, Manor Oak, Marlow Oak, Merbau, Natural Limed Wood, Nomad Oak, Parisian Pine, Pearl Wash Wood, Priory Oak, Reclaimed Oak, Regency Walnut, Rosewood, Rotterdam Oak, Salted Oak, Sanctuary Grain, Shore Oak, Solar Pine, Tay Oak, Teak, Tollymore Oak, Toulouse Oak, Trace Kaolin, Trace Scree, Trevellas Oak, Union Oak, Verbier Oak, Versailles Oak, Wharf Oak, Wharncliffe Oak, Whinlatter Oak, White Oak, White Wash Wood, Wild Walnut, Wilverley Oak, Worn Oak, Yarncliff Oak, York Oak",49.5,69.99166666666666,83.99,,,,Yes
RE72989AMT,Signature 36+ Stones,Amtico,Vinyl,LVT,2.5,2.5,Various,Various,"Basilica Salt, Basilica Shell, Berkswell Stone, Bianca Classic Marble, Blockley Stone, Chatham Concrete, Coombe Stone, Crema Marfil, Cumbrian Slate, Deptford Concrete, Diffusion Chambray, Diffusion Lux, Encaustic Jasper, Encaustic Kyanite, Exposed Concrete, Graphite Slate, Grigio Classic Marble, Ilmington Stone, Kentmere Slate, Kura Anise, Kura Caraway, Kura Kala, Kura Opium, Mirabelle Creme, Modernist Frame, Modernist Spire, Modernist Vault, Nero Classic Marble, Onyx Marble, Packwood Stone, Ratley Stone, Riverstone Tundra, Rosa Classic Marble, Shottery Limestone, Sloane Concrete, Stria Ash, Stria Basalt, Stria Rock, Stria Sediment, Stria Volcanic, Stucco Clay, Stucco Flax, Stucco Indigo, Stucco Pebble, Stucco Putty, Stucco Quartz, Tempus Echo, Tempus Embrace, Tempus Harmony, Tempus Pause, Tempus Restore, Tempus Soothe, Tortora Classic Marble, Tyne Concrete, Verde Classic Marble, Waterloo Concrete, Whitley Stone, Wilmcote Limestone, Woolwich Concrete, Worn Concrete",49.5,69.99166666666666,83.99,,,,Yes
RE49219AMT,Spacia 36+ Woods,Amtico,Vinyl,LVT,2.5,2.5,Various,Various,"Black Walnut, Blackened Spa Wood, Bleached Elm, Canopy Oak, Coastal Pine, Credenza Oak, Drift Pine, Dry Cedar, Dusky Walnut, Eden Oak, Estuary Pine, Exotic Walnut, Featured Oak, Hampton Oak, Haven Oak, Honey Oak, Iced Oak, Limed Wood Natural, Mulled Oak, Muted Oak, New England Oak, Noble Oak, Nordic Oak, Pale Ash, Powdered Oak, Royal Oak, Rustic Barn Wood, Sash Oak, Scorched Timber, Sherwood Oak, Smoked Timber, Smoothbark Hickory, Sun Bleached Oak, Traditional Oak, Urban Salvaged Timber, Warm Maple, Washed Salvaged Timber, Weathered Oak, White Ash, White Maple, White Oak, Worn Ash",31.25,46.65833333333333,55.99,,,,Yes
RE12477AMT,Spacia 36+ Stones,Amtico,Vinyl,LVT,2.5,2.5,Various,Various,"Amalfi, Black Marble, Bronze, Capri, Century Concrete, Ceramic Dark, Ceramic Ecru, Ceramic Flint, Ceramic Frost, Ceramic Light, Ceramic Sable, Dry Stone Alba, Earth, Fairford Stone, Gallery Concrete, Gibson, Grey Marble, Highball, Horizon, Julep, Kingham Stone, Lichen, Limestone Cool, Linear Stone Shale, Metropolis Ice, Metropolis Smoke, Mimosa, Mirus Cotton, Mirus Feather, Mirus Hemp, Monmouth Slate, Monument Concrete, Negroni, Pampas, Peak, Plaza Concrete, Rialto Concrete, Rose Marble, Salt, Sea, Sidecar, Snow, Stanton Stone, Steel, Villa Concrete, Vista, White Marble, Zinc",31.25,46.65833333333333,55.99,,,,Yes
RE43335AMT,Borders Décor Classic Mono DC257B,Amtico,Vinyl,LVT,2.5,Various,13,915,,19.6,26.65833333333333,31.99,,,,
RE25728AMT,Borders Pinstripe Bold AR0B4000,Amtico,Vinyl,LVT,2.5,Various,13,915,,19.6,26.65833333333333,31.99,,,,
RE31956AMT,Borders Pinstripe Fine AR0B4001,Amtico,Vinyl,LVT,2.5,Various,13,915,,19.6,26.65833333333333,31.99,,,,
RE29451AMT,Borders Pinstripe Medium AR0B4002,Amtico,Vinyl,LVT,2.5,Various,13,915,,19.6,26.65833333333333,31.99,,,,
RE32136AMT,Borders Marble Diamond Border DC296B,Amtico,Vinyl,LVT,2.5,Various,13,915,,19.6,26.65833333333333,31.99,,,,
RE87596AMT,Borders Gothic Arch Border AR0B670B,Amtico,Vinyl,LVT,2.5,Various,13,915,,11.0,16.65833333333333,19.99,,,,
RE12301AMT,Borders Ellipse Border AR0B7100,Amtico,Vinyl,LVT,2.5,Various,13,915,,11.0,16.65833333333333,19.99,,,,
RE31996AMT,Borders Mondrian Border AR0B7400,Amtico,Vinyl,LVT,2.5,Various,13,915,,11.0,16.65833333333333,19.99,,,,
RE79114AMT,Borders Metro Border AR0B6600,Amtico,Vinyl,LVT,2.5,Various,13,915,,11.0,16.65833333333333,19.99,,,,
RE29049AMT,Borders Deco Pleat Border AR0B680B,Amtico,Vinyl,LVT,2.5,Various,13,915,,11.0,16.65833333333333,19.99,,,,
RE53036AMT,Borders Piping Border AR0B6400,Amtico,Vinyl,LVT,2.5,Various,13,915,,11.0,16.65833333333333,19.99,,,,
RE18267AMT,Borders Offset Stripe Border AR0B7000,Amtico,Vinyl,LVT,2.5,Various,13,915,,11.0,16.65833333333333,19.99,,,,
RE49530AMT,Borders Broad Stripe Border AR0B6500,Amtico,Vinyl,LVT,2.5,Various,13,915,,11.0,16.65833333333333,19.99,,,,
RE54417AMT,Borders Square Border AR0B6200,Amtico,Vinyl,LVT,2.5,Various,13,915,,11.0,16.65833333333333,19.99,,,,
RE54160AMT,Borders Pyramid Border AR0B6000,Amtico,Vinyl,LVT,2.5,Various,13,915,,11.0,16.65833333333333,19.99,,,,
RE55700AMT,Borders Art Deco Border AR0B5100,Amtico,Vinyl,LVT,2.5,Various,13,915,,11.0,16.65833333333333,19.99,,,,
RE52577AMT,Borders Bevelled Diamond Border AR0B270B,Amtico,Vinyl,LVT,2.5,Various,13,915,,11.0,16.65833333333333,19.99,,,,
RE45926AMT,Borders Ellipse Grand Diamond Border AR0B7200,Amtico,Vinyl,LVT,2.5,Various,13,915,,11.0,16.65833333333333,19.99,,,,
RE97657AMT,Borders Etch Border AR0B8030/AR0B8060,Amtico,Vinyl,LVT,2.5,Various,13,915,,20.0,32.49166666666667,38.99,,,,
RE12014AMT,Motifs Muralist DC326,Amtico,Vinyl,LVT,2.5,Various,Various,Various,,112.9,146.65833333333333,175.99,,,,
RE46617AMT,Motifs Muralist DC325,Amtico,Vinyl,LVT,2.5,Various,Various,Various,,112.9,146.65833333333333,175.99,,,,
RE47027AMT,Motifs Muralist DC327,Amtico,Vinyl,LVT,2.5,Various,Various,Various,,112.9,146.65833333333333,175.99,,,,
RE47145AMT,Motifs Muralist DC328,Amtico,Vinyl,LVT,2.5,Various,Various,Various,,112.9,146.65833333333333,175.99,,,,
RE24866AMT,Motifs Lotus AR0MC400,Amtico,Vinyl,LVT,2.5,Various,Various,Various,,161.5,224.99166666666667,269.99,,,,
RE59699AMT,Motifs Pavilion AR0MC950,Amtico,Vinyl,LVT,2.5,Various,Various,Various,,161.5,224.99166666666667,269.99,,,,
RE53452AMT,Motifs Apollo AR0MC230,Amtico,Vinyl,LVT,2.5,Various,Various,Various,,67.8,95.82499999999999,114.99,,,,
RE39322AMT,Motifs Manhattan AR0MC220,Amtico,Vinyl,LVT,2.5,Various,Various,Various,,154.8,208.325,249.99,,,,
RE22056AMT,Motifs Myron AR0MC160,Amtico,Vinyl,LVT,2.5,Various,Various,Various,,84.8,112.49166666666667,134.99,,,,
RE34245AMT,Motifs Small Star AR0MC300,Amtico,Vinyl,LVT,2.5,Various,Various,Various,,99.8,137.49166666666667,164.99,,,,
RE37992AMT,Motifs Cassini Oval AR0MC190,Amtico,Vinyl,LVT,2.5,Various,Various,Various,,62.8,91.65833333333333,109.99,,,,
RE84292AMT,Motifs Origami AR0MC200,Amtico,Vinyl,LVT,2.5,Various,Various,Various,,99.8,137.49166666666667,164.99,,,,
RE35351AMT,Motifs Constellation AR0MC210,Amtico,Vinyl,LVT,2.5,Various,Various,Various,,107.0,149.99166666666667,179.99,,,,
RE86067AMT,Corners Décor Classic Mono DC257C,Amtico,Vinyl,LVT,2.5,Various,Various,Various,,13.4,18.325,21.99,,,,
RE24654AMT,Corners Square Corner AR0C4001,Amtico,Vinyl,LVT,2.5,Various,Various,Various,,13.4,18.325,21.99,,,,
RE77274AMT,Corners Feature Corner AR0C4002,Amtico,Vinyl,LVT,2.5,Various,Various,Various,,13.4,18.325,21.99,,,,
RE44410AMT,Corners Marble Diamond Corner DC296C,Amtico,Vinyl,LVT,2.5,Various,Various,Various,,13.4,18.325,21.99,,,,
RE74871AMT,Corners Gothic Arch Corner AR0C67SB,Amtico,Vinyl,LVT,2.5,Various,Various,Various,,5.85,10.825,12.99,,,,
RE74012AMT,Corners Ellipse Corner AR0C71S0 AR0C71R0,Amtico,Vinyl,LVT,2.5,Various,Various,Various,,5.85,10.825,12.99,,,,
RE12783AMT,Corners Mondrian Corner AR0C74S0,Amtico,Vinyl,LVT,2.5,Various,Various,Various,,5.85,10.825,12.99,,,,
RE40508AMT,Corners Deco Pleat Corner AR0C68SB,Amtico,Vinyl,LVT,2.5,Various,Various,Various,,5.85,10.825,12.99,,,,
RE81511AMT,Corners Broad Stripe Corner AR0C65S0,Amtico,Vinyl,LVT,2.5,Various,Various,Various,,5.85,10.825,12.99,,,,
RE69689AMT,Corners Square Corner AR0C62S0,Amtico,Vinyl,LVT,2.5,Various,Various,Various,,5.85,10.825,12.99,,,,
RE88399AMT,Corners Pyramid Corner AR0C60S0,Amtico,Vinyl,LVT,2.5,Various,Various,Various,,5.85,10.825,12.99,,,,
RE94178AMT,Corners Art Deco Corner AR0C51S0,Amtico,Vinyl,LVT,2.5,Various,Various,Various,,5.85,10.825,12.99,,,,
RE22913AMT,Corners Bevelled Diamond Corner AR0C27SB,Amtico,Vinyl,LVT,2.5,Various,Various,Various,,5.85,10.825,12.99,,,,
RE60687AMT,Corners Ellipse Grand Corner AR0C72S0,Amtico,Vinyl,LVT,2.5,Various,Various,Various,,5.85,10.825,12.99,,,,
RE36749AMT,Corners Etch Corner AR0C803S/AR0C806S,Amtico,Vinyl,LVT,2.5,Various,Various,Various,,14.1,18.325,21.99,,,,
RE74965AMT,Stripping (36 Strips) (915mm x 3mm),Amtico,Vinyl,LVT,2,Various,3,915,,11.35,18.325,21.99,,,,
RE75912AMT,Stripping (36 Strips) (915mm x 6mm),Amtico,Vinyl,LVT,2,Various,6,915,,20.25,31.658333333333335,37.99,,,,
RE81554AMT,Stripping (36 Strips) (915mm x 9.5mm),Amtico,Vinyl,LVT,2,Various,9.5,915,,23.0,34.99166666666667,41.99,,,,
RE24901AMT,Stripping (36 Strips) (915mm x 13mm),Amtico,Vinyl,LVT,2,Various,13,915,,27.35,42.49166666666667,50.99,,,,
RE83010AMT,Stripping (36 Strips) (915mm x 19mm),Amtico,Vinyl,LVT,2,Various,19,915,,36.35,55.824999999999996,66.99,,,,
RE60347HAR,Check Blue,Harvey Maria,Vinyl,LVT,2.5,1.115,305,305,,28.42,45.83333333333333,55.0,,,,
RE57526HAR,Check Flint,Harvey Maria,Vinyl,LVT,2.5,1.115,305,305,,28.42,45.83333333333333,55.0,,,,
RE75431HAR,Check Graphite,Harvey Maria,Vinyl,LVT,2.5,1.115,305,305,,28.42,45.83333333333333,55.0,,,,
RE35492HAR,Check Ochre,Harvey Maria,Vinyl,LVT,2.5,1.115,305,305,,28.42,45.83333333333333,55.0,,,,
RE38948HAR,Check Shadow,Harvey Maria,Vinyl,LVT,2.5,1.115,305,305,,28.42,45.83333333333333,55.0,,,,
RE46142HAR,Check Slate,Harvey Maria,Vinyl,LVT,2.5,1.115,305,305,,28.42,45.83333333333333,55.0,,,,
RE80170HAR,Dovetail Burnt Copper,Harvey Maria,Vinyl,LVT,2.5,1.115,305,305,,28.42,45.83333333333333,55.0,,,,
RE36759HAR,Dovetail Flax,Harvey Maria,Vinyl,LVT,2.5,1.115,305,305,,28.42,45.83333333333333,55.0,,,,
RE25245HAR,Dovetail French Clay,Harvey Maria,Vinyl,LVT,2.5,1.115,305,305,,28.42,45.83333333333333,55.0,,,,
RE62092HAR,Dovetail Ink Black,Harvey Maria,Vinyl,LVT,2.5,1.115,305,305,,28.42,45.83333333333333,55.0,,,,
RE93925HAR,Dovetail Lavastone,Harvey Maria,Vinyl,LVT,2.5,1.115,305,305,,28.42,45.83333333333333,55.0,,,,
RE76835HAR,Dovetail Ochre,Harvey Maria,Vinyl,LVT,2.5,1.115,305,305,,28.42,45.83333333333333,55.0,,,,
RE68042HAR,Dovetail Oxford Blue,Harvey Maria,Vinyl,LVT,2.5,1.115,305,305,,28.42,45.83333333333333,55.0,,,,
RE45133HAR,Heritage Colours Little Bricks Apple Green,Harvey Maria,Vinyl,LVT,2.5,1.115,305,152,,22.73,36.666666666666664,44.0,,,,
RE68250HAR,Heritage Colours Little Bricks Bay Blue,Harvey Maria,Vinyl,LVT,2.5,1.115,305,152,,22.73,36.666666666666664,44.0,,,,
RE99543HAR,Heritage Colours Little Bricks Fawn,Harvey Maria,Vinyl,LVT,2.5,1.115,305,152,,22.73,36.666666666666664,44.0,,,,
RE17326HAR,Heritage Colours Little Bricks Forget-Me-Not,Harvey Maria,Vinyl,LVT,2.5,1.115,305,152,,22.73,36.666666666666664,44.0,,,,
RE49720HAR,Heritage Colours Little Bricks Harvest Gold,Harvey Maria,Vinyl,LVT,2.5,1.115,305,152,,22.73,36.666666666666664,44.0,,,,
RE16213HAR,Heritage Colours Little Bricks Pumice,Harvey Maria,Vinyl,LVT,2.5,1.115,305,152,,22.73,36.666666666666664,44.0,,,,
RE47958HAR,Heritage Colours Little Bricks Soft Lilac,Harvey Maria,Vinyl,LVT,2.5,1.115,305,152,,22.73,36.666666666666664,44.0,,,,
RE12872HAR,Heritage Colours Little Bricks Steel,Harvey Maria,Vinyl,LVT,2.5,1.115,305,152,,22.73,36.666666666666664,44.0,,,,
RE79844HAR,Heritage Colours Little Bricks Venetian Red,Harvey Maria,Vinyl,LVT,2.5,1.115,305,152,,22.73,36.666666666666664,44.0,,,,
RE45186HAR,Heritage Colours Squares Bay Blue,Harvey Maria,Vinyl,LVT,2.5,1.115,228,228,,22.73,36.666666666666664,44.0,,,,
RE60606HAR,Heritage Colours Squares Linen White,Harvey Maria,Vinyl,LVT,2.5,1.115,228,228,,22.73,36.666666666666664,44.0,,,,
RE62374HAR,Heritage Colours Squares Stove Black,Harvey Maria,Vinyl,LVT,2.5,1.115,228,228,,22.73,36.666666666666664,44.0,,,,
RE88995HAR,Lattice Cherry Red,Harvey Maria,Vinyl,LVT,2.5,1.115,305,305,,27.13,43.75,52.5,,,,
RE21234HAR,Lattice Cornflower Blue,Harvey Maria,Vinyl,LVT,2.5,1.115,305,305,,27.13,43.75,52.5,,,,
RE25066HAR,Lattice Hay Field,Harvey Maria,Vinyl,LVT,2.5,1.115,305,305,,27.13,43.75,52.5,,,,
RE87414HAR,Lattice Hellebore,Harvey Maria,Vinyl,LVT,2.5,1.115,305,305,,27.13,43.75,52.5,,,,
RE91729HAR,Lattice Mist,Harvey Maria,Vinyl,LVT,2.5,1.115,305,305,,27.13,43.75,52.5,,,,
RE76200HAR,Lattice Pear Tree Green,Harvey Maria,Vinyl,LVT,2.5,1.115,305,305,,27.13,43.75,52.5,,,,
RE14624HAR,Lattice Pebble Grey,Harvey Maria,Vinyl,LVT,2.5,1.115,305,305,,27.13,43.75,52.5,,,,
RE15282HAR,Lattice Seedpod,Harvey Maria,Vinyl,LVT,2.5,1.115,305,305,,27.13,43.75,52.5,,,,
RE36687HAR,Lattice Strom Grey,Harvey Maria,Vinyl,LVT,2.5,1.115,305,305,,27.13,43.75,52.5,,,,
RE39674HAR,Lattice Tarn,Harvey Maria,Vinyl,LVT,2.5,1.115,305,305,,27.13,43.75,52.5,,,,
RE57159HAR,Organics Edge Cambrian,Harvey Maria,Vinyl,LVT,2.5,1.115,305,305,,27.13,43.75,52.5,,,,
RE80177HAR,Organics Edge Jurassic,Harvey Maria,Vinyl,LVT,2.5,1.115,305,305,,27.13,43.75,52.5,,,,
RE15331HAR,Organics Edge Natural,Harvey Maria,Vinyl,LVT,2.5,1.115,305,305,,27.13,43.75,52.5,,,,
RE41956HAR,Organics Edge Portland,Harvey Maria,Vinyl,LVT,2.5,1.115,305,305,,27.13,43.75,52.5,,,,
RE55401HAR,Organics Square Cambrian,Harvey Maria,Vinyl,LVT,2.5,1.115,305,305,,27.13,43.75,52.5,,,,
RE51365HAR,Organics Square Jurassic,Harvey Maria,Vinyl,LVT,2.5,1.115,305,305,,27.13,43.75,52.5,,,,
RE76415HAR,Organics Square Natural,Harvey Maria,Vinyl,LVT,2.5,1.115,305,305,,27.13,43.75,52.5,,,,
RE98493HAR,Organics Square Portland,Harvey Maria,Vinyl,LVT,2.5,1.115,305,305,,27.13,43.75,52.5,,,,
RE40346HAR,Organics Stone Cambrian,Harvey Maria,Vinyl,LVT,2.5,1.115,305,457,,27.13,43.75,52.5,,,,
RE27295HAR,Organics Stone Jurassic,Harvey Maria,Vinyl,LVT,2.5,1.115,305,457,,27.13,43.75,52.5,,,,
RE59676HAR,Organics Stone Natural,Harvey Maria,Vinyl,LVT,2.5,1.115,305,457,,27.13,43.75,52.5,,,,
RE24734HAR,Organics Stone Portland,Harvey Maria,Vinyl,LVT,2.5,1.115,305,457,,27.13,43.75,52.5,,,,
RE72993HAR,Parquet Charcoal,Harvey Maria,Vinyl,LVT,2.5,1.115,228,762,,28.42,45.83333333333333,55.0,,,,
RE48373HAR,Parquet Eggshell,Harvey Maria,Vinyl,LVT,2.5,1.115,228,762,,28.42,45.83333333333333,55.0,,,,
RE92465HAR,Parquet Heather,Harvey Maria,Vinyl,LVT,2.5,1.115,228,762,,28.42,45.83333333333333,55.0,,,,
RE93106HAR,Parquet Mimosa,Harvey Maria,Vinyl,LVT,2.5,1.115,228,762,,28.42,45.83333333333333,55.0,,,,
RE66322HAR,Parquet Red Oxide,Harvey Maria,Vinyl,LVT,2.5,1.115,228,762,,28.42,45.83333333333333,55.0,,,,
RE64419HAR,Parquet Sage,Harvey Maria,Vinyl,LVT,2.5,1.115,228,762,,28.42,45.83333333333333,55.0,,,,
RE54463HAR,Parquet Sky Blue,Harvey Maria,Vinyl,LVT,2.5,1.115,228,762,,28.42,45.83333333333333,55.0,,,,
RE69332HAR,Parquet Stone,Harvey Maria,Vinyl,LVT,2.5,1.115,228,762,,28.42,45.83333333333333,55.0,,,,
RE60086HAR,Parquet Thistle Grey,Harvey Maria,Vinyl,LVT,2.5,1.115,228,762,,28.42,45.83333333333333,55.0,,,,
RE34203HAR,Parquet Turquoise,Harvey Maria,Vinyl,LVT,2.5,1.115,228,762,,28.42,45.83333333333333,55.0,,,,
RE77778HAR,Pattern Ashen,Harvey Maria,Vinyl,LVT,2.5,1.115,305,305,,27.13,43.75,52.5,,,,
RE49141HAR,Pattern Larkspur,Harvey Maria,Vinyl,LVT,2.5,1.115,305,305,,27.13,43.75,52.5,,,,
RE44929HAR,Pattern Meadow Green,Harvey Maria,Vinyl,LVT,2.5,1.115,305,305,,27.13,43.75,52.5,,,,
RE96796HAR,Pattern Warm Terracotta,Harvey Maria,Vinyl,LVT,2.5,1.115,305,305,,27.13,43.75,52.5,,,,
RE38970HAR,Premium Woods Antique Oak,Harvey Maria,Vinyl,LVT,2.5,1.95,152,914,,20.15,33.25,39.9,,,,
RE90708HAR,Premium Woods Church Pine,Harvey Maria,Vinyl,LVT,2.5,1.95,152,914,,20.15,33.25,39.9,,,,
RE79109HAR,Premium Woods County Oak,Harvey Maria,Vinyl,LVT,2.5,1.95,152,914,,20.15,33.25,39.9,,,,
RE16431HAR,Premium Woods County Oak Parquet,Harvey Maria,Vinyl,LVT,2.5,1.95,101,304,,20.15,33.25,39.9,,,,
RE53579HAR,Premium Woods Fumed English Oak,Harvey Maria,Vinyl,LVT,2.5,1.95,152,914,,20.15,33.25,39.9,,,,
RE41460HAR,Premium Woods Fumed English Oak Parquet,Harvey Maria,Vinyl,LVT,2.5,1.95,101,304,,20.15,33.25,39.9,,,,
RE62599HAR,Premium Woods Lamp Wood,Harvey Maria,Vinyl,LVT,2.5,1.95,152,914,,20.15,33.25,39.9,,,,
RE77844HAR,Premium Woods Lamp Wood Parquet,Harvey Maria,Vinyl,LVT,2.5,1.95,101,304,,20.15,33.25,39.9,,,,
RE76939HAR,Premium Woods Limed Oak,Harvey Maria,Vinyl,LVT,2.5,1.95,152,914,,20.15,33.25,39.9,,,,
RE66951HAR,Premium Woods Limed Oak Parquet,Harvey Maria,Vinyl,LVT,2.5,1.95,101,304,,20.15,33.25,39.9,,,,
RE84141HAR,Premium Woods Natural Oak,Harvey Maria,Vinyl,LVT,2.5,1.95,152,914,,20.15,33.25,39.9,,,,
RE39163HAR,Premium Woods Pecan,Harvey Maria,Vinyl,LVT,2.5,1.95,152,914,,20.15,33.25,39.9,,,,
RE25797HAR,Premium Woods Portobello Oak,Harvey Maria,Vinyl,LVT,2.5,1.95,152,914,,20.15,33.25,39.9,,,,
RE56117HAR,Premium Woods Reclaimed Pine,Harvey Maria,Vinyl,LVT,2.5,1.95,152,914,,20.15,33.25,39.9,,,,
RE76650HAR,Premium Woods Sawn Oak,Harvey Maria,Vinyl,LVT,2.5,1.95,152,914,,20.15,33.25,39.9,,,,
RE88331HAR,Premium Woods Scrubbed Pecan,Harvey Maria,Vinyl,LVT,2.5,1.95,152,914,,20.15,33.25,39.9,,,,
RE33576HAR,Premium Woods Sussex Oak,Harvey Maria,Vinyl,LVT,2.5,1.95,152,914,,20.15,33.25,39.9,,,,
RE22531HAR,Premium Woods Sussex Oak Parquet,Harvey Maria,Vinyl,LVT,2.5,1.95,101,304,,20.15,33.25,39.9,,,,
RE57402HAR,Premium Woods Walnut,Harvey Maria,Vinyl,LVT,2.5,1.95,152,914,,20.15,33.25,39.9,,,,
