SKU,Product,Manufacturer,Category,Material,Width,Sell ex VAT,Sell inc VAT,Colour,Slug,Image URL
RU37647FIB,Varsity Runner,Fibre,Runner,"75% Wool, 25% Nylon",700,89.16666666666666,107.0,Cambridge,varsity-runner-cambridge,product-images/runner/fibre/varsity-runner/varsity-runner-cambridge.jpg
RU37647FIB,Varsity Runner,Fibre,Runner,"75% Wool, 25% Nylon",700,89.16666666666666,107.0,Oxford,varsity-runner-oxford,product-images/runner/fibre/varsity-runner/varsity-runner-oxford.jpg
RU37647FIB,Varsity Runner,Fibre,Runner,"75% Wool, 25% Nylon",700,89.16666666666666,107.0,Princeton,varsity-runner-princeton,product-images/runner/fibre/varsity-runner/varsity-runner-princeton.jpg
RU37647FIB,Varsity Runner,Fibre,Runner,"75% Wool, 25% Nylon",700,89.16666666666666,107.0,St Andrews,varsity-runner-st-andrews,product-images/runner/fibre/varsity-runner/varsity-runner-st-andrews.jpg
RU37647FIB,Varsity Runner,Fibre,Runner,"75% Wool, 25% Nylon",700,89.16666666666666,107.0,Stanford,varsity-runner-stanford,product-images/runner/fibre/varsity-runner/varsity-runner-stanford.jpg
RU37647FIB,Varsity Runner,Fibre,Runner,"75% Wool, 25% Nylon",700,89.16666666666666,107.0,Trinity,varsity-runner-trinity,product-images/runner/fibre/varsity-runner/varsity-runner-trinity.jpg
RU96170OFF,Ashington,Off The Loom,Runner,"100% NZ Wool, 3-Ply",650,135.0,162.0,Stonington Grey,ashington-stonington-grey,product-images/runner/off-the-loom/ashington/ashington-stonington-grey.jpg
RU96170OFF,Ashington,Off The Loom,Runner,"100% NZ Wool, 3-Ply",650,135.0,162.0,Tuscany Yellow,ashington-tuscany-yellow,product-images/runner/off-the-loom/ashington/ashington-tuscany-yellow.jpg
RU96170OFF,Ashington,Off The Loom,Runner,"100% NZ Wool, 3-Ply",650,135.0,162.0,Tangerine Orange,ashington-tangerine-orange,product-images/runner/off-the-loom/ashington/ashington-tangerine-orange.jpg
RU96170OFF,Ashington,Off The Loom,Runner,"100% NZ Wool, 3-Ply",650,135.0,162.0,Mangrove Green,ashington-mangrove-green,product-images/runner/off-the-loom/ashington/ashington-mangrove-green.jpg
RU96170OFF,Ashington,Off The Loom,Runner,"100% NZ Wool, 3-Ply",650,135.0,162.0,French Blue,ashington-french-blue,product-images/runner/off-the-loom/ashington/ashington-french-blue.jpg
RU96170OFF,Ashington,Off The Loom,Runner,"100% NZ Wool, 3-Ply",650,135.0,162.0,Squirrel Taupe,ashington-squirrel-taupe,product-images/runner/off-the-loom/ashington/ashington-squirrel-taupe.jpg
RU98884OFF,Berwick,Off The Loom,Runner,"100% NZ Wool, 3-Ply",660,135.0,162.0,Regent,berwick-regent,product-images/runner/off-the-loom/berwick/berwick-regent.jpg
RU98884OFF,Berwick,Off The Loom,Runner,"100% NZ Wool, 3-Ply",660,135.0,162.0,Pacific Blue,berwick-pacific-blue,product-images/runner/off-the-loom/berwick/berwick-pacific-blue.jpg
RU98884OFF,Berwick,Off The Loom,Runner,"100% NZ Wool, 3-Ply",660,135.0,162.0,Sergeant Grey,berwick-sergeant-grey,product-images/runner/off-the-loom/berwick/berwick-sergeant-grey.jpg
RU98884OFF,Berwick,Off The Loom,Runner,"100% NZ Wool, 3-Ply",660,135.0,162.0,Trading Post,berwick-trading-post,product-images/runner/off-the-loom/berwick/berwick-trading-post.jpg
RU98884OFF,Berwick,Off The Loom,Runner,"100% NZ Wool, 3-Ply",660,135.0,162.0,Pigeon Grey,berwick-pigeon-grey,product-images/runner/off-the-loom/berwick/berwick-pigeon-grey.jpg
RU98884OFF,Berwick,Off The Loom,Runner,"100% NZ Wool, 3-Ply",660,135.0,162.0,Moonstone,berwick-moonstone,product-images/runner/off-the-loom/berwick/berwick-moonstone.jpg
RU68576OFF,Brampton,Off The Loom,Runner,"100% NZ Wool, 3-Ply",650,135.0,162.0,Canyon,brampton-canyon,product-images/runner/off-the-loom/brampton/brampton-canyon.jpg
RU68576OFF,Brampton,Off The Loom,Runner,"100% NZ Wool, 3-Ply",650,135.0,162.0,Rhino Grey,brampton-rhino-grey,product-images/runner/off-the-loom/brampton/brampton-rhino-grey.jpg
RU68576OFF,Brampton,Off The Loom,Runner,"100% NZ Wool, 3-Ply",650,135.0,162.0,Seaweed,brampton-seaweed,product-images/runner/off-the-loom/brampton/brampton-seaweed.jpg
RU68576OFF,Brampton,Off The Loom,Runner,"100% NZ Wool, 3-Ply",650,135.0,162.0,Sturbridge Blue,brampton-sturbridge-blue,product-images/runner/off-the-loom/brampton/brampton-sturbridge-blue.jpg
RU68576OFF,Brampton,Off The Loom,Runner,"100% NZ Wool, 3-Ply",650,135.0,162.0,Linen,brampton-linen,product-images/runner/off-the-loom/brampton/brampton-linen.jpg
RU68576OFF,Brampton,Off The Loom,Runner,"100% NZ Wool, 3-Ply",650,135.0,162.0,Blush Pink,brampton-blush-pink,product-images/runner/off-the-loom/brampton/brampton-blush-pink.jpg
RU27359OFF,Broomley,Off The Loom,Runner,"100% NZ Wool, 3-Ply",640,135.0,162.0,Cadet,broomley-cadet,product-images/runner/off-the-loom/broomley/broomley-cadet.jpg
RU27359OFF,Broomley,Off The Loom,Runner,"100% NZ Wool, 3-Ply",640,135.0,162.0,Laguna,broomley-laguna,product-images/runner/off-the-loom/broomley/broomley-laguna.jpg
RU27359OFF,Broomley,Off The Loom,Runner,"100% NZ Wool, 3-Ply",640,135.0,162.0,Suede,broomley-suede,product-images/runner/off-the-loom/broomley/broomley-suede.jpg
RU27359OFF,Broomley,Off The Loom,Runner,"100% NZ Wool, 3-Ply",640,135.0,162.0,Erika Pink,broomley-erika-pink,product-images/runner/off-the-loom/broomley/broomley-erika-pink.jpg
RU27359OFF,Broomley,Off The Loom,Runner,"100% NZ Wool, 3-Ply",640,135.0,162.0,Downing,broomley-downing,product-images/runner/off-the-loom/broomley/broomley-downing.jpg
RU27359OFF,Broomley,Off The Loom,Runner,"100% NZ Wool, 3-Ply",640,135.0,162.0,Battle Grey,broomley-battle-grey,product-images/runner/off-the-loom/broomley/broomley-battle-grey.jpg
RU27359OFF,Broomley,Off The Loom,Runner,"100% NZ Wool, 3-Ply",640,135.0,162.0,Obsidian Black,broomley-obsidian-black,product-images/runner/off-the-loom/broomley/broomley-obsidian-black.jpg
RU19062OFF,Doxford,Off The Loom,Runner,"100% NZ Wool, 3-Ply",650,135.0,162.0,Stratton,doxford-stratton,product-images/runner/off-the-loom/doxford/doxford-stratton.jpg
RU19062OFF,Doxford,Off The Loom,Runner,"100% NZ Wool, 3-Ply",650,135.0,162.0,Capri,doxford-capri,product-images/runner/off-the-loom/doxford/doxford-capri.jpg
RU19062OFF,Doxford,Off The Loom,Runner,"100% NZ Wool, 3-Ply",650,135.0,162.0,Calamine,doxford-calamine,product-images/runner/off-the-loom/doxford/doxford-calamine.jpg
RU19062OFF,Doxford,Off The Loom,Runner,"100% NZ Wool, 3-Ply",650,135.0,162.0,Truffle,doxford-truffle,product-images/runner/off-the-loom/doxford/doxford-truffle.jpg
RU19062OFF,Doxford,Off The Loom,Runner,"100% NZ Wool, 3-Ply",650,135.0,162.0,Metropolitan,doxford-metropolitan,product-images/runner/off-the-loom/doxford/doxford-metropolitan.jpg
RU74122OFF,Felton Border,Off The Loom,Runner,"100% NZ Wool, 3-Ply",650,144.16666666666666,173.0,Priory Mauve,felton-border-priory-mauve,product-images/runner/off-the-loom/felton-border/felton-border-priory-mauve.jpg
RU74122OFF,Felton Border,Off The Loom,Runner,"100% NZ Wool, 3-Ply",650,144.16666666666666,173.0,Alpine,felton-border-alpine,product-images/runner/off-the-loom/felton-border/felton-border-alpine.jpg
RU74122OFF,Felton Border,Off The Loom,Runner,"100% NZ Wool, 3-Ply",650,144.16666666666666,173.0,Aruna,felton-border-aruna,product-images/runner/off-the-loom/felton-border/felton-border-aruna.jpg
RU74122OFF,Felton Border,Off The Loom,Runner,"100% NZ Wool, 3-Ply",650,144.16666666666666,173.0,Masquerade,felton-border-masquerade,product-images/runner/off-the-loom/felton-border/felton-border-masquerade.jpg
RU74122OFF,Felton Border,Off The Loom,Runner,"100% NZ Wool, 3-Ply",650,144.16666666666666,173.0,Seal Grey,felton-border-seal-grey,product-images/runner/off-the-loom/felton-border/felton-border-seal-grey.jpg
RU74122OFF,Felton Border,Off The Loom,Runner,"100% NZ Wool, 3-Ply",650,144.16666666666666,173.0,Cargo Grey,felton-border-cargo-grey,product-images/runner/off-the-loom/felton-border/felton-border-cargo-grey.jpg
RU74122OFF,Felton Border,Off The Loom,Runner,"100% NZ Wool, 3-Ply",650,144.16666666666666,173.0,Marlin Blue,felton-border-marlin-blue,product-images/runner/off-the-loom/felton-border/felton-border-marlin-blue.jpg
RU74122OFF,Felton Border,Off The Loom,Runner,"100% NZ Wool, 3-Ply",650,144.16666666666666,173.0,Stately Grey,felton-border-stately-grey,product-images/runner/off-the-loom/felton-border/felton-border-stately-grey.jpg
RU74122OFF,Felton Border,Off The Loom,Runner,"100% NZ Wool, 3-Ply",650,144.16666666666666,173.0,Warm Stone,felton-border-warm-stone,product-images/runner/off-the-loom/felton-border/felton-border-warm-stone.jpg
RU74122OFF,Felton Border,Off The Loom,Runner,"100% NZ Wool, 3-Ply",650,144.16666666666666,173.0,Blueberry,felton-border-blueberry,product-images/runner/off-the-loom/felton-border/felton-border-blueberry.jpg
RU90822OFF,Gainford,Off The Loom,Runner,"100% NZ Wool, 3-Ply",660,135.0,162.0,Courtyard Grey,gainford-courtyard-grey,product-images/runner/off-the-loom/gainford/gainford-courtyard-grey.jpg
RU90822OFF,Gainford,Off The Loom,Runner,"100% NZ Wool, 3-Ply",660,135.0,162.0,Urban Grey,gainford-urban-grey,product-images/runner/off-the-loom/gainford/gainford-urban-grey.jpg
RU90822OFF,Gainford,Off The Loom,Runner,"100% NZ Wool, 3-Ply",660,135.0,162.0,Dusty,gainford-dusty,product-images/runner/off-the-loom/gainford/gainford-dusty.jpg
RU90822OFF,Gainford,Off The Loom,Runner,"100% NZ Wool, 3-Ply",660,135.0,162.0,Everglade,gainford-everglade,product-images/runner/off-the-loom/gainford/gainford-everglade.jpg
RU90822OFF,Gainford,Off The Loom,Runner,"100% NZ Wool, 3-Ply",660,135.0,162.0,Inca,gainford-inca,product-images/runner/off-the-loom/gainford/gainford-inca.jpg
RU90822OFF,Gainford,Off The Loom,Runner,"100% NZ Wool, 3-Ply",660,135.0,162.0,Verano Red,gainford-verano-red,product-images/runner/off-the-loom/gainford/gainford-verano-red.jpg
RU90822OFF,Gainford,Off The Loom,Runner,"100% NZ Wool, 3-Ply",660,135.0,162.0,Mineral Grey,gainford-mineral-grey,product-images/runner/off-the-loom/gainford/gainford-mineral-grey.jpg
RU90822OFF,Gainford,Off The Loom,Runner,"100% NZ Wool, 3-Ply",660,135.0,162.0,Clay,gainford-clay,product-images/runner/off-the-loom/gainford/gainford-clay.jpg
RU94259OFF,Hadston,Off The Loom,Runner,"100% NZ Wool, 3-Ply",640,144.16666666666666,173.0,Olive Green,hadston-olive-green,product-images/runner/off-the-loom/hadston/hadston-olive-green.jpg
RU94259OFF,Hadston,Off The Loom,Runner,"100% NZ Wool, 3-Ply",640,144.16666666666666,173.0,Branden Blue,hadston-branden-blue,product-images/runner/off-the-loom/hadston/hadston-branden-blue.jpg
RU94259OFF,Hadston,Off The Loom,Runner,"100% NZ Wool, 3-Ply",640,144.16666666666666,173.0,Moroccan Mustard,hadston-moroccan-mustard,product-images/runner/off-the-loom/hadston/hadston-moroccan-mustard.jpg
RU94259OFF,Hadston,Off The Loom,Runner,"100% NZ Wool, 3-Ply",640,144.16666666666666,173.0,Smokey Taupe,hadston-smokey-taupe,product-images/runner/off-the-loom/hadston/hadston-smokey-taupe.jpg
RU94259OFF,Hadston,Off The Loom,Runner,"100% NZ Wool, 3-Ply",640,144.16666666666666,173.0,Mulberry Mauve,hadston-mulberry-mauve,product-images/runner/off-the-loom/hadston/hadston-mulberry-mauve.jpg
RU94259OFF,Hadston,Off The Loom,Runner,"100% NZ Wool, 3-Ply",640,144.16666666666666,173.0,Cooper Grey,hadston-cooper-grey,product-images/runner/off-the-loom/hadston/hadston-cooper-grey.jpg
RU94259OFF,Hadston,Off The Loom,Runner,"100% NZ Wool, 3-Ply",640,144.16666666666666,173.0,Gingerbread Spice,hadston-gingerbread-spice,product-images/runner/off-the-loom/hadston/hadston-gingerbread-spice.jpg
RU95181OFF,Lintzford,Off The Loom,Runner,"100% NZ Wool, 3-Ply",650,135.0,162.0,Sherwin,lintzford-sherwin,product-images/runner/off-the-loom/lintzford/lintzford-sherwin.jpg
RU95181OFF,Lintzford,Off The Loom,Runner,"100% NZ Wool, 3-Ply",650,135.0,162.0,Sakhir,lintzford-sakhir,product-images/runner/off-the-loom/lintzford/lintzford-sakhir.jpg
RU95181OFF,Lintzford,Off The Loom,Runner,"100% NZ Wool, 3-Ply",650,135.0,162.0,Petrol,lintzford-petrol,product-images/runner/off-the-loom/lintzford/lintzford-petrol.jpg
RU95181OFF,Lintzford,Off The Loom,Runner,"100% NZ Wool, 3-Ply",650,135.0,162.0,Shale,lintzford-shale,product-images/runner/off-the-loom/lintzford/lintzford-shale.jpg
RU95181OFF,Lintzford,Off The Loom,Runner,"100% NZ Wool, 3-Ply",650,135.0,162.0,Juniper,lintzford-juniper,product-images/runner/off-the-loom/lintzford/lintzford-juniper.jpg
RU95181OFF,Lintzford,Off The Loom,Runner,"100% NZ Wool, 3-Ply",650,135.0,162.0,Viridian,lintzford-viridian,product-images/runner/off-the-loom/lintzford/lintzford-viridian.jpg
RU95181OFF,Lintzford,Off The Loom,Runner,"100% NZ Wool, 3-Ply",650,135.0,162.0,Saddle,lintzford-saddle,product-images/runner/off-the-loom/lintzford/lintzford-saddle.jpg
RU70219OFF,Morden,Off The Loom,Runner,"100% NZ Wool, 3-Ply",650,135.0,162.0,Hemlock,morden-hemlock,product-images/runner/off-the-loom/morden/morden-hemlock.jpg
RU70219OFF,Morden,Off The Loom,Runner,"100% NZ Wool, 3-Ply",650,135.0,162.0,Bala,morden-bala,product-images/runner/off-the-loom/morden/morden-bala.jpg
RU70219OFF,Morden,Off The Loom,Runner,"100% NZ Wool, 3-Ply",650,135.0,162.0,Vida,morden-vida,product-images/runner/off-the-loom/morden/morden-vida.jpg
RU70219OFF,Morden,Off The Loom,Runner,"100% NZ Wool, 3-Ply",650,135.0,162.0,Cinnamon,morden-cinnamon,product-images/runner/off-the-loom/morden/morden-cinnamon.jpg
RU70219OFF,Morden,Off The Loom,Runner,"100% NZ Wool, 3-Ply",650,135.0,162.0,Wisteria,morden-wisteria,product-images/runner/off-the-loom/morden/morden-wisteria.jpg
RU70219OFF,Morden,Off The Loom,Runner,"100% NZ Wool, 3-Ply",650,135.0,162.0,Fennel Green,morden-fennel-green,product-images/runner/off-the-loom/morden/morden-fennel-green.jpg
RU70219OFF,Morden,Off The Loom,Runner,"100% NZ Wool, 3-Ply",650,135.0,162.0,Canary Yellow,morden-canary-yellow,product-images/runner/off-the-loom/morden/morden-canary-yellow.jpg
RU70219OFF,Morden,Off The Loom,Runner,"100% NZ Wool, 3-Ply",650,135.0,162.0,Pretty Pink,morden-pretty-pink,product-images/runner/off-the-loom/morden/morden-pretty-pink.jpg
RU70219OFF,Morden,Off The Loom,Runner,"100% NZ Wool, 3-Ply",650,135.0,162.0,Navy Blue,morden-navy-blue,product-images/runner/off-the-loom/morden/morden-navy-blue.jpg
RU70219OFF,Morden,Off The Loom,Runner,"100% NZ Wool, 3-Ply",650,135.0,162.0,Raspberry,morden-raspberry,product-images/runner/off-the-loom/morden/morden-raspberry.jpg
RU70219OFF,Morden,Off The Loom,Runner,"100% NZ Wool, 3-Ply",650,135.0,162.0,Lounge Green,morden-lounge-green,product-images/runner/off-the-loom/morden/morden-lounge-green.jpg
RU70219OFF,Morden,Off The Loom,Runner,"100% NZ Wool, 3-Ply",650,135.0,162.0,Dijon Yellow,morden-dijon-yellow,product-images/runner/off-the-loom/morden/morden-dijon-yellow.jpg
RU70219OFF,Morden,Off The Loom,Runner,"100% NZ Wool, 3-Ply",650,135.0,162.0,Parisian Pink,morden-parisian-pink,product-images/runner/off-the-loom/morden/morden-parisian-pink.jpg
RU70219OFF,Morden,Off The Loom,Runner,"100% NZ Wool, 3-Ply",650,135.0,162.0,Griffin,morden-griffin,product-images/runner/off-the-loom/morden/morden-griffin.jpg
RU70219OFF,Morden,Off The Loom,Runner,"100% NZ Wool, 3-Ply",650,135.0,162.0,Dormouse,morden-dormouse,product-images/runner/off-the-loom/morden/morden-dormouse.jpg
RU70219OFF,Morden,Off The Loom,Runner,"100% NZ Wool, 3-Ply",650,135.0,162.0,Sand Beige,morden-sand-beige,product-images/runner/off-the-loom/morden/morden-sand-beige.jpg
RU70219OFF,Morden,Off The Loom,Runner,"100% NZ Wool, 3-Ply",650,135.0,162.0,Owl,morden-owl,product-images/runner/off-the-loom/morden/morden-owl.jpg
RU70219OFF,Morden,Off The Loom,Runner,"100% NZ Wool, 3-Ply",650,135.0,162.0,French Grey,morden-french-grey,product-images/runner/off-the-loom/morden/morden-french-grey.jpg
RU70219OFF,Morden,Off The Loom,Runner,"100% NZ Wool, 3-Ply",650,135.0,162.0,Dolphin Grey,morden-dolphin-grey,product-images/runner/off-the-loom/morden/morden-dolphin-grey.jpg
RU70219OFF,Morden,Off The Loom,Runner,"100% NZ Wool, 3-Ply",650,135.0,162.0,Dorian,morden-dorian,product-images/runner/off-the-loom/morden/morden-dorian.jpg
RU70219OFF,Morden,Off The Loom,Runner,"100% NZ Wool, 3-Ply",650,135.0,162.0,Flint,morden-flint,product-images/runner/off-the-loom/morden/morden-flint.jpg
RU70219OFF,Morden,Off The Loom,Runner,"100% NZ Wool, 3-Ply",650,135.0,162.0,Gunmetal Grey,morden-gunmetal-grey,product-images/runner/off-the-loom/morden/morden-gunmetal-grey.jpg
RU70219OFF,Morden,Off The Loom,Runner,"100% NZ Wool, 3-Ply",650,135.0,162.0,Sage Green,morden-sage-green,product-images/runner/off-the-loom/morden/morden-sage-green.jpg
RU30969OFF,Rothbury,Off The Loom,Runner,"100% NZ Wool, 3-Ply",640,139.16666666666666,167.0,Black,rothbury-black,product-images/runner/off-the-loom/rothbury/rothbury-black.jpg
RU30969OFF,Rothbury,Off The Loom,Runner,"100% NZ Wool, 3-Ply",640,139.16666666666666,167.0,Soft Sky Blue,rothbury-soft-sky-blue,product-images/runner/off-the-loom/rothbury/rothbury-soft-sky-blue.jpg
RU30969OFF,Rothbury,Off The Loom,Runner,"100% NZ Wool, 3-Ply",640,139.16666666666666,167.0,Easy Green,rothbury-easy-green,product-images/runner/off-the-loom/rothbury/rothbury-easy-green.jpg
RU30969OFF,Rothbury,Off The Loom,Runner,"100% NZ Wool, 3-Ply",640,139.16666666666666,167.0,Denim Blue,rothbury-denim-blue,product-images/runner/off-the-loom/rothbury/rothbury-denim-blue.jpg
RU30969OFF,Rothbury,Off The Loom,Runner,"100% NZ Wool, 3-Ply",640,139.16666666666666,167.0,Raisin,rothbury-raisin,product-images/runner/off-the-loom/rothbury/rothbury-raisin.jpg
RU30969OFF,Rothbury,Off The Loom,Runner,"100% NZ Wool, 3-Ply",640,139.16666666666666,167.0,Fossil Grey,rothbury-fossil-grey,product-images/runner/off-the-loom/rothbury/rothbury-fossil-grey.jpg
RU30969OFF,Rothbury,Off The Loom,Runner,"100% NZ Wool, 3-Ply",640,139.16666666666666,167.0,Pink Bloom,rothbury-pink-bloom,product-images/runner/off-the-loom/rothbury/rothbury-pink-bloom.jpg
RU30969OFF,Rothbury,Off The Loom,Runner,"100% NZ Wool, 3-Ply",640,139.16666666666666,167.0,Soft Pewter,rothbury-soft-pewter,product-images/runner/off-the-loom/rothbury/rothbury-soft-pewter.jpg
RU46508OFF,Stannington,Off The Loom,Runner,"100% NZ Wool, 3-Ply",640,144.16666666666666,173.0,Crew,stannington-crew,product-images/runner/off-the-loom/stannington/stannington-crew.jpg
RU46508OFF,Stannington,Off The Loom,Runner,"100% NZ Wool, 3-Ply",640,144.16666666666666,173.0,Piper,stannington-piper,product-images/runner/off-the-loom/stannington/stannington-piper.jpg
RU46508OFF,Stannington,Off The Loom,Runner,"100% NZ Wool, 3-Ply",640,144.16666666666666,173.0,Yara,stannington-yara,product-images/runner/off-the-loom/stannington/stannington-yara.jpg
RU46508OFF,Stannington,Off The Loom,Runner,"100% NZ Wool, 3-Ply",640,144.16666666666666,173.0,Wren,stannington-wren,product-images/runner/off-the-loom/stannington/stannington-wren.jpg
RU46508OFF,Stannington,Off The Loom,Runner,"100% NZ Wool, 3-Ply",640,144.16666666666666,173.0,Novah,stannington-novah,product-images/runner/off-the-loom/stannington/stannington-novah.jpg
RU46508OFF,Stannington,Off The Loom,Runner,"100% NZ Wool, 3-Ply",640,144.16666666666666,173.0,Troon,stannington-troon,product-images/runner/off-the-loom/stannington/stannington-troon.jpg
RU36119SOP,Sophie Cooney Jute Collection (70 CM),Sophie Cooney Runners,Runner,"100% Jute, (Handwoven)",700,158.33333333333334,190.0,Blueberry Blue,sophie-cooney-jute-collection-70-cm-blueberry-blue,product-images/runner/sophie-cooney-runners/sophie-cooney-jute-collection-70-cm/sophie-cooney-jute-collection-70-cm-blueberry-blue.jpg
RU36119SOP,Sophie Cooney Jute Collection (70 CM),Sophie Cooney Runners,Runner,"100% Jute, (Handwoven)",700,158.33333333333334,190.0,Burnt Orange,sophie-cooney-jute-collection-70-cm-burnt-orange,product-images/runner/sophie-cooney-runners/sophie-cooney-jute-collection-70-cm/sophie-cooney-jute-collection-70-cm-burnt-orange.jpg
RU36119SOP,Sophie Cooney Jute Collection (70 CM),Sophie Cooney Runners,Runner,"100% Jute, (Handwoven)",700,158.33333333333334,190.0,Purple,sophie-cooney-jute-collection-70-cm-purple,product-images/runner/sophie-cooney-runners/sophie-cooney-jute-collection-70-cm/sophie-cooney-jute-collection-70-cm-purple.jpg
RU36119SOP,Sophie Cooney Jute Collection (70 CM),Sophie Cooney Runners,Runner,"100% Jute, (Handwoven)",700,158.33333333333334,190.0,Sage Green,sophie-cooney-jute-collection-70-cm-sage-green,product-images/runner/sophie-cooney-runners/sophie-cooney-jute-collection-70-cm/sophie-cooney-jute-collection-70-cm-sage-green.jpg
RU49794SOP,Sophie Cooney Attica Design (60 CM),Sophie Cooney Runners,Runner,"100% NZ Wool, (Handwoven)",600,329.16666666666663,395.0,Blue,sophie-cooney-attica-design-60-cm-blue,product-images/runner/sophie-cooney-runners/sophie-cooney-attica-design-60-cm/sophie-cooney-attica-design-60-cm-blue.jpg
RU49794SOP,Sophie Cooney Attica Design (60 CM),Sophie Cooney Runners,Runner,"100% NZ Wool, (Handwoven)",600,329.16666666666663,395.0,Purple,sophie-cooney-attica-design-60-cm-purple,product-images/runner/sophie-cooney-runners/sophie-cooney-attica-design-60-cm/sophie-cooney-attica-design-60-cm-purple.jpg
RU78044SOP,Sophie Cooney Attica Design (70 CM),Sophie Cooney Runners,Runner,"100% NZ Wool, (Handwoven)",700,354.16666666666663,425.0,Blue,sophie-cooney-attica-design-70-cm-blue,product-images/runner/sophie-cooney-runners/sophie-cooney-attica-design-70-cm/sophie-cooney-attica-design-70-cm-blue.jpg
RU78044SOP,Sophie Cooney Attica Design (70 CM),Sophie Cooney Runners,Runner,"100% NZ Wool, (Handwoven)",700,354.16666666666663,425.0,Purple,sophie-cooney-attica-design-70-cm-purple,product-images/runner/sophie-cooney-runners/sophie-cooney-attica-design-70-cm/sophie-cooney-attica-design-70-cm-purple.jpg
RU84272SOP,Sophie Cooney Eye Design (60 CM),Sophie Cooney Runners,Runner,"100% NZ Wool, (Handwoven)",600,329.16666666666663,395.0,Blue,sophie-cooney-eye-design-60-cm-blue,product-images/runner/sophie-cooney-runners/sophie-cooney-eye-design-60-cm/sophie-cooney-eye-design-60-cm-blue.jpg
RU84272SOP,Sophie Cooney Eye Design (60 CM),Sophie Cooney Runners,Runner,"100% NZ Wool, (Handwoven)",600,329.16666666666663,395.0,Clay,sophie-cooney-eye-design-60-cm-clay,product-images/runner/sophie-cooney-runners/sophie-cooney-eye-design-60-cm/sophie-cooney-eye-design-60-cm-clay.jpg
RU84272SOP,Sophie Cooney Eye Design (60 CM),Sophie Cooney Runners,Runner,"100% NZ Wool, (Handwoven)",600,329.16666666666663,395.0,Green,sophie-cooney-eye-design-60-cm-green,product-images/runner/sophie-cooney-runners/sophie-cooney-eye-design-60-cm/sophie-cooney-eye-design-60-cm-green.jpg
RU49672SOP,Sophie Cooney Eye Design (70 CM),Sophie Cooney Runners,Runner,"100% NZ Wool, (Handwoven)",700,354.16666666666663,425.0,Blue,sophie-cooney-eye-design-70-cm-blue,product-images/runner/sophie-cooney-runners/sophie-cooney-eye-design-70-cm/sophie-cooney-eye-design-70-cm-blue.jpg
RU49672SOP,Sophie Cooney Eye Design (70 CM),Sophie Cooney Runners,Runner,"100% NZ Wool, (Handwoven)",700,354.16666666666663,425.0,Clay,sophie-cooney-eye-design-70-cm-clay,product-images/runner/sophie-cooney-runners/sophie-cooney-eye-design-70-cm/sophie-cooney-eye-design-70-cm-clay.jpg
RU49672SOP,Sophie Cooney Eye Design (70 CM),Sophie Cooney Runners,Runner,"100% NZ Wool, (Handwoven)",700,354.16666666666663,425.0,Green,sophie-cooney-eye-design-70-cm-green,product-images/runner/sophie-cooney-runners/sophie-cooney-eye-design-70-cm/sophie-cooney-eye-design-70-cm-green.jpg
RU38382SOP,Sophie Cooney Fortis Design (60 CM),Sophie Cooney Runners,Runner,"100% NZ Wool, (Handwoven)",600,329.16666666666663,395.0,Black,sophie-cooney-fortis-design-60-cm-black,product-images/runner/sophie-cooney-runners/sophie-cooney-fortis-design-60-cm/sophie-cooney-fortis-design-60-cm-black.jpg
RU51515SOP,Sophie Cooney Fortis Design (70 CM),Sophie Cooney Runners,Runner,"100% NZ Wool, (Handwoven)",700,354.16666666666663,425.0,Black,sophie-cooney-fortis-design-70-cm-black,product-images/runner/sophie-cooney-runners/sophie-cooney-fortis-design-70-cm/sophie-cooney-fortis-design-70-cm-black.jpg
RU75637SOP,Sophie Cooney Safari (60 CM),Sophie Cooney Runners,Runner,"100% NZ Wool, (Handwoven)",600,329.16666666666663,395.0,Red,sophie-cooney-safari-60-cm-red,product-images/runner/sophie-cooney-runners/sophie-cooney-safari-60-cm/sophie-cooney-safari-60-cm-red.jpg
RU75637SOP,Sophie Cooney Safari (60 CM),Sophie Cooney Runners,Runner,"100% NZ Wool, (Handwoven)",600,329.16666666666663,395.0,Yellow,sophie-cooney-safari-60-cm-yellow,product-images/runner/sophie-cooney-runners/sophie-cooney-safari-60-cm/sophie-cooney-safari-60-cm-yellow.jpg
RU28813SOP,Sophie Cooney Safari (70 CM),Sophie Cooney Runners,Runner,"100% NZ Wool, (Handwoven)",700,354.16666666666663,425.0,Red,sophie-cooney-safari-70-cm-red,product-images/runner/sophie-cooney-runners/sophie-cooney-safari-70-cm/sophie-cooney-safari-70-cm-red.jpg
RU28813SOP,Sophie Cooney Safari (70 CM),Sophie Cooney Runners,Runner,"100% NZ Wool, (Handwoven)",700,354.16666666666663,425.0,Yellow,sophie-cooney-safari-70-cm-yellow,product-images/runner/sophie-cooney-runners/sophie-cooney-safari-70-cm/sophie-cooney-safari-70-cm-yellow.jpg
RU92050SOP,Sophie Cooney Tria Design (60 CM),Sophie Cooney Runners,Runner,"100% NZ Wool, (Handwoven)",600,329.16666666666663,395.0,Salmon,sophie-cooney-tria-design-60-cm-salmon,product-images/runner/sophie-cooney-runners/sophie-cooney-tria-design-60-cm/sophie-cooney-tria-design-60-cm-salmon.jpg
RU92050SOP,Sophie Cooney Tria Design (60 CM),Sophie Cooney Runners,Runner,"100% NZ Wool, (Handwoven)",600,329.16666666666663,395.0,Sky Blue,sophie-cooney-tria-design-60-cm-sky-blue,product-images/runner/sophie-cooney-runners/sophie-cooney-tria-design-60-cm/sophie-cooney-tria-design-60-cm-sky-blue.jpg
RU93138SOP,Sophie Cooney Tria Design (70 CM),Sophie Cooney Runners,Runner,"100% NZ Wool, (Handwoven)",700,354.16666666666663,425.0,Salmon,sophie-cooney-tria-design-70-cm-salmon,product-images/runner/sophie-cooney-runners/sophie-cooney-tria-design-70-cm/sophie-cooney-tria-design-70-cm-salmon.jpg
RU93138SOP,Sophie Cooney Tria Design (70 CM),Sophie Cooney Runners,Runner,"100% NZ Wool, (Handwoven)",700,354.16666666666663,425.0,Sky Blue,sophie-cooney-tria-design-70-cm-sky-blue,product-images/runner/sophie-cooney-runners/sophie-cooney-tria-design-70-cm/sophie-cooney-tria-design-70-cm-sky-blue.jpg
RU52423SOP,Sophie Cooney Tribal Design (60 CM),Sophie Cooney Runners,Runner,"100% NZ Wool, (Handwoven)",600,329.16666666666663,395.0,Blue,sophie-cooney-tribal-design-60-cm-blue,product-images/runner/sophie-cooney-runners/sophie-cooney-tribal-design-60-cm/sophie-cooney-tribal-design-60-cm-blue.jpg
RU52423SOP,Sophie Cooney Tribal Design (60 CM),Sophie Cooney Runners,Runner,"100% NZ Wool, (Handwoven)",600,329.16666666666663,395.0,Green,sophie-cooney-tribal-design-60-cm-green,product-images/runner/sophie-cooney-runners/sophie-cooney-tribal-design-60-cm/sophie-cooney-tribal-design-60-cm-green.jpg
RU88181SOP,Sophie Cooney Tribal Design (70 CM),Sophie Cooney Runners,Runner,"100% NZ Wool, (Handwoven)",700,354.16666666666663,425.0,Blue,sophie-cooney-tribal-design-70-cm-blue,product-images/runner/sophie-cooney-runners/sophie-cooney-tribal-design-70-cm/sophie-cooney-tribal-design-70-cm-blue.jpg
RU88181SOP,Sophie Cooney Tribal Design (70 CM),Sophie Cooney Runners,Runner,"100% NZ Wool, (Handwoven)",700,354.16666666666663,425.0,Green,sophie-cooney-tribal-design-70-cm-green,product-images/runner/sophie-cooney-runners/sophie-cooney-tribal-design-70-cm/sophie-cooney-tribal-design-70-cm-green.jpg
RU38671SOP,Sophie Cooney Via Duo (60 CM),Sophie Cooney Runners,Runner,"100% NZ Wool, (Handwoven)",600,329.16666666666663,395.0,Red,sophie-cooney-via-duo-60-cm-red,product-images/runner/sophie-cooney-runners/sophie-cooney-via-duo-60-cm/sophie-cooney-via-duo-60-cm-red.jpg
RU91694SOP,Sophie Cooney Via Duo (70 CM),Sophie Cooney Runners,Runner,"100% NZ Wool, (Handwoven)",700,354.16666666666663,425.0,Red,sophie-cooney-via-duo-70-cm-red,product-images/runner/sophie-cooney-runners/sophie-cooney-via-duo-70-cm/sophie-cooney-via-duo-70-cm-red.jpg
RU22370SOP,Sophie Cooney Zurianna (60 CM),Sophie Cooney Runners,Runner,"100% NZ Wool, (Handwoven)",600,329.16666666666663,395.0,Dark Navy,sophie-cooney-zurianna-60-cm-dark-navy,product-images/runner/sophie-cooney-runners/sophie-cooney-zurianna-60-cm/sophie-cooney-zurianna-60-cm-dark-navy.jpg
RU22370SOP,Sophie Cooney Zurianna (60 CM),Sophie Cooney Runners,Runner,"100% NZ Wool, (Handwoven)",600,329.16666666666663,395.0,Moss Green,sophie-cooney-zurianna-60-cm-moss-green,product-images/runner/sophie-cooney-runners/sophie-cooney-zurianna-60-cm/sophie-cooney-zurianna-60-cm-moss-green.jpg
RU23724SOP,Sophie Cooney Zurianna (70 CM),Sophie Cooney Runners,Runner,"100% NZ Wool, (Handwoven)",700,354.16666666666663,425.0,Dark Navy,sophie-cooney-zurianna-70-cm-dark-navy,product-images/runner/sophie-cooney-runners/sophie-cooney-zurianna-70-cm/sophie-cooney-zurianna-70-cm-dark-navy.jpg
RU23724SOP,Sophie Cooney Zurianna (70 CM),Sophie Cooney Runners,Runner,"100% NZ Wool, (Handwoven)",700,354.16666666666663,425.0,Moss Green,sophie-cooney-zurianna-70-cm-moss-green,product-images/runner/sophie-cooney-runners/sophie-cooney-zurianna-70-cm/sophie-cooney-zurianna-70-cm-moss-green.jpg
RU42609SOP,Sophie Cooney Eye Duo (Raw Cotton) (60 CM),Sophie Cooney Runners,Runner,"100% Raw Cotton, (Handwoven)",600,145.83333333333334,175.0,Cherry Red,sophie-cooney-eye-duo-raw-cotton-60-cm-cherry-red,product-images/runner/sophie-cooney-runners/sophie-cooney-eye-duo-raw-cotton-60-cm/sophie-cooney-eye-duo-raw-cotton-60-cm-cherry-red.jpg
RU42609SOP,Sophie Cooney Eye Duo (Raw Cotton) (60 CM),Sophie Cooney Runners,Runner,"100% Raw Cotton, (Handwoven)",600,145.83333333333334,175.0,Moss Green,sophie-cooney-eye-duo-raw-cotton-60-cm-moss-green,product-images/runner/sophie-cooney-runners/sophie-cooney-eye-duo-raw-cotton-60-cm/sophie-cooney-eye-duo-raw-cotton-60-cm-moss-green.jpg
RU42609SOP,Sophie Cooney Eye Duo (Raw Cotton) (60 CM),Sophie Cooney Runners,Runner,"100% Raw Cotton, (Handwoven)",600,145.83333333333334,175.0,Navy Blue,sophie-cooney-eye-duo-raw-cotton-60-cm-navy-blue,product-images/runner/sophie-cooney-runners/sophie-cooney-eye-duo-raw-cotton-60-cm/sophie-cooney-eye-duo-raw-cotton-60-cm-navy-blue.jpg
RU42609SOP,Sophie Cooney Eye Duo (Raw Cotton) (60 CM),Sophie Cooney Runners,Runner,"100% Raw Cotton, (Handwoven)",600,145.83333333333334,175.0,Yellow,sophie-cooney-eye-duo-raw-cotton-60-cm-yellow,product-images/runner/sophie-cooney-runners/sophie-cooney-eye-duo-raw-cotton-60-cm/sophie-cooney-eye-duo-raw-cotton-60-cm-yellow.jpg
RU51123SOP,Sophie Cooney Rudis Via (Raw Cotton) (60 CM),Sophie Cooney Runners,Runner,"100% Raw Cotton, (Handwoven)",600,145.83333333333334,175.0,Red,sophie-cooney-rudis-via-raw-cotton-60-cm-red,product-images/runner/sophie-cooney-runners/sophie-cooney-rudis-via-raw-cotton-60-cm/sophie-cooney-rudis-via-raw-cotton-60-cm-red.jpg
RU51123SOP,Sophie Cooney Rudis Via (Raw Cotton) (60 CM),Sophie Cooney Runners,Runner,"100% Raw Cotton, (Handwoven)",600,145.83333333333334,175.0,Yellow,sophie-cooney-rudis-via-raw-cotton-60-cm-yellow,product-images/runner/sophie-cooney-runners/sophie-cooney-rudis-via-raw-cotton-60-cm/sophie-cooney-rudis-via-raw-cotton-60-cm-yellow.jpg
RU92805SOP,Sophie Cooney Terra Design (Raw Cotton) (60 CM),Sophie Cooney Runners,Runner,"100% Raw Cotton, (Handwoven)",600,145.83333333333334,175.0,Blue â€“ Turquoise,sophie-cooney-terra-design-raw-cotton-60-cm-blue-turquoise,product-images/runner/sophie-cooney-runners/sophie-cooney-terra-design-raw-cotton-60-cm/sophie-cooney-terra-design-raw-cotton-60-cm-blue-turquoise.jpg
RU65362SOP,Sophie Cooney Thors Design (Raw Cotton) (60 CM),Sophie Cooney Runners,Runner,"100% Raw Cotton, (Handwoven)",600,145.83333333333334,175.0,Blue - Orange,sophie-cooney-thors-design-raw-cotton-60-cm-blue-orange,product-images/runner/sophie-cooney-runners/sophie-cooney-thors-design-raw-cotton-60-cm/sophie-cooney-thors-design-raw-cotton-60-cm-blue-orange.jpg
RU65362SOP,Sophie Cooney Thors Design (Raw Cotton) (60 CM),Sophie Cooney Runners,Runner,"100% Raw Cotton, (Handwoven)",600,145.83333333333334,175.0,Moss Green - Orange,sophie-cooney-thors-design-raw-cotton-60-cm-moss-green-orange,product-images/runner/sophie-cooney-runners/sophie-cooney-thors-design-raw-cotton-60-cm/sophie-cooney-thors-design-raw-cotton-60-cm-moss-green-orange.jpg
RU65362SOP,Sophie Cooney Thors Design (Raw Cotton) (60 CM),Sophie Cooney Runners,Runner,"100% Raw Cotton, (Handwoven)",600,145.83333333333334,175.0,Salmon - Navy,sophie-cooney-thors-design-raw-cotton-60-cm-salmon-navy,product-images/runner/sophie-cooney-runners/sophie-cooney-thors-design-raw-cotton-60-cm/sophie-cooney-thors-design-raw-cotton-60-cm-salmon-navy.jpg
RU32429SOP,Sophie Cooney Tria Design (Raw Cotton) (60 CM),Sophie Cooney Runners,Runner,"100% Raw Cotton, (Handwoven)",600,145.83333333333334,175.0,Green,sophie-cooney-tria-design-raw-cotton-60-cm-green,product-images/runner/sophie-cooney-runners/sophie-cooney-tria-design-raw-cotton-60-cm/sophie-cooney-tria-design-raw-cotton-60-cm-green.jpg
RU32429SOP,Sophie Cooney Tria Design (Raw Cotton) (60 CM),Sophie Cooney Runners,Runner,"100% Raw Cotton, (Handwoven)",600,145.83333333333334,175.0,Blue,sophie-cooney-tria-design-raw-cotton-60-cm-blue,product-images/runner/sophie-cooney-runners/sophie-cooney-tria-design-raw-cotton-60-cm/sophie-cooney-tria-design-raw-cotton-60-cm-blue.jpg
RU31210SOP,Sophie Cooney Zuri Design (Raw Cotton) (60 CM),Sophie Cooney Runners,Runner,"100% Raw Cotton, (Handwoven)",600,145.83333333333334,175.0,Navy Blue,sophie-cooney-zuri-design-raw-cotton-60-cm-navy-blue,product-images/runner/sophie-cooney-runners/sophie-cooney-zuri-design-raw-cotton-60-cm/sophie-cooney-zuri-design-raw-cotton-60-cm-navy-blue.jpg
RU31210SOP,Sophie Cooney Zuri Design (Raw Cotton) (60 CM),Sophie Cooney Runners,Runner,"100% Raw Cotton, (Handwoven)",600,145.83333333333334,175.0,Red Navy,sophie-cooney-zuri-design-raw-cotton-60-cm-red-navy,product-images/runner/sophie-cooney-runners/sophie-cooney-zuri-design-raw-cotton-60-cm/sophie-cooney-zuri-design-raw-cotton-60-cm-red-navy.jpg
RU48299FLE,Adelaide,Fleetwood Fox,Runner,100% New Zealand Wool,700,138.33,165.996,1,adelaide-1,product-images/runner/fleetwood-fox/adelaide/adelaide-1.jpg
RU48299FLE,Adelaide,Fleetwood Fox,Runner,100% New Zealand Wool,700,138.33,165.996,2,adelaide-2,product-images/runner/fleetwood-fox/adelaide/adelaide-2.jpg
RU48299FLE,Adelaide,Fleetwood Fox,Runner,100% New Zealand Wool,700,138.33,165.996,3,adelaide-3,product-images/runner/fleetwood-fox/adelaide/adelaide-3.jpg
RU48299FLE,Adelaide,Fleetwood Fox,Runner,100% New Zealand Wool,700,138.33,165.996,4,adelaide-4,product-images/runner/fleetwood-fox/adelaide/adelaide-4.jpg
RU48299FLE,Adelaide,Fleetwood Fox,Runner,100% New Zealand Wool,700,138.33,165.996,6,adelaide-6,product-images/runner/fleetwood-fox/adelaide/adelaide-6.jpg
RU80514FLE,Amersham,Fleetwood Fox,Runner,100% New Zealand Wool,700,138.33,165.996,1,amersham-1,product-images/runner/fleetwood-fox/amersham/amersham-1.jpg
RU80514FLE,Amersham,Fleetwood Fox,Runner,100% New Zealand Wool,700,138.33,165.996,3,amersham-3,product-images/runner/fleetwood-fox/amersham/amersham-3.jpg
RU80514FLE,Amersham,Fleetwood Fox,Runner,100% New Zealand Wool,700,138.33,165.996,4,amersham-4,product-images/runner/fleetwood-fox/amersham/amersham-4.jpg
RU80514FLE,Amersham,Fleetwood Fox,Runner,100% New Zealand Wool,700,138.33,165.996,5,amersham-5,product-images/runner/fleetwood-fox/amersham/amersham-5.jpg
RU80514FLE,Amersham,Fleetwood Fox,Runner,100% New Zealand Wool,700,138.33,165.996,6,amersham-6,product-images/runner/fleetwood-fox/amersham/amersham-6.jpg
RU80514FLE,Amersham,Fleetwood Fox,Runner,100% New Zealand Wool,700,138.33,165.996,9,amersham-9,product-images/runner/fleetwood-fox/amersham/amersham-9.jpg
RU80514FLE,Amersham,Fleetwood Fox,Runner,100% New Zealand Wool,700,138.33,165.996,10,amersham-10,product-images/runner/fleetwood-fox/amersham/amersham-10.jpg
RU97976FLE,Artizan,Fleetwood Fox,Runner,100% New Zealand Wool,700,138.33,165.996,1,artizan-1,product-images/runner/fleetwood-fox/artizan/artizan-1.jpg
RU97976FLE,Artizan,Fleetwood Fox,Runner,100% New Zealand Wool,700,138.33,165.996,2,artizan-2,product-images/runner/fleetwood-fox/artizan/artizan-2.jpg
RU97976FLE,Artizan,Fleetwood Fox,Runner,100% New Zealand Wool,700,138.33,165.996,3,artizan-3,product-images/runner/fleetwood-fox/artizan/artizan-3.jpg
RU97976FLE,Artizan,Fleetwood Fox,Runner,100% New Zealand Wool,700,138.33,165.996,4,artizan-4,product-images/runner/fleetwood-fox/artizan/artizan-4.jpg
RU96538FLE,Beads,Fleetwood Fox,Runner,100% New Zealand Wool,700,145.83,174.996,1,beads-1,product-images/runner/fleetwood-fox/beads/beads-1.jpg
RU96538FLE,Beads,Fleetwood Fox,Runner,100% New Zealand Wool,700,145.83,174.996,3,beads-3,product-images/runner/fleetwood-fox/beads/beads-3.jpg
RU96538FLE,Beads,Fleetwood Fox,Runner,100% New Zealand Wool,700,145.83,174.996,5,beads-5,product-images/runner/fleetwood-fox/beads/beads-5.jpg
RU96538FLE,Beads,Fleetwood Fox,Runner,100% New Zealand Wool,700,145.83,174.996,6,beads-6,product-images/runner/fleetwood-fox/beads/beads-6.jpg
RU85965FLE,Beauport,Fleetwood Fox,Runner,100% New Zealand Wool,700,145.83,174.996,1,beauport-1,product-images/runner/fleetwood-fox/beauport/beauport-1.jpg
RU85965FLE,Beauport,Fleetwood Fox,Runner,100% New Zealand Wool,700,145.83,174.996,2,beauport-2,product-images/runner/fleetwood-fox/beauport/beauport-2.jpg
RU85965FLE,Beauport,Fleetwood Fox,Runner,100% New Zealand Wool,700,145.83,174.996,3,beauport-3,product-images/runner/fleetwood-fox/beauport/beauport-3.jpg
RU85965FLE,Beauport,Fleetwood Fox,Runner,100% New Zealand Wool,700,145.83,174.996,4,beauport-4,product-images/runner/fleetwood-fox/beauport/beauport-4.jpg
RU99733FLE,Bonnington,Fleetwood Fox,Runner,100% New Zealand Wool,700,138.33,165.996,1,bonnington-1,product-images/runner/fleetwood-fox/bonnington/bonnington-1.jpg
RU99733FLE,Bonnington,Fleetwood Fox,Runner,100% New Zealand Wool,700,138.33,165.996,4,bonnington-4,product-images/runner/fleetwood-fox/bonnington/bonnington-4.jpg
RU99733FLE,Bonnington,Fleetwood Fox,Runner,100% New Zealand Wool,700,138.33,165.996,6,bonnington-6,product-images/runner/fleetwood-fox/bonnington/bonnington-6.jpg
RU99733FLE,Bonnington,Fleetwood Fox,Runner,100% New Zealand Wool,700,138.33,165.996,8,bonnington-8,product-images/runner/fleetwood-fox/bonnington/bonnington-8.jpg
RU43517FLE,Brenzett,Fleetwood Fox,Runner,100% New Zealand Wool,700,150.0,180.0,1,brenzett-1,product-images/runner/fleetwood-fox/brenzett/brenzett-1.jpg
RU43517FLE,Brenzett,Fleetwood Fox,Runner,100% New Zealand Wool,700,150.0,180.0,2,brenzett-2,product-images/runner/fleetwood-fox/brenzett/brenzett-2.jpg
RU43517FLE,Brenzett,Fleetwood Fox,Runner,100% New Zealand Wool,700,150.0,180.0,3,brenzett-3,product-images/runner/fleetwood-fox/brenzett/brenzett-3.jpg
RU43517FLE,Brenzett,Fleetwood Fox,Runner,100% New Zealand Wool,700,150.0,180.0,4,brenzett-4,product-images/runner/fleetwood-fox/brenzett/brenzett-4.jpg
RU88347FLE,Brompton,Fleetwood Fox,Runner,100% New Zealand Wool,700,138.33,165.996,1,brompton-1,product-images/runner/fleetwood-fox/brompton/brompton-1.jpg
RU88347FLE,Brompton,Fleetwood Fox,Runner,100% New Zealand Wool,700,138.33,165.996,3,brompton-3,product-images/runner/fleetwood-fox/brompton/brompton-3.jpg
RU88347FLE,Brompton,Fleetwood Fox,Runner,100% New Zealand Wool,700,138.33,165.996,6,brompton-6,product-images/runner/fleetwood-fox/brompton/brompton-6.jpg
RU88347FLE,Brompton,Fleetwood Fox,Runner,100% New Zealand Wool,700,138.33,165.996,8,brompton-8,product-images/runner/fleetwood-fox/brompton/brompton-8.jpg
RU92564FLE,Campana,Fleetwood Fox,Runner,100% New Zealand Wool,700,138.33,165.996,1,campana-1,product-images/runner/fleetwood-fox/campana/campana-1.jpg
RU92564FLE,Campana,Fleetwood Fox,Runner,100% New Zealand Wool,700,138.33,165.996,2,campana-2,product-images/runner/fleetwood-fox/campana/campana-2.jpg
RU92564FLE,Campana,Fleetwood Fox,Runner,100% New Zealand Wool,700,138.33,165.996,4,campana-4,product-images/runner/fleetwood-fox/campana/campana-4.jpg
RU92564FLE,Campana,Fleetwood Fox,Runner,100% New Zealand Wool,700,138.33,165.996,5,campana-5,product-images/runner/fleetwood-fox/campana/campana-5.jpg
RU92564FLE,Campana,Fleetwood Fox,Runner,100% New Zealand Wool,700,138.33,165.996,6,campana-6,product-images/runner/fleetwood-fox/campana/campana-6.jpg
RU44021FLE,Cheriton,Fleetwood Fox,Runner,100% New Zealand Wool,700,138.33,165.996,1,cheriton-1,product-images/runner/fleetwood-fox/cheriton/cheriton-1.jpg
RU44021FLE,Cheriton,Fleetwood Fox,Runner,100% New Zealand Wool,700,138.33,165.996,2,cheriton-2,product-images/runner/fleetwood-fox/cheriton/cheriton-2.jpg
RU44021FLE,Cheriton,Fleetwood Fox,Runner,100% New Zealand Wool,700,138.33,165.996,3,cheriton-3,product-images/runner/fleetwood-fox/cheriton/cheriton-3.jpg
RU44021FLE,Cheriton,Fleetwood Fox,Runner,100% New Zealand Wool,700,138.33,165.996,4,cheriton-4,product-images/runner/fleetwood-fox/cheriton/cheriton-4.jpg
RU25678FLE,Coral,Fleetwood Fox,Runner,100% New Zealand Wool,700,145.83,174.996,2,coral-2,product-images/runner/fleetwood-fox/coral/coral-2.jpg
RU25678FLE,Coral,Fleetwood Fox,Runner,100% New Zealand Wool,700,145.83,174.996,3,coral-3,product-images/runner/fleetwood-fox/coral/coral-3.jpg
RU25678FLE,Coral,Fleetwood Fox,Runner,100% New Zealand Wool,700,145.83,174.996,4,coral-4,product-images/runner/fleetwood-fox/coral/coral-4.jpg
RU25678FLE,Coral,Fleetwood Fox,Runner,100% New Zealand Wool,700,145.83,174.996,5,coral-5,product-images/runner/fleetwood-fox/coral/coral-5.jpg
RU25678FLE,Coral,Fleetwood Fox,Runner,100% New Zealand Wool,700,145.83,174.996,6,coral-6,product-images/runner/fleetwood-fox/coral/coral-6.jpg
RU25678FLE,Coral,Fleetwood Fox,Runner,100% New Zealand Wool,700,145.83,174.996,7,coral-7,product-images/runner/fleetwood-fox/coral/coral-7.jpg
RU25678FLE,Coral,Fleetwood Fox,Runner,100% New Zealand Wool,700,145.83,174.996,9,coral-9,product-images/runner/fleetwood-fox/coral/coral-9.jpg
RU25678FLE,Coral,Fleetwood Fox,Runner,100% New Zealand Wool,700,145.83,174.996,12,coral-12,product-images/runner/fleetwood-fox/coral/coral-12.jpg
RU25678FLE,Coral,Fleetwood Fox,Runner,100% New Zealand Wool,700,145.83,174.996,13,coral-13,product-images/runner/fleetwood-fox/coral/coral-13.jpg
RU25678FLE,Coral,Fleetwood Fox,Runner,100% New Zealand Wool,700,145.83,174.996,14,coral-14,product-images/runner/fleetwood-fox/coral/coral-14.jpg
RU25678FLE,Coral,Fleetwood Fox,Runner,100% New Zealand Wool,700,145.83,174.996,15,coral-15,product-images/runner/fleetwood-fox/coral/coral-15.jpg
RU25678FLE,Coral,Fleetwood Fox,Runner,100% New Zealand Wool,700,145.83,174.996,16,coral-16,product-images/runner/fleetwood-fox/coral/coral-16.jpg
RU25678FLE,Coral,Fleetwood Fox,Runner,100% New Zealand Wool,700,145.83,174.996,17,coral-17,product-images/runner/fleetwood-fox/coral/coral-17.jpg
RU25678FLE,Coral,Fleetwood Fox,Runner,100% New Zealand Wool,700,145.83,174.996,18,coral-18,product-images/runner/fleetwood-fox/coral/coral-18.jpg
RU33079FLE,Cordwell,Fleetwood Fox,Runner,100% New Zealand Wool,700,138.33,165.996,1,cordwell-1,product-images/runner/fleetwood-fox/cordwell/cordwell-1.jpg
RU33079FLE,Cordwell,Fleetwood Fox,Runner,100% New Zealand Wool,700,138.33,165.996,2,cordwell-2,product-images/runner/fleetwood-fox/cordwell/cordwell-2.jpg
RU33079FLE,Cordwell,Fleetwood Fox,Runner,100% New Zealand Wool,700,138.33,165.996,4,cordwell-4,product-images/runner/fleetwood-fox/cordwell/cordwell-4.jpg
RU33079FLE,Cordwell,Fleetwood Fox,Runner,100% New Zealand Wool,700,138.33,165.996,5,cordwell-5,product-images/runner/fleetwood-fox/cordwell/cordwell-5.jpg
RU28876FLE,Crossland,Fleetwood Fox,Runner,100% New Zealand Wool,700,145.83,174.996,,crossland,product-images/runner/fleetwood-fox/crossland.jpg
RU54897FLE,Daplyn,Fleetwood Fox,Runner,100% New Zealand Wool,700,138.33,165.996,1,daplyn-1,product-images/runner/fleetwood-fox/daplyn/daplyn-1.jpg
RU54897FLE,Daplyn,Fleetwood Fox,Runner,100% New Zealand Wool,700,138.33,165.996,2,daplyn-2,product-images/runner/fleetwood-fox/daplyn/daplyn-2.jpg
RU54897FLE,Daplyn,Fleetwood Fox,Runner,100% New Zealand Wool,700,138.33,165.996,3,daplyn-3,product-images/runner/fleetwood-fox/daplyn/daplyn-3.jpg
RU54897FLE,Daplyn,Fleetwood Fox,Runner,100% New Zealand Wool,700,138.33,165.996,4,daplyn-4,product-images/runner/fleetwood-fox/daplyn/daplyn-4.jpg
RU54897FLE,Daplyn,Fleetwood Fox,Runner,100% New Zealand Wool,700,138.33,165.996,5,daplyn-5,product-images/runner/fleetwood-fox/daplyn/daplyn-5.jpg
RU96837FLE,Dashwood,Fleetwood Fox,Runner,100% New Zealand Wool,700,138.33,165.996,1,dashwood-1,product-images/runner/fleetwood-fox/dashwood/dashwood-1.jpg
RU96837FLE,Dashwood,Fleetwood Fox,Runner,100% New Zealand Wool,700,138.33,165.996,2,dashwood-2,product-images/runner/fleetwood-fox/dashwood/dashwood-2.jpg
RU96837FLE,Dashwood,Fleetwood Fox,Runner,100% New Zealand Wool,700,138.33,165.996,3,dashwood-3,product-images/runner/fleetwood-fox/dashwood/dashwood-3.jpg
RU96837FLE,Dashwood,Fleetwood Fox,Runner,100% New Zealand Wool,700,138.33,165.996,4,dashwood-4,product-images/runner/fleetwood-fox/dashwood/dashwood-4.jpg
RU96837FLE,Dashwood,Fleetwood Fox,Runner,100% New Zealand Wool,700,138.33,165.996,5,dashwood-5,product-images/runner/fleetwood-fox/dashwood/dashwood-5.jpg
RU94024FLE,Elmscott,Fleetwood Fox,Runner,100% New Zealand Wool,700,138.33,165.996,1,elmscott-1,product-images/runner/fleetwood-fox/elmscott/elmscott-1.jpg
RU94024FLE,Elmscott,Fleetwood Fox,Runner,100% New Zealand Wool,700,138.33,165.996,2,elmscott-2,product-images/runner/fleetwood-fox/elmscott/elmscott-2.jpg
RU94024FLE,Elmscott,Fleetwood Fox,Runner,100% New Zealand Wool,700,138.33,165.996,3,elmscott-3,product-images/runner/fleetwood-fox/elmscott/elmscott-3.jpg
RU94024FLE,Elmscott,Fleetwood Fox,Runner,100% New Zealand Wool,700,138.33,165.996,4,elmscott-4,product-images/runner/fleetwood-fox/elmscott/elmscott-4.jpg
RU94024FLE,Elmscott,Fleetwood Fox,Runner,100% New Zealand Wool,700,138.33,165.996,5,elmscott-5,product-images/runner/fleetwood-fox/elmscott/elmscott-5.jpg
RU94024FLE,Elmscott,Fleetwood Fox,Runner,100% New Zealand Wool,700,138.33,165.996,6,elmscott-6,product-images/runner/fleetwood-fox/elmscott/elmscott-6.jpg
RU79682FLE,Fairfax,Fleetwood Fox,Runner,100% New Zealand Wool,700,138.33,165.996,1,fairfax-1,product-images/runner/fleetwood-fox/fairfax/fairfax-1.jpg
RU79682FLE,Fairfax,Fleetwood Fox,Runner,100% New Zealand Wool,700,138.33,165.996,3,fairfax-3,product-images/runner/fleetwood-fox/fairfax/fairfax-3.jpg
RU79682FLE,Fairfax,Fleetwood Fox,Runner,100% New Zealand Wool,700,138.33,165.996,4,fairfax-4,product-images/runner/fleetwood-fox/fairfax/fairfax-4.jpg
RU79682FLE,Fairfax,Fleetwood Fox,Runner,100% New Zealand Wool,700,138.33,165.996,6,fairfax-6,product-images/runner/fleetwood-fox/fairfax/fairfax-6.jpg
RU79682FLE,Fairfax,Fleetwood Fox,Runner,100% New Zealand Wool,700,138.33,165.996,8,fairfax-8,product-images/runner/fleetwood-fox/fairfax/fairfax-8.jpg
RU79682FLE,Fairfax,Fleetwood Fox,Runner,100% New Zealand Wool,700,138.33,165.996,10,fairfax-10,product-images/runner/fleetwood-fox/fairfax/fairfax-10.jpg
RU54565FLE,Felixstowe,Fleetwood Fox,Runner,100% New Zealand Wool,700,138.33,165.996,1,felixstowe-1,product-images/runner/fleetwood-fox/felixstowe/felixstowe-1.jpg
RU54565FLE,Felixstowe,Fleetwood Fox,Runner,100% New Zealand Wool,700,138.33,165.996,2,felixstowe-2,product-images/runner/fleetwood-fox/felixstowe/felixstowe-2.jpg
RU54565FLE,Felixstowe,Fleetwood Fox,Runner,100% New Zealand Wool,700,138.33,165.996,3,felixstowe-3,product-images/runner/fleetwood-fox/felixstowe/felixstowe-3.jpg
RU54565FLE,Felixstowe,Fleetwood Fox,Runner,100% New Zealand Wool,700,138.33,165.996,6,felixstowe-6,product-images/runner/fleetwood-fox/felixstowe/felixstowe-6.jpg
RU54565FLE,Felixstowe,Fleetwood Fox,Runner,100% New Zealand Wool,700,138.33,165.996,7,felixstowe-7,product-images/runner/fleetwood-fox/felixstowe/felixstowe-7.jpg
RU54565FLE,Felixstowe,Fleetwood Fox,Runner,100% New Zealand Wool,700,138.33,165.996,8,felixstowe-8,product-images/runner/fleetwood-fox/felixstowe/felixstowe-8.jpg
RU54565FLE,Felixstowe,Fleetwood Fox,Runner,100% New Zealand Wool,700,138.33,165.996,9,felixstowe-9,product-images/runner/fleetwood-fox/felixstowe/felixstowe-9.jpg
RU54565FLE,Felixstowe,Fleetwood Fox,Runner,100% New Zealand Wool,700,138.33,165.996,10,felixstowe-10,product-images/runner/fleetwood-fox/felixstowe/felixstowe-10.jpg
RU54565FLE,Felixstowe,Fleetwood Fox,Runner,100% New Zealand Wool,700,138.33,165.996,11,felixstowe-11,product-images/runner/fleetwood-fox/felixstowe/felixstowe-11.jpg
RU54565FLE,Felixstowe,Fleetwood Fox,Runner,100% New Zealand Wool,700,138.33,165.996,12,felixstowe-12,product-images/runner/fleetwood-fox/felixstowe/felixstowe-12.jpg
RU54565FLE,Felixstowe,Fleetwood Fox,Runner,100% New Zealand Wool,700,138.33,165.996,13,felixstowe-13,product-images/runner/fleetwood-fox/felixstowe/felixstowe-13.jpg
RU54565FLE,Felixstowe,Fleetwood Fox,Runner,100% New Zealand Wool,700,138.33,165.996,14,felixstowe-14,product-images/runner/fleetwood-fox/felixstowe/felixstowe-14.jpg
RU54565FLE,Felixstowe,Fleetwood Fox,Runner,100% New Zealand Wool,700,138.33,165.996,15,felixstowe-15,product-images/runner/fleetwood-fox/felixstowe/felixstowe-15.jpg
RU54565FLE,Felixstowe,Fleetwood Fox,Runner,100% New Zealand Wool,700,138.33,165.996,16,felixstowe-16,product-images/runner/fleetwood-fox/felixstowe/felixstowe-16.jpg
RU54565FLE,Felixstowe,Fleetwood Fox,Runner,100% New Zealand Wool,700,138.33,165.996,17,felixstowe-17,product-images/runner/fleetwood-fox/felixstowe/felixstowe-17.jpg
RU54565FLE,Felixstowe,Fleetwood Fox,Runner,100% New Zealand Wool,700,138.33,165.996,18,felixstowe-18,product-images/runner/fleetwood-fox/felixstowe/felixstowe-18.jpg
RU54565FLE,Felixstowe,Fleetwood Fox,Runner,100% New Zealand Wool,700,138.33,165.996,19,felixstowe-19,product-images/runner/fleetwood-fox/felixstowe/felixstowe-19.jpg
RU73937FLE,Gentleman's Stripe,Fleetwood Fox,Runner,100% New Zealand Wool,700,138.33,165.996,1,gentlemans-stripe-1,product-images/runner/fleetwood-fox/gentlemans-stripe/gentlemans-stripe-1.jpg
RU73937FLE,Gentleman's Stripe,Fleetwood Fox,Runner,100% New Zealand Wool,700,138.33,165.996,2,gentlemans-stripe-2,product-images/runner/fleetwood-fox/gentlemans-stripe/gentlemans-stripe-2.jpg
RU73937FLE,Gentleman's Stripe,Fleetwood Fox,Runner,100% New Zealand Wool,700,138.33,165.996,5,gentlemans-stripe-5,product-images/runner/fleetwood-fox/gentlemans-stripe/gentlemans-stripe-5.jpg
RU73937FLE,Gentleman's Stripe,Fleetwood Fox,Runner,100% New Zealand Wool,700,138.33,165.996,6,gentlemans-stripe-6,product-images/runner/fleetwood-fox/gentlemans-stripe/gentlemans-stripe-6.jpg
RU73937FLE,Gentleman's Stripe,Fleetwood Fox,Runner,100% New Zealand Wool,700,138.33,165.996,7,gentlemans-stripe-7,product-images/runner/fleetwood-fox/gentlemans-stripe/gentlemans-stripe-7.jpg
RU73937FLE,Gentleman's Stripe,Fleetwood Fox,Runner,100% New Zealand Wool,700,138.33,165.996,8,gentlemans-stripe-8,product-images/runner/fleetwood-fox/gentlemans-stripe/gentlemans-stripe-8.jpg
RU73937FLE,Gentleman's Stripe,Fleetwood Fox,Runner,100% New Zealand Wool,700,138.33,165.996,9,gentlemans-stripe-9,product-images/runner/fleetwood-fox/gentlemans-stripe/gentlemans-stripe-9.jpg
RU72422FLE,Grayling,Fleetwood Fox,Runner,100% New Zealand Wool,700,150.0,180.0,1,grayling-1,product-images/runner/fleetwood-fox/grayling/grayling-1.jpg
RU72422FLE,Grayling,Fleetwood Fox,Runner,100% New Zealand Wool,700,150.0,180.0,2,grayling-2,product-images/runner/fleetwood-fox/grayling/grayling-2.jpg
RU72422FLE,Grayling,Fleetwood Fox,Runner,100% New Zealand Wool,700,150.0,180.0,3,grayling-3,product-images/runner/fleetwood-fox/grayling/grayling-3.jpg
RU72422FLE,Grayling,Fleetwood Fox,Runner,100% New Zealand Wool,700,150.0,180.0,4,grayling-4,product-images/runner/fleetwood-fox/grayling/grayling-4.jpg
RU74931FLE,Greenwich,Fleetwood Fox,Runner,100% New Zealand Wool,700,138.33,165.996,1,greenwich-1,product-images/runner/fleetwood-fox/greenwich/greenwich-1.jpg
RU74931FLE,Greenwich,Fleetwood Fox,Runner,100% New Zealand Wool,700,138.33,165.996,3,greenwich-3,product-images/runner/fleetwood-fox/greenwich/greenwich-3.jpg
RU74931FLE,Greenwich,Fleetwood Fox,Runner,100% New Zealand Wool,700,138.33,165.996,5,greenwich-5,product-images/runner/fleetwood-fox/greenwich/greenwich-5.jpg
RU69363FLE,Hanover,Fleetwood Fox,Runner,100% New Zealand Wool,700,138.33,165.996,1,hanover-1,product-images/runner/fleetwood-fox/hanover/hanover-1.jpg
RU69363FLE,Hanover,Fleetwood Fox,Runner,100% New Zealand Wool,700,138.33,165.996,2,hanover-2,product-images/runner/fleetwood-fox/hanover/hanover-2.jpg
RU69363FLE,Hanover,Fleetwood Fox,Runner,100% New Zealand Wool,700,138.33,165.996,3,hanover-3,product-images/runner/fleetwood-fox/hanover/hanover-3.jpg
RU69363FLE,Hanover,Fleetwood Fox,Runner,100% New Zealand Wool,700,138.33,165.996,5,hanover-5,product-images/runner/fleetwood-fox/hanover/hanover-5.jpg
RU69363FLE,Hanover,Fleetwood Fox,Runner,100% New Zealand Wool,700,138.33,165.996,6,hanover-6,product-images/runner/fleetwood-fox/hanover/hanover-6.jpg
RU69363FLE,Hanover,Fleetwood Fox,Runner,100% New Zealand Wool,700,138.33,165.996,8,hanover-8,product-images/runner/fleetwood-fox/hanover/hanover-8.jpg
RU69363FLE,Hanover,Fleetwood Fox,Runner,100% New Zealand Wool,700,138.33,165.996,9,hanover-9,product-images/runner/fleetwood-fox/hanover/hanover-9.jpg
RU69363FLE,Hanover,Fleetwood Fox,Runner,100% New Zealand Wool,700,138.33,165.996,10,hanover-10,product-images/runner/fleetwood-fox/hanover/hanover-10.jpg
RU69363FLE,Hanover,Fleetwood Fox,Runner,100% New Zealand Wool,700,138.33,165.996,11,hanover-11,product-images/runner/fleetwood-fox/hanover/hanover-11.jpg
RU69363FLE,Hanover,Fleetwood Fox,Runner,100% New Zealand Wool,700,138.33,165.996,12,hanover-12,product-images/runner/fleetwood-fox/hanover/hanover-12.jpg
RU69363FLE,Hanover,Fleetwood Fox,Runner,100% New Zealand Wool,700,138.33,165.996,13,hanover-13,product-images/runner/fleetwood-fox/hanover/hanover-13.jpg
RU69363FLE,Hanover,Fleetwood Fox,Runner,100% New Zealand Wool,700,138.33,165.996,14,hanover-14,product-images/runner/fleetwood-fox/hanover/hanover-14.jpg
RU69363FLE,Hanover,Fleetwood Fox,Runner,100% New Zealand Wool,700,138.33,165.996,15,hanover-15,product-images/runner/fleetwood-fox/hanover/hanover-15.jpg
RU23539FLE,Havisham,Fleetwood Fox,Runner,100% New Zealand Wool,700,138.33,165.996,2,havisham-2,product-images/runner/fleetwood-fox/havisham/havisham-2.jpg
RU23539FLE,Havisham,Fleetwood Fox,Runner,100% New Zealand Wool,700,138.33,165.996,3,havisham-3,product-images/runner/fleetwood-fox/havisham/havisham-3.jpg
RU95377FLE,Hawkwell,Fleetwood Fox,Runner,100% New Zealand Wool,700,138.33,165.996,2,hawkwell-2,product-images/runner/fleetwood-fox/hawkwell/hawkwell-2.jpg
RU95377FLE,Hawkwell,Fleetwood Fox,Runner,100% New Zealand Wool,700,138.33,165.996,3,hawkwell-3,product-images/runner/fleetwood-fox/hawkwell/hawkwell-3.jpg
RU95377FLE,Hawkwell,Fleetwood Fox,Runner,100% New Zealand Wool,700,138.33,165.996,4,hawkwell-4,product-images/runner/fleetwood-fox/hawkwell/hawkwell-4.jpg
RU95377FLE,Hawkwell,Fleetwood Fox,Runner,100% New Zealand Wool,700,138.33,165.996,5,hawkwell-5,product-images/runner/fleetwood-fox/hawkwell/hawkwell-5.jpg
RU95377FLE,Hawkwell,Fleetwood Fox,Runner,100% New Zealand Wool,700,138.33,165.996,13,hawkwell-13,product-images/runner/fleetwood-fox/hawkwell/hawkwell-13.jpg
RU95377FLE,Hawkwell,Fleetwood Fox,Runner,100% New Zealand Wool,700,138.33,165.996,16,hawkwell-16,product-images/runner/fleetwood-fox/hawkwell/hawkwell-16.jpg
RU95377FLE,Hawkwell,Fleetwood Fox,Runner,100% New Zealand Wool,700,138.33,165.996,19,hawkwell-19,product-images/runner/fleetwood-fox/hawkwell/hawkwell-19.jpg
RU95377FLE,Hawkwell,Fleetwood Fox,Runner,100% New Zealand Wool,700,138.33,165.996,21,hawkwell-21,product-images/runner/fleetwood-fox/hawkwell/hawkwell-21.jpg
RU95377FLE,Hawkwell,Fleetwood Fox,Runner,100% New Zealand Wool,700,138.33,165.996,22,hawkwell-22,product-images/runner/fleetwood-fox/hawkwell/hawkwell-22.jpg
RU95377FLE,Hawkwell,Fleetwood Fox,Runner,100% New Zealand Wool,700,138.33,165.996,24,hawkwell-24,product-images/runner/fleetwood-fox/hawkwell/hawkwell-24.jpg
RU50919FLE,Herringbone,Fleetwood Fox,Runner,100% New Zealand Wool,700,138.33,165.996,4,herringbone-4,product-images/runner/fleetwood-fox/herringbone/herringbone-4.jpg
RU50919FLE,Herringbone,Fleetwood Fox,Runner,100% New Zealand Wool,700,138.33,165.996,5,herringbone-5,product-images/runner/fleetwood-fox/herringbone/herringbone-5.jpg
RU50919FLE,Herringbone,Fleetwood Fox,Runner,100% New Zealand Wool,700,138.33,165.996,8,herringbone-8,product-images/runner/fleetwood-fox/herringbone/herringbone-8.jpg
RU50919FLE,Herringbone,Fleetwood Fox,Runner,100% New Zealand Wool,700,138.33,165.996,9,herringbone-9,product-images/runner/fleetwood-fox/herringbone/herringbone-9.jpg
RU50919FLE,Herringbone,Fleetwood Fox,Runner,100% New Zealand Wool,700,138.33,165.996,11,herringbone-11,product-images/runner/fleetwood-fox/herringbone/herringbone-11.jpg
RU50919FLE,Herringbone,Fleetwood Fox,Runner,100% New Zealand Wool,700,138.33,165.996,17,herringbone-17,product-images/runner/fleetwood-fox/herringbone/herringbone-17.jpg
RU50919FLE,Herringbone,Fleetwood Fox,Runner,100% New Zealand Wool,700,138.33,165.996,25,herringbone-25,product-images/runner/fleetwood-fox/herringbone/herringbone-25.jpg
RU50919FLE,Herringbone,Fleetwood Fox,Runner,100% New Zealand Wool,700,138.33,165.996,27,herringbone-27,product-images/runner/fleetwood-fox/herringbone/herringbone-27.jpg
RU50919FLE,Herringbone,Fleetwood Fox,Runner,100% New Zealand Wool,700,138.33,165.996,28,herringbone-28,product-images/runner/fleetwood-fox/herringbone/herringbone-28.jpg
RU50919FLE,Herringbone,Fleetwood Fox,Runner,100% New Zealand Wool,700,138.33,165.996,30,herringbone-30,product-images/runner/fleetwood-fox/herringbone/herringbone-30.jpg
RU50919FLE,Herringbone,Fleetwood Fox,Runner,100% New Zealand Wool,700,138.33,165.996,31,herringbone-31,product-images/runner/fleetwood-fox/herringbone/herringbone-31.jpg
RU50919FLE,Herringbone,Fleetwood Fox,Runner,100% New Zealand Wool,700,138.33,165.996,32,herringbone-32,product-images/runner/fleetwood-fox/herringbone/herringbone-32.jpg
RU50919FLE,Herringbone,Fleetwood Fox,Runner,100% New Zealand Wool,700,138.33,165.996,33,herringbone-33,product-images/runner/fleetwood-fox/herringbone/herringbone-33.jpg
RU50919FLE,Herringbone,Fleetwood Fox,Runner,100% New Zealand Wool,700,138.33,165.996,35,herringbone-35,product-images/runner/fleetwood-fox/herringbone/herringbone-35.jpg
RU50919FLE,Herringbone,Fleetwood Fox,Runner,100% New Zealand Wool,700,138.33,165.996,38,herringbone-38,product-images/runner/fleetwood-fox/herringbone/herringbone-38.jpg
RU50919FLE,Herringbone,Fleetwood Fox,Runner,100% New Zealand Wool,700,138.33,165.996,39,herringbone-39,product-images/runner/fleetwood-fox/herringbone/herringbone-39.jpg
RU50919FLE,Herringbone,Fleetwood Fox,Runner,100% New Zealand Wool,700,138.33,165.996,40,herringbone-40,product-images/runner/fleetwood-fox/herringbone/herringbone-40.jpg
RU16649FLE,Herringbone Border,Fleetwood Fox,Runner,100% New Zealand Wool,700,138.33,165.996,44,herringbone-border-44,product-images/runner/fleetwood-fox/herringbone-border/herringbone-border-44.jpg
RU16649FLE,Herringbone Border,Fleetwood Fox,Runner,100% New Zealand Wool,700,138.33,165.996,45,herringbone-border-45,product-images/runner/fleetwood-fox/herringbone-border/herringbone-border-45.jpg
RU16649FLE,Herringbone Border,Fleetwood Fox,Runner,100% New Zealand Wool,700,138.33,165.996,47,herringbone-border-47,product-images/runner/fleetwood-fox/herringbone-border/herringbone-border-47.jpg
RU36928FLE,Hollingbourne,Fleetwood Fox,Runner,100% New Zealand Wool,700,138.33,165.996,2,hollingbourne-2,product-images/runner/fleetwood-fox/hollingbourne/hollingbourne-2.jpg
RU36928FLE,Hollingbourne,Fleetwood Fox,Runner,100% New Zealand Wool,700,138.33,165.996,5,hollingbourne-5,product-images/runner/fleetwood-fox/hollingbourne/hollingbourne-5.jpg
RU36928FLE,Hollingbourne,Fleetwood Fox,Runner,100% New Zealand Wool,700,138.33,165.996,6,hollingbourne-6,product-images/runner/fleetwood-fox/hollingbourne/hollingbourne-6.jpg
RU30219FLE,Honiton,Fleetwood Fox,Runner,100% New Zealand Wool,700,145.83,174.996,1,honiton-1,product-images/runner/fleetwood-fox/honiton/honiton-1.jpg
RU30219FLE,Honiton,Fleetwood Fox,Runner,100% New Zealand Wool,700,145.83,174.996,2,honiton-2,product-images/runner/fleetwood-fox/honiton/honiton-2.jpg
RU30219FLE,Honiton,Fleetwood Fox,Runner,100% New Zealand Wool,700,145.83,174.996,6,honiton-6,product-images/runner/fleetwood-fox/honiton/honiton-6.jpg
RU30219FLE,Honiton,Fleetwood Fox,Runner,100% New Zealand Wool,700,145.83,174.996,7,honiton-7,product-images/runner/fleetwood-fox/honiton/honiton-7.jpg
RU30219FLE,Honiton,Fleetwood Fox,Runner,100% New Zealand Wool,700,145.83,174.996,9,honiton-9,product-images/runner/fleetwood-fox/honiton/honiton-9.jpg
RU30219FLE,Honiton,Fleetwood Fox,Runner,100% New Zealand Wool,700,145.83,174.996,10,honiton-10,product-images/runner/fleetwood-fox/honiton/honiton-10.jpg
RU30219FLE,Honiton,Fleetwood Fox,Runner,100% New Zealand Wool,700,145.83,174.996,11,honiton-11,product-images/runner/fleetwood-fox/honiton/honiton-11.jpg
RU30219FLE,Honiton,Fleetwood Fox,Runner,100% New Zealand Wool,700,145.83,174.996,14,honiton-14,product-images/runner/fleetwood-fox/honiton/honiton-14.jpg
RU30219FLE,Honiton,Fleetwood Fox,Runner,100% New Zealand Wool,700,145.83,174.996,15,honiton-15,product-images/runner/fleetwood-fox/honiton/honiton-15.jpg
RU30219FLE,Honiton,Fleetwood Fox,Runner,100% New Zealand Wool,700,145.83,174.996,16,honiton-16,product-images/runner/fleetwood-fox/honiton/honiton-16.jpg
RU30219FLE,Honiton,Fleetwood Fox,Runner,100% New Zealand Wool,700,145.83,174.996,17,honiton-17,product-images/runner/fleetwood-fox/honiton/honiton-17.jpg
RU30219FLE,Honiton,Fleetwood Fox,Runner,100% New Zealand Wool,700,145.83,174.996,18,honiton-18,product-images/runner/fleetwood-fox/honiton/honiton-18.jpg
RU30219FLE,Honiton,Fleetwood Fox,Runner,100% New Zealand Wool,700,145.83,174.996,19,honiton-19,product-images/runner/fleetwood-fox/honiton/honiton-19.jpg
RU30219FLE,Honiton,Fleetwood Fox,Runner,100% New Zealand Wool,700,145.83,174.996,20,honiton-20,product-images/runner/fleetwood-fox/honiton/honiton-20.jpg
RU30219FLE,Honiton,Fleetwood Fox,Runner,100% New Zealand Wool,700,145.83,174.996,21,honiton-21,product-images/runner/fleetwood-fox/honiton/honiton-21.jpg
RU30219FLE,Honiton,Fleetwood Fox,Runner,100% New Zealand Wool,700,145.83,174.996,22,honiton-22,product-images/runner/fleetwood-fox/honiton/honiton-22.jpg
RU30219FLE,Honiton,Fleetwood Fox,Runner,100% New Zealand Wool,700,145.83,174.996,24,honiton-24,product-images/runner/fleetwood-fox/honiton/honiton-24.jpg
RU30219FLE,Honiton,Fleetwood Fox,Runner,100% New Zealand Wool,700,145.83,174.996,25,honiton-25,product-images/runner/fleetwood-fox/honiton/honiton-25.jpg
RU20164FLE,Kempton,Fleetwood Fox,Runner,100% New Zealand Wool,700,138.33,165.996,1,kempton-1,product-images/runner/fleetwood-fox/kempton/kempton-1.jpg
RU20164FLE,Kempton,Fleetwood Fox,Runner,100% New Zealand Wool,700,138.33,165.996,,kempton,product-images/runner/fleetwood-fox/kempton.jpg
RU97215FLE,Kirkstall,Fleetwood Fox,Runner,100% New Zealand Wool,700,145.83,174.996,1,kirkstall-1,product-images/runner/fleetwood-fox/kirkstall/kirkstall-1.jpg
RU97215FLE,Kirkstall,Fleetwood Fox,Runner,100% New Zealand Wool,700,145.83,174.996,3,kirkstall-3,product-images/runner/fleetwood-fox/kirkstall/kirkstall-3.jpg
RU90812FLE,Lambrook,Fleetwood Fox,Runner,100% New Zealand Wool,700,138.33,165.996,1,lambrook-1,product-images/runner/fleetwood-fox/lambrook/lambrook-1.jpg
RU90812FLE,Lambrook,Fleetwood Fox,Runner,100% New Zealand Wool,700,138.33,165.996,2,lambrook-2,product-images/runner/fleetwood-fox/lambrook/lambrook-2.jpg
RU90812FLE,Lambrook,Fleetwood Fox,Runner,100% New Zealand Wool,700,138.33,165.996,4,lambrook-4,product-images/runner/fleetwood-fox/lambrook/lambrook-4.jpg
RU90812FLE,Lambrook,Fleetwood Fox,Runner,100% New Zealand Wool,700,138.33,165.996,5,lambrook-5,product-images/runner/fleetwood-fox/lambrook/lambrook-5.jpg
RU77719FLE,Lazonby,Fleetwood Fox,Runner,100% New Zealand Wool,700,138.33,165.996,1,lazonby-1,product-images/runner/fleetwood-fox/lazonby/lazonby-1.jpg
RU77719FLE,Lazonby,Fleetwood Fox,Runner,100% New Zealand Wool,700,138.33,165.996,2,lazonby-2,product-images/runner/fleetwood-fox/lazonby/lazonby-2.jpg
RU77719FLE,Lazonby,Fleetwood Fox,Runner,100% New Zealand Wool,700,138.33,165.996,3,lazonby-3,product-images/runner/fleetwood-fox/lazonby/lazonby-3.jpg
RU77719FLE,Lazonby,Fleetwood Fox,Runner,100% New Zealand Wool,700,138.33,165.996,4,lazonby-4,product-images/runner/fleetwood-fox/lazonby/lazonby-4.jpg
RU77719FLE,Lazonby,Fleetwood Fox,Runner,100% New Zealand Wool,700,138.33,165.996,5,lazonby-5,product-images/runner/fleetwood-fox/lazonby/lazonby-5.jpg
RU33005FLE,Lytton,Fleetwood Fox,Runner,100% New Zealand Wool,700,138.33,165.996,1,lytton-1,product-images/runner/fleetwood-fox/lytton/lytton-1.jpg
RU33005FLE,Lytton,Fleetwood Fox,Runner,100% New Zealand Wool,700,138.33,165.996,2,lytton-2,product-images/runner/fleetwood-fox/lytton/lytton-2.jpg
RU33005FLE,Lytton,Fleetwood Fox,Runner,100% New Zealand Wool,700,138.33,165.996,5,lytton-5,product-images/runner/fleetwood-fox/lytton/lytton-5.jpg
RU18830FLE,Mannering,Fleetwood Fox,Runner,100% New Zealand Wool,700,138.33,165.996,1,mannering-1,product-images/runner/fleetwood-fox/mannering/mannering-1.jpg
RU18830FLE,Mannering,Fleetwood Fox,Runner,100% New Zealand Wool,700,138.33,165.996,2,mannering-2,product-images/runner/fleetwood-fox/mannering/mannering-2.jpg
RU18830FLE,Mannering,Fleetwood Fox,Runner,100% New Zealand Wool,700,138.33,165.996,3,mannering-3,product-images/runner/fleetwood-fox/mannering/mannering-3.jpg
RU18830FLE,Mannering,Fleetwood Fox,Runner,100% New Zealand Wool,700,138.33,165.996,4,mannering-4,product-images/runner/fleetwood-fox/mannering/mannering-4.jpg
RU18830FLE,Mannering,Fleetwood Fox,Runner,100% New Zealand Wool,700,138.33,165.996,5,mannering-5,product-images/runner/fleetwood-fox/mannering/mannering-5.jpg
RU18830FLE,Mannering,Fleetwood Fox,Runner,100% New Zealand Wool,700,138.33,165.996,6,mannering-6,product-images/runner/fleetwood-fox/mannering/mannering-6.jpg
RU11268FLE,Marcham,Fleetwood Fox,Runner,100% New Zealand Wool,700,138.33,165.996,,marcham,product-images/runner/fleetwood-fox/marcham.jpg
RU95480FLE,Merriot,Fleetwood Fox,Runner,100% New Zealand Wool,700,150.0,180.0,1,merriot-1,product-images/runner/fleetwood-fox/merriot/merriot-1.jpg
RU95480FLE,Merriot,Fleetwood Fox,Runner,100% New Zealand Wool,700,150.0,180.0,2,merriot-2,product-images/runner/fleetwood-fox/merriot/merriot-2.jpg
RU95480FLE,Merriot,Fleetwood Fox,Runner,100% New Zealand Wool,700,150.0,180.0,3,merriot-3,product-images/runner/fleetwood-fox/merriot/merriot-3.jpg
RU95480FLE,Merriot,Fleetwood Fox,Runner,100% New Zealand Wool,700,150.0,180.0,4,merriot-4,product-images/runner/fleetwood-fox/merriot/merriot-4.jpg
RU95480FLE,Merriot,Fleetwood Fox,Runner,100% New Zealand Wool,700,150.0,180.0,5,merriot-5,product-images/runner/fleetwood-fox/merriot/merriot-5.jpg
RU95480FLE,Merriot,Fleetwood Fox,Runner,100% New Zealand Wool,700,150.0,180.0,6,merriot-6,product-images/runner/fleetwood-fox/merriot/merriot-6.jpg
RU95480FLE,Merriot,Fleetwood Fox,Runner,100% New Zealand Wool,700,150.0,180.0,7,merriot-7,product-images/runner/fleetwood-fox/merriot/merriot-7.jpg
RU95480FLE,Merriot,Fleetwood Fox,Runner,100% New Zealand Wool,700,150.0,180.0,8,merriot-8,product-images/runner/fleetwood-fox/merriot/merriot-8.jpg
RU95480FLE,Merriot,Fleetwood Fox,Runner,100% New Zealand Wool,700,150.0,180.0,10,merriot-10,product-images/runner/fleetwood-fox/merriot/merriot-10.jpg
RU95480FLE,Merriot,Fleetwood Fox,Runner,100% New Zealand Wool,700,150.0,180.0,11,merriot-11,product-images/runner/fleetwood-fox/merriot/merriot-11.jpg
RU95480FLE,Merriot,Fleetwood Fox,Runner,100% New Zealand Wool,700,150.0,180.0,12,merriot-12,product-images/runner/fleetwood-fox/merriot/merriot-12.jpg
RU95480FLE,Merriot,Fleetwood Fox,Runner,100% New Zealand Wool,700,150.0,180.0,13,merriot-13,product-images/runner/fleetwood-fox/merriot/merriot-13.jpg
RU95480FLE,Merriot,Fleetwood Fox,Runner,100% New Zealand Wool,700,150.0,180.0,14,merriot-14,product-images/runner/fleetwood-fox/merriot/merriot-14.jpg
RU95480FLE,Merriot,Fleetwood Fox,Runner,100% New Zealand Wool,700,150.0,180.0,15,merriot-15,product-images/runner/fleetwood-fox/merriot/merriot-15.jpg
RU95480FLE,Merriot,Fleetwood Fox,Runner,100% New Zealand Wool,700,150.0,180.0,16,merriot-16,product-images/runner/fleetwood-fox/merriot/merriot-16.jpg
RU95480FLE,Merriot,Fleetwood Fox,Runner,100% New Zealand Wool,700,150.0,180.0,17,merriot-17,product-images/runner/fleetwood-fox/merriot/merriot-17.jpg
RU95480FLE,Merriot,Fleetwood Fox,Runner,100% New Zealand Wool,700,150.0,180.0,18,merriot-18,product-images/runner/fleetwood-fox/merriot/merriot-18.jpg
RU80304FLE,Montrose,Fleetwood Fox,Runner,100% New Zealand Wool,700,138.33,165.996,21,montrose-21,product-images/runner/fleetwood-fox/montrose/montrose-21.jpg
RU80304FLE,Montrose,Fleetwood Fox,Runner,100% New Zealand Wool,700,138.33,165.996,22,montrose-22,product-images/runner/fleetwood-fox/montrose/montrose-22.jpg
RU80304FLE,Montrose,Fleetwood Fox,Runner,100% New Zealand Wool,700,138.33,165.996,23,montrose-23,product-images/runner/fleetwood-fox/montrose/montrose-23.jpg
RU80304FLE,Montrose,Fleetwood Fox,Runner,100% New Zealand Wool,700,138.33,165.996,24,montrose-24,product-images/runner/fleetwood-fox/montrose/montrose-24.jpg
RU64762FLE,Newport,Fleetwood Fox,Runner,100% New Zealand Wool,700,138.33,165.996,1,newport-1,product-images/runner/fleetwood-fox/newport/newport-1.jpg
RU64762FLE,Newport,Fleetwood Fox,Runner,100% New Zealand Wool,700,138.33,165.996,2,newport-2,product-images/runner/fleetwood-fox/newport/newport-2.jpg
RU67158FLE,Nynehead,Fleetwood Fox,Runner,100% New Zealand Wool,700,138.33,165.996,1,nynehead-1,product-images/runner/fleetwood-fox/nynehead/nynehead-1.jpg
RU67158FLE,Nynehead,Fleetwood Fox,Runner,100% New Zealand Wool,700,138.33,165.996,4,nynehead-4,product-images/runner/fleetwood-fox/nynehead/nynehead-4.jpg
RU67158FLE,Nynehead,Fleetwood Fox,Runner,100% New Zealand Wool,700,138.33,165.996,5,nynehead-5,product-images/runner/fleetwood-fox/nynehead/nynehead-5.jpg
RU42692FLE,Oxley,Fleetwood Fox,Runner,100% New Zealand Wool,700,138.33,165.996,1,oxley-1,product-images/runner/fleetwood-fox/oxley/oxley-1.jpg
RU42692FLE,Oxley,Fleetwood Fox,Runner,100% New Zealand Wool,700,138.33,165.996,2,oxley-2,product-images/runner/fleetwood-fox/oxley/oxley-2.jpg
RU42692FLE,Oxley,Fleetwood Fox,Runner,100% New Zealand Wool,700,138.33,165.996,3,oxley-3,product-images/runner/fleetwood-fox/oxley/oxley-3.jpg
RU42692FLE,Oxley,Fleetwood Fox,Runner,100% New Zealand Wool,700,138.33,165.996,4,oxley-4,product-images/runner/fleetwood-fox/oxley/oxley-4.jpg
RU42692FLE,Oxley,Fleetwood Fox,Runner,100% New Zealand Wool,700,138.33,165.996,5,oxley-5,product-images/runner/fleetwood-fox/oxley/oxley-5.jpg
RU42692FLE,Oxley,Fleetwood Fox,Runner,100% New Zealand Wool,700,138.33,165.996,6,oxley-6,product-images/runner/fleetwood-fox/oxley/oxley-6.jpg
RU42692FLE,Oxley,Fleetwood Fox,Runner,100% New Zealand Wool,700,138.33,165.996,7,oxley-7,product-images/runner/fleetwood-fox/oxley/oxley-7.jpg
RU66039FLE,Ozolins,Fleetwood Fox,Runner,100% New Zealand Wool,700,150.0,180.0,1,ozolins-1,product-images/runner/fleetwood-fox/ozolins/ozolins-1.jpg
RU66039FLE,Ozolins,Fleetwood Fox,Runner,100% New Zealand Wool,700,150.0,180.0,3,ozolins-3,product-images/runner/fleetwood-fox/ozolins/ozolins-3.jpg
RU66039FLE,Ozolins,Fleetwood Fox,Runner,100% New Zealand Wool,700,150.0,180.0,4,ozolins-4,product-images/runner/fleetwood-fox/ozolins/ozolins-4.jpg
RU66039FLE,Ozolins,Fleetwood Fox,Runner,100% New Zealand Wool,700,150.0,180.0,5,ozolins-5,product-images/runner/fleetwood-fox/ozolins/ozolins-5.jpg
RU66039FLE,Ozolins,Fleetwood Fox,Runner,100% New Zealand Wool,700,150.0,180.0,6,ozolins-6,product-images/runner/fleetwood-fox/ozolins/ozolins-6.jpg
RU66039FLE,Ozolins,Fleetwood Fox,Runner,100% New Zealand Wool,700,150.0,180.0,7,ozolins-7,product-images/runner/fleetwood-fox/ozolins/ozolins-7.jpg
RU66039FLE,Ozolins,Fleetwood Fox,Runner,100% New Zealand Wool,700,150.0,180.0,8,ozolins-8,product-images/runner/fleetwood-fox/ozolins/ozolins-8.jpg
RU66039FLE,Ozolins,Fleetwood Fox,Runner,100% New Zealand Wool,700,150.0,180.0,9,ozolins-9,product-images/runner/fleetwood-fox/ozolins/ozolins-9.jpg
RU66039FLE,Ozolins,Fleetwood Fox,Runner,100% New Zealand Wool,700,150.0,180.0,10,ozolins-10,product-images/runner/fleetwood-fox/ozolins/ozolins-10.jpg
RU66039FLE,Ozolins,Fleetwood Fox,Runner,100% New Zealand Wool,700,150.0,180.0,11,ozolins-11,product-images/runner/fleetwood-fox/ozolins/ozolins-11.jpg
RU62648FLE,Paxford,Fleetwood Fox,Runner,100% New Zealand Wool,700,145.83,174.996,,paxford,product-images/runner/fleetwood-fox/paxford.jpg
RU75934FLE,Pellerin,Fleetwood Fox,Runner,100% New Zealand Wool,700,138.33,165.996,1,pellerin-1,product-images/runner/fleetwood-fox/pellerin/pellerin-1.jpg
RU75934FLE,Pellerin,Fleetwood Fox,Runner,100% New Zealand Wool,700,138.33,165.996,2,pellerin-2,product-images/runner/fleetwood-fox/pellerin/pellerin-2.jpg
RU75934FLE,Pellerin,Fleetwood Fox,Runner,100% New Zealand Wool,700,138.33,165.996,3,pellerin-3,product-images/runner/fleetwood-fox/pellerin/pellerin-3.jpg
RU75934FLE,Pellerin,Fleetwood Fox,Runner,100% New Zealand Wool,700,138.33,165.996,4,pellerin-4,product-images/runner/fleetwood-fox/pellerin/pellerin-4.jpg
RU73950FLE,Peyton,Fleetwood Fox,Runner,100% New Zealand Wool,700,138.33,165.996,4,peyton-4,product-images/runner/fleetwood-fox/peyton/peyton-4.jpg
RU73950FLE,Peyton,Fleetwood Fox,Runner,100% New Zealand Wool,700,138.33,165.996,9,peyton-9,product-images/runner/fleetwood-fox/peyton/peyton-9.jpg
RU73950FLE,Peyton,Fleetwood Fox,Runner,100% New Zealand Wool,700,138.33,165.996,10,peyton-10,product-images/runner/fleetwood-fox/peyton/peyton-10.jpg
RU73950FLE,Peyton,Fleetwood Fox,Runner,100% New Zealand Wool,700,138.33,165.996,11,peyton-11,product-images/runner/fleetwood-fox/peyton/peyton-11.jpg
RU73950FLE,Peyton,Fleetwood Fox,Runner,100% New Zealand Wool,700,138.33,165.996,12,peyton-12,product-images/runner/fleetwood-fox/peyton/peyton-12.jpg
RU19973FLE,Ribbon,Fleetwood Fox,Runner,100% New Zealand Wool,700,155.0,186.0,9,ribbon-9,product-images/runner/fleetwood-fox/ribbon/ribbon-9.jpg
RU19973FLE,Ribbon,Fleetwood Fox,Runner,100% New Zealand Wool,700,155.0,186.0,10,ribbon-10,product-images/runner/fleetwood-fox/ribbon/ribbon-10.jpg
RU19973FLE,Ribbon,Fleetwood Fox,Runner,100% New Zealand Wool,700,155.0,186.0,14,ribbon-14,product-images/runner/fleetwood-fox/ribbon/ribbon-14.jpg
RU13644FLE,Roserton,Fleetwood Fox,Runner,100% New Zealand Wool,700,138.33,165.996,1,roserton-1,product-images/runner/fleetwood-fox/roserton/roserton-1.jpg
RU13644FLE,Roserton,Fleetwood Fox,Runner,100% New Zealand Wool,700,138.33,165.996,2,roserton-2,product-images/runner/fleetwood-fox/roserton/roserton-2.jpg
RU13644FLE,Roserton,Fleetwood Fox,Runner,100% New Zealand Wool,700,138.33,165.996,3,roserton-3,product-images/runner/fleetwood-fox/roserton/roserton-3.jpg
RU13644FLE,Roserton,Fleetwood Fox,Runner,100% New Zealand Wool,700,138.33,165.996,4,roserton-4,product-images/runner/fleetwood-fox/roserton/roserton-4.jpg
RU13644FLE,Roserton,Fleetwood Fox,Runner,100% New Zealand Wool,700,138.33,165.996,5,roserton-5,product-images/runner/fleetwood-fox/roserton/roserton-5.jpg
RU85516FLE,Rostella,Fleetwood Fox,Runner,100% New Zealand Wool,700,145.83,174.996,1,rostella-1,product-images/runner/fleetwood-fox/rostella/rostella-1.jpg
RU85516FLE,Rostella,Fleetwood Fox,Runner,100% New Zealand Wool,700,145.83,174.996,2,rostella-2,product-images/runner/fleetwood-fox/rostella/rostella-2.jpg
RU85516FLE,Rostella,Fleetwood Fox,Runner,100% New Zealand Wool,700,145.83,174.996,3,rostella-3,product-images/runner/fleetwood-fox/rostella/rostella-3.jpg
RU85516FLE,Rostella,Fleetwood Fox,Runner,100% New Zealand Wool,700,145.83,174.996,4,rostella-4,product-images/runner/fleetwood-fox/rostella/rostella-4.jpg
RU85516FLE,Rostella,Fleetwood Fox,Runner,100% New Zealand Wool,700,145.83,174.996,5,rostella-5,product-images/runner/fleetwood-fox/rostella/rostella-5.jpg
RU85516FLE,Rostella,Fleetwood Fox,Runner,100% New Zealand Wool,700,145.83,174.996,6,rostella-6,product-images/runner/fleetwood-fox/rostella/rostella-6.jpg
RU76875FLE,Runswick,Fleetwood Fox,Runner,100% New Zealand Wool,700,138.33,165.996,1,runswick-1,product-images/runner/fleetwood-fox/runswick/runswick-1.jpg
RU76875FLE,Runswick,Fleetwood Fox,Runner,100% New Zealand Wool,700,138.33,165.996,2,runswick-2,product-images/runner/fleetwood-fox/runswick/runswick-2.jpg
RU76875FLE,Runswick,Fleetwood Fox,Runner,100% New Zealand Wool,700,138.33,165.996,3,runswick-3,product-images/runner/fleetwood-fox/runswick/runswick-3.jpg
RU76875FLE,Runswick,Fleetwood Fox,Runner,100% New Zealand Wool,700,138.33,165.996,4,runswick-4,product-images/runner/fleetwood-fox/runswick/runswick-4.jpg
RU76875FLE,Runswick,Fleetwood Fox,Runner,100% New Zealand Wool,700,138.33,165.996,6,runswick-6,product-images/runner/fleetwood-fox/runswick/runswick-6.jpg
RU76875FLE,Runswick,Fleetwood Fox,Runner,100% New Zealand Wool,700,138.33,165.996,7,runswick-7,product-images/runner/fleetwood-fox/runswick/runswick-7.jpg
RU76875FLE,Runswick,Fleetwood Fox,Runner,100% New Zealand Wool,700,138.33,165.996,12,runswick-12,product-images/runner/fleetwood-fox/runswick/runswick-12.jpg
RU76875FLE,Runswick,Fleetwood Fox,Runner,100% New Zealand Wool,700,138.33,165.996,14,runswick-14,product-images/runner/fleetwood-fox/runswick/runswick-14.jpg
RU76875FLE,Runswick,Fleetwood Fox,Runner,100% New Zealand Wool,700,138.33,165.996,15,runswick-15,product-images/runner/fleetwood-fox/runswick/runswick-15.jpg
RU76875FLE,Runswick,Fleetwood Fox,Runner,100% New Zealand Wool,700,138.33,165.996,16,runswick-16,product-images/runner/fleetwood-fox/runswick/runswick-16.jpg
RU76875FLE,Runswick,Fleetwood Fox,Runner,100% New Zealand Wool,700,138.33,165.996,18,runswick-18,product-images/runner/fleetwood-fox/runswick/runswick-18.jpg
RU76875FLE,Runswick,Fleetwood Fox,Runner,100% New Zealand Wool,700,138.33,165.996,19,runswick-19,product-images/runner/fleetwood-fox/runswick/runswick-19.jpg
RU76875FLE,Runswick,Fleetwood Fox,Runner,100% New Zealand Wool,700,138.33,165.996,20,runswick-20,product-images/runner/fleetwood-fox/runswick/runswick-20.jpg
RU76875FLE,Runswick,Fleetwood Fox,Runner,100% New Zealand Wool,700,138.33,165.996,22,runswick-22,product-images/runner/fleetwood-fox/runswick/runswick-22.jpg
RU76875FLE,Runswick,Fleetwood Fox,Runner,100% New Zealand Wool,700,138.33,165.996,24,runswick-24,product-images/runner/fleetwood-fox/runswick/runswick-24.jpg
RU69135FLE,Sackville,Fleetwood Fox,Runner,100% New Zealand Wool,700,138.33,165.996,1,sackville-1,product-images/runner/fleetwood-fox/sackville/sackville-1.jpg
RU69135FLE,Sackville,Fleetwood Fox,Runner,100% New Zealand Wool,700,138.33,165.996,2,sackville-2,product-images/runner/fleetwood-fox/sackville/sackville-2.jpg
RU69135FLE,Sackville,Fleetwood Fox,Runner,100% New Zealand Wool,700,138.33,165.996,3,sackville-3,product-images/runner/fleetwood-fox/sackville/sackville-3.jpg
RU69135FLE,Sackville,Fleetwood Fox,Runner,100% New Zealand Wool,700,138.33,165.996,7,sackville-7,product-images/runner/fleetwood-fox/sackville/sackville-7.jpg
RU82878FLE,Scroll,Fleetwood Fox,Runner,100% New Zealand Wool,700,155.0,186.0,6AC,scroll-6ac,product-images/runner/fleetwood-fox/scroll/scroll-6ac.jpg
RU82878FLE,Scroll,Fleetwood Fox,Runner,100% New Zealand Wool,700,155.0,186.0,8AC,scroll-8ac,product-images/runner/fleetwood-fox/scroll/scroll-8ac.jpg
RU23884FLE,Serrano,Fleetwood Fox,Runner,100% New Zealand Wool,700,155.0,186.0,1,serrano-1,product-images/runner/fleetwood-fox/serrano/serrano-1.jpg
RU23884FLE,Serrano,Fleetwood Fox,Runner,100% New Zealand Wool,700,155.0,186.0,2,serrano-2,product-images/runner/fleetwood-fox/serrano/serrano-2.jpg
RU23884FLE,Serrano,Fleetwood Fox,Runner,100% New Zealand Wool,700,155.0,186.0,3,serrano-3,product-images/runner/fleetwood-fox/serrano/serrano-3.jpg
RU23884FLE,Serrano,Fleetwood Fox,Runner,100% New Zealand Wool,700,155.0,186.0,8,serrano-8,product-images/runner/fleetwood-fox/serrano/serrano-8.jpg
RU39067FLE,Sherringham,Fleetwood Fox,Runner,100% New Zealand Wool,700,138.33,165.996,1,sherringham-1,product-images/runner/fleetwood-fox/sherringham/sherringham-1.jpg
RU39067FLE,Sherringham,Fleetwood Fox,Runner,100% New Zealand Wool,700,138.33,165.996,2,sherringham-2,product-images/runner/fleetwood-fox/sherringham/sherringham-2.jpg
RU39067FLE,Sherringham,Fleetwood Fox,Runner,100% New Zealand Wool,700,138.33,165.996,3,sherringham-3,product-images/runner/fleetwood-fox/sherringham/sherringham-3.jpg
RU39067FLE,Sherringham,Fleetwood Fox,Runner,100% New Zealand Wool,700,138.33,165.996,4,sherringham-4,product-images/runner/fleetwood-fox/sherringham/sherringham-4.jpg
RU39067FLE,Sherringham,Fleetwood Fox,Runner,100% New Zealand Wool,700,138.33,165.996,6,sherringham-6,product-images/runner/fleetwood-fox/sherringham/sherringham-6.jpg
RU39067FLE,Sherringham,Fleetwood Fox,Runner,100% New Zealand Wool,700,138.33,165.996,7,sherringham-7,product-images/runner/fleetwood-fox/sherringham/sherringham-7.jpg
RU39067FLE,Sherringham,Fleetwood Fox,Runner,100% New Zealand Wool,700,138.33,165.996,8,sherringham-8,product-images/runner/fleetwood-fox/sherringham/sherringham-8.jpg
RU39067FLE,Sherringham,Fleetwood Fox,Runner,100% New Zealand Wool,700,138.33,165.996,9,sherringham-9,product-images/runner/fleetwood-fox/sherringham/sherringham-9.jpg
RU39067FLE,Sherringham,Fleetwood Fox,Runner,100% New Zealand Wool,700,138.33,165.996,10,sherringham-10,product-images/runner/fleetwood-fox/sherringham/sherringham-10.jpg
RU92690FLE,Skipwith,Fleetwood Fox,Runner,100% New Zealand Wool,700,138.33,165.996,1,skipwith-1,product-images/runner/fleetwood-fox/skipwith/skipwith-1.jpg
RU92690FLE,Skipwith,Fleetwood Fox,Runner,100% New Zealand Wool,700,138.33,165.996,2,skipwith-2,product-images/runner/fleetwood-fox/skipwith/skipwith-2.jpg
RU92690FLE,Skipwith,Fleetwood Fox,Runner,100% New Zealand Wool,700,138.33,165.996,3,skipwith-3,product-images/runner/fleetwood-fox/skipwith/skipwith-3.jpg
RU92690FLE,Skipwith,Fleetwood Fox,Runner,100% New Zealand Wool,700,138.33,165.996,4,skipwith-4,product-images/runner/fleetwood-fox/skipwith/skipwith-4.jpg
RU92690FLE,Skipwith,Fleetwood Fox,Runner,100% New Zealand Wool,700,138.33,165.996,5,skipwith-5,product-images/runner/fleetwood-fox/skipwith/skipwith-5.jpg
RU32501FLE,Tamar,Fleetwood Fox,Runner,100% New Zealand Wool,700,138.33,165.996,1,tamar-1,product-images/runner/fleetwood-fox/tamar/tamar-1.jpg
RU32501FLE,Tamar,Fleetwood Fox,Runner,100% New Zealand Wool,700,138.33,165.996,3,tamar-3,product-images/runner/fleetwood-fox/tamar/tamar-3.jpg
RU32501FLE,Tamar,Fleetwood Fox,Runner,100% New Zealand Wool,700,138.33,165.996,5,tamar-5,product-images/runner/fleetwood-fox/tamar/tamar-5.jpg
RU32501FLE,Tamar,Fleetwood Fox,Runner,100% New Zealand Wool,700,138.33,165.996,6,tamar-6,product-images/runner/fleetwood-fox/tamar/tamar-6.jpg
RU32501FLE,Tamar,Fleetwood Fox,Runner,100% New Zealand Wool,700,138.33,165.996,7,tamar-7,product-images/runner/fleetwood-fox/tamar/tamar-7.jpg
RU32501FLE,Tamar,Fleetwood Fox,Runner,100% New Zealand Wool,700,138.33,165.996,8,tamar-8,product-images/runner/fleetwood-fox/tamar/tamar-8.jpg
RU83858FLE,Tarleton,Fleetwood Fox,Runner,100% New Zealand Wool,700,138.33,165.996,1,tarleton-1,product-images/runner/fleetwood-fox/tarleton/tarleton-1.jpg
RU83858FLE,Tarleton,Fleetwood Fox,Runner,100% New Zealand Wool,700,138.33,165.996,5,tarleton-5,product-images/runner/fleetwood-fox/tarleton/tarleton-5.jpg
RU83858FLE,Tarleton,Fleetwood Fox,Runner,100% New Zealand Wool,700,138.33,165.996,6,tarleton-6,product-images/runner/fleetwood-fox/tarleton/tarleton-6.jpg
RU83858FLE,Tarleton,Fleetwood Fox,Runner,100% New Zealand Wool,700,138.33,165.996,7,tarleton-7,product-images/runner/fleetwood-fox/tarleton/tarleton-7.jpg
RU26690FLE,Twig,Fleetwood Fox,Runner,100% New Zealand Wool,700,155.0,186.0,2,twig-2,product-images/runner/fleetwood-fox/twig/twig-2.jpg
RU26690FLE,Twig,Fleetwood Fox,Runner,100% New Zealand Wool,700,155.0,186.0,3,twig-3,product-images/runner/fleetwood-fox/twig/twig-3.jpg
RU26690FLE,Twig,Fleetwood Fox,Runner,100% New Zealand Wool,700,155.0,186.0,4,twig-4,product-images/runner/fleetwood-fox/twig/twig-4.jpg
RU42487FLE,Vanston,Fleetwood Fox,Runner,100% New Zealand Wool,700,138.33,165.996,2,vanston-2,product-images/runner/fleetwood-fox/vanston/vanston-2.jpg
RU42487FLE,Vanston,Fleetwood Fox,Runner,100% New Zealand Wool,700,138.33,165.996,3,vanston-3,product-images/runner/fleetwood-fox/vanston/vanston-3.jpg
RU42487FLE,Vanston,Fleetwood Fox,Runner,100% New Zealand Wool,700,138.33,165.996,4,vanston-4,product-images/runner/fleetwood-fox/vanston/vanston-4.jpg
RU42487FLE,Vanston,Fleetwood Fox,Runner,100% New Zealand Wool,700,138.33,165.996,6,vanston-6,product-images/runner/fleetwood-fox/vanston/vanston-6.jpg
RU75892FLE,Villiers,Fleetwood Fox,Runner,100% New Zealand Wool,700,138.33,165.996,1,villiers-1,product-images/runner/fleetwood-fox/villiers/villiers-1.jpg
RU75892FLE,Villiers,Fleetwood Fox,Runner,100% New Zealand Wool,700,138.33,165.996,2,villiers-2,product-images/runner/fleetwood-fox/villiers/villiers-2.jpg
RU75892FLE,Villiers,Fleetwood Fox,Runner,100% New Zealand Wool,700,138.33,165.996,4,villiers-4,product-images/runner/fleetwood-fox/villiers/villiers-4.jpg
RU75892FLE,Villiers,Fleetwood Fox,Runner,100% New Zealand Wool,700,138.33,165.996,7,villiers-7,product-images/runner/fleetwood-fox/villiers/villiers-7.jpg
RU33626FLE,Whitby,Fleetwood Fox,Runner,100% New Zealand Wool,700,138.33,165.996,2,whitby-2,product-images/runner/fleetwood-fox/whitby/whitby-2.jpg
RU33626FLE,Whitby,Fleetwood Fox,Runner,100% New Zealand Wool,700,138.33,165.996,4,whitby-4,product-images/runner/fleetwood-fox/whitby/whitby-4.jpg
RU33626FLE,Whitby,Fleetwood Fox,Runner,100% New Zealand Wool,700,138.33,165.996,5,whitby-5,product-images/runner/fleetwood-fox/whitby/whitby-5.jpg
RU35163FLE,Winchcombe,Fleetwood Fox,Runner,100% New Zealand Wool,700,138.33,165.996,1,winchcombe-1,product-images/runner/fleetwood-fox/winchcombe/winchcombe-1.jpg
RU35163FLE,Winchcombe,Fleetwood Fox,Runner,100% New Zealand Wool,700,138.33,165.996,2,winchcombe-2,product-images/runner/fleetwood-fox/winchcombe/winchcombe-2.jpg
RU35163FLE,Winchcombe,Fleetwood Fox,Runner,100% New Zealand Wool,700,138.33,165.996,3,winchcombe-3,product-images/runner/fleetwood-fox/winchcombe/winchcombe-3.jpg
RU35163FLE,Winchcombe,Fleetwood Fox,Runner,100% New Zealand Wool,700,138.33,165.996,4,winchcombe-4,product-images/runner/fleetwood-fox/winchcombe/winchcombe-4.jpg
RU71591FLE,Woodville,Fleetwood Fox,Runner,100% New Zealand Wool,700,138.33,165.996,1,woodville-1,product-images/runner/fleetwood-fox/woodville/woodville-1.jpg
RU71591FLE,Woodville,Fleetwood Fox,Runner,100% New Zealand Wool,700,138.33,165.996,2,woodville-2,product-images/runner/fleetwood-fox/woodville/woodville-2.jpg
RU71591FLE,Woodville,Fleetwood Fox,Runner,100% New Zealand Wool,700,138.33,165.996,3,woodville-3,product-images/runner/fleetwood-fox/woodville/woodville-3.jpg
RU71591FLE,Woodville,Fleetwood Fox,Runner,100% New Zealand Wool,700,138.33,165.996,4,woodville-4,product-images/runner/fleetwood-fox/woodville/woodville-4.jpg
RU71591FLE,Woodville,Fleetwood Fox,Runner,100% New Zealand Wool,700,138.33,165.996,6,woodville-6,product-images/runner/fleetwood-fox/woodville/woodville-6.jpg
RU71591FLE,Woodville,Fleetwood Fox,Runner,100% New Zealand Wool,700,138.33,165.996,9,woodville-9,product-images/runner/fleetwood-fox/woodville/woodville-9.jpg
RU71591FLE,Woodville,Fleetwood Fox,Runner,100% New Zealand Wool,700,138.33,165.996,10,woodville-10,product-images/runner/fleetwood-fox/woodville/woodville-10.jpg
RU71591FLE,Woodville,Fleetwood Fox,Runner,100% New Zealand Wool,700,138.33,165.996,11,woodville-11,product-images/runner/fleetwood-fox/woodville/woodville-11.jpg
RU71591FLE,Woodville,Fleetwood Fox,Runner,100% New Zealand Wool,700,138.33,165.996,12,woodville-12,product-images/runner/fleetwood-fox/woodville/woodville-12.jpg
RU71591FLE,Woodville,Fleetwood Fox,Runner,100% New Zealand Wool,700,138.33,165.996,14,woodville-14,product-images/runner/fleetwood-fox/woodville/woodville-14.jpg
RU71591FLE,Woodville,Fleetwood Fox,Runner,100% New Zealand Wool,700,138.33,165.996,15,woodville-15,product-images/runner/fleetwood-fox/woodville/woodville-15.jpg
RU71591FLE,Woodville,Fleetwood Fox,Runner,100% New Zealand Wool,700,138.33,165.996,16,woodville-16,product-images/runner/fleetwood-fox/woodville/woodville-16.jpg
RU71591FLE,Woodville,Fleetwood Fox,Runner,100% New Zealand Wool,700,138.33,165.996,19,woodville-19,product-images/runner/fleetwood-fox/woodville/woodville-19.jpg
RU71591FLE,Woodville,Fleetwood Fox,Runner,100% New Zealand Wool,700,138.33,165.996,20,woodville-20,product-images/runner/fleetwood-fox/woodville/woodville-20.jpg
RU71591FLE,Woodville,Fleetwood Fox,Runner,100% New Zealand Wool,700,138.33,165.996,21,woodville-21,product-images/runner/fleetwood-fox/woodville/woodville-21.jpg
RU71591FLE,Woodville,Fleetwood Fox,Runner,100% New Zealand Wool,700,138.33,165.996,25,woodville-25,product-images/runner/fleetwood-fox/woodville/woodville-25.jpg
RU84953FLE,Zennor,Fleetwood Fox,Runner,100% New Zealand Wool,700,138.33,165.996,1,zennor-1,product-images/runner/fleetwood-fox/zennor/zennor-1.jpg
RU84953FLE,Zennor,Fleetwood Fox,Runner,100% New Zealand Wool,700,138.33,165.996,2,zennor-2,product-images/runner/fleetwood-fox/zennor/zennor-2.jpg
RU84953FLE,Zennor,Fleetwood Fox,Runner,100% New Zealand Wool,700,138.33,165.996,3,zennor-3,product-images/runner/fleetwood-fox/zennor/zennor-3.jpg
RU84953FLE,Zennor,Fleetwood Fox,Runner,100% New Zealand Wool,700,138.33,165.996,4,zennor-4,product-images/runner/fleetwood-fox/zennor/zennor-4.jpg
RU22993KER,Moroccan Runner,Kersaint Cobb,Runner,100% Sisal,690,138.33,69.0,Arabesque,moroccan-runner-arabesque,product-images/runner/kersaint-cobb/moroccan-runner/moroccan-runner-arabesque.jpg
RU22993KER,Moroccan Runner,Kersaint Cobb,Runner,100% Sisal,690,138.33,69.0,Fez,moroccan-runner-fez,product-images/runner/kersaint-cobb/moroccan-runner/moroccan-runner-fez.jpg
RU22993KER,Moroccan Runner,Kersaint Cobb,Runner,100% Sisal,690,138.33,69.0,Maroc Light,moroccan-runner-maroc-light,product-images/runner/kersaint-cobb/moroccan-runner/moroccan-runner-maroc-light.jpg
RU22993KER,Moroccan Runner,Kersaint Cobb,Runner,100% Sisal,690,138.33,69.0,Marrakech,moroccan-runner-marrakech,product-images/runner/kersaint-cobb/moroccan-runner/moroccan-runner-marrakech.jpg
RU22993KER,Moroccan Runner,Kersaint Cobb,Runner,100% Sisal,690,138.33,69.0,Medina,moroccan-runner-medina,product-images/runner/kersaint-cobb/moroccan-runner/moroccan-runner-medina.jpg
RU22993KER,Moroccan Runner,Kersaint Cobb,Runner,100% Sisal,690,138.33,69.0,Meknes,moroccan-runner-meknes,product-images/runner/kersaint-cobb/moroccan-runner/moroccan-runner-meknes.jpg
RU22993KER,Moroccan Runner,Kersaint Cobb,Runner,100% Sisal,690,138.33,69.0,Moorish Spaces,moroccan-runner-moorish-spaces,product-images/runner/kersaint-cobb/moroccan-runner/moroccan-runner-moorish-spaces.jpg
RU22993KER,Moroccan Runner,Kersaint Cobb,Runner,100% Sisal,690,138.33,69.0,Riad Hide,moroccan-runner-riad-hide,product-images/runner/kersaint-cobb/moroccan-runner/moroccan-runner-riad-hide.jpg
RU22993KER,Moroccan Runner,Kersaint Cobb,Runner,100% Sisal,690,138.33,69.0,Rooftop Sundown,moroccan-runner-rooftop-sundown,product-images/runner/kersaint-cobb/moroccan-runner/moroccan-runner-rooftop-sundown.jpg
RU22993KER,Moroccan Runner,Kersaint Cobb,Runner,100% Sisal,690,138.33,69.0,Rose Water,moroccan-runner-rose-water,product-images/runner/kersaint-cobb/moroccan-runner/moroccan-runner-rose-water.jpg
RU22993KER,Moroccan Runner,Kersaint Cobb,Runner,100% Sisal,690,138.33,69.0,Souk Puzzle,moroccan-runner-souk-puzzle,product-images/runner/kersaint-cobb/moroccan-runner/moroccan-runner-souk-puzzle.jpg
RU22993KER,Moroccan Runner,Kersaint Cobb,Runner,100% Sisal,690,138.33,69.0,Tetouan,moroccan-runner-tetouan,product-images/runner/kersaint-cobb/moroccan-runner/moroccan-runner-tetouan.jpg
