Product,Manufacturer,Material,Widths,Price,Twickenham,Richmond
Aristocat,Abingdon Carpets,100% Polypropylene,"Widths: 2.5M, 4M, 5M",£31.00 per SQM,Yes,
Balmoral,Abingdon Carpets,80% Wool,"Widths: 2.5M, 4M, 5M",£33.00 per SQM,,
Balmoral Deluxe,Abingdon Carpets,80% Wool,"Widths: 2.5M, 4M, 5M",£37.00 per SQM,,
Caress,Abingdon Carpets,100% Polypropylene,"Widths: 2.5M, 4M, 5M",£31.00 per SQM,,
Charter Berber Deluxe,Abingdon Carpets,80% Wool,"Widths: 2.5M, 4M, 5M",£43.00 per SQM,,Yes
Charter Berber Loop,Abingdon Carpets,100% Wool,"Widths: 2.5M, 4M, 5M",£45.00 per SQM,,Yes
Charter Plain Loop,Abingdon Carpets,100% Wool,"Widths: 2.5M, 4M, 5M",£48.00 per SQM,,Yes
Deep Feelings,Abingdon Carpets,100% Polyester,"Widths: 2.5M, 4M, 5M",£44.00 per SQM,Yes,
Finesse,Abingdon Carpets,100% Polypropylene,"Widths: 2.5M, 4M, 5M",£26.00 per SQM,,
Indulgence,Abingdon Carpets,100% Polypropylene,"Widths: 2.5M, 4M, 5M",£40.00 per SQM,Yes,
Lasting Romance,Abingdon Carpets,100% Polyester,"Widths: 2.5M, 4M, 5M",£36.00 per SQM,Yes,
Royal Sovereign,Abingdon Carpets,100% Wool,"Widths: 2.5M, 4M, 5M",£33.00 per SQM,Yes,
Royal Windsor,Abingdon Carpets,100% Wool,"Widths: 2.5M, 4M, 5M",£30.00 per SQM,Yes,
Wild Silk,Abingdon Carpets,100% Polyester,"Widths: 2.5M, 4M, 5M",£36.00 per SQM,,
AF Coir Boucle Natural,Alternative Flooring,100% Coir,"Widths: 4M, 5M",£40.00 per SQM,,
AF Coir Herringbone Natural,Alternative Flooring,100% Coir,"Widths: 4M, 5M",£32.00 per SQM,,
AF Coir Panama Natural,Alternative Flooring,100% Coir,"Widths: 4M, 5M",£32.00 per SQM,,
AF Jute Big Boucle Crumpet,Alternative Flooring,100% Jute,Width: 4M,£53.00 per SQM,,
AF Jute Big Boucle Toast,Alternative Flooring,100% Jute,Width: 4M,£53.00 per SQM,,
AF Jute Big Panama Pancake,Alternative Flooring,100% Jute,Width: 4M,£53.00 per SQM,,
AF Jute Big Panama Waffle,Alternative Flooring,100% Jute,Width: 4M,£53.00 per SQM,,
AF Jute Boucle Natural,Alternative Flooring,100% Jute,Width: 4M,£48.00 per SQM,,
AF Jute Boucle Scone,Alternative Flooring,100% Jute,Width: 4M,£52.00 per SQM,,
AF Jute Chevron Natural,Alternative Flooring,100% Jute,Width: 4M,£47.00 per SQM,,
AF Jute Herringbone Maltloaf,Alternative Flooring,100% Jute,Width: 4M,£52.00 per SQM,,
AF Jute Herringbone Natural,Alternative Flooring,100% Jute,Width: 4M,£47.00 per SQM,,
AF Jute Panama Flapjack,Alternative Flooring,100% Jute,Width: 4M,£52.00 per SQM,,
AF Seagrass Balmoral Basketweave,Alternative Flooring,100% Seagrass,Width: 4M,£45.00 per SQM,,
AF Seagrass Buckingham Basketweave,Alternative Flooring,100% Seagrass,Width: 4M,£42.00 per SQM,,
AF Seagrass Fine Herringbone,Alternative Flooring,100% Seagrass,Width: 4M,£45.00 per SQM,,
AF Seagrass Herringbone,Alternative Flooring,100% Seagrass,Width: 4M,£36.00 per SQM,,
AF Seagrass Natural,Alternative Flooring,100% Seagrass,Width: 4M,£33.00 per SQM,,
AF Seagrass Superior,Alternative Flooring,100% Seagrass,Width: 4M,£45.00 per SQM,,
AF Sisal Basketweave Summer Hamper,Alternative Flooring,100% Sisal,Width: 4M,£59.00 per SQM,,
AF Sisal Basketweave Winter Hamper,Alternative Flooring,100% Sisal,Width: 4M,£59.00 per SQM,,
AF Sisal Boucle,Alternative Flooring,100% Sisal,"Widths: 4M, 5M",£53.00 per SQM,,
AF Sisal Bubbleweave,Alternative Flooring,100% Sisal,Width: 4M,£67.00 per SQM,,
AF Sisal Herringbone,Alternative Flooring,100% Sisal,"Widths: 4M, 5M",£57.00 per SQM,,
AF Sisal Hopscotch,Alternative Flooring,100% Sisal,Width: 4M,£69.00 per SQM,,
AF Sisal Malay,Alternative Flooring,100% Sisal,"Widths: 4M, 5M",£58.00 per SQM,,
AF Sisal Panama,Alternative Flooring,100% Sisal,"Widths: 4M, 5M",£58.00 per SQM,,
AF Sisal Panama Acapulco,Alternative Flooring,100% Sisal,Width: 4M,£69.00 per SQM,,
AF Sisal Super Boucle,Alternative Flooring,100% Sisal,Width: 4M,£55.00 per SQM,,
AF Sisal Tweed,Alternative Flooring,100% Sisal,Width: 4M,£59.00 per SQM,,
AF Woosie Boucle,Alternative Flooring,100% Sisal,Width: 4M,£74.00 per SQM,,
AF Woosie Check,Alternative Flooring,100% Sisal,Width: 4M,£74.00 per SQM,,
AF Woosie Panama,Alternative Flooring,100% Sisal,Width: 4M,£74.00 per SQM,,
Anywhere Boucle,Alternative Flooring,100% Polyproylene,Width: 4M,£51.35 per SQM,,
Anywhere Herringbone,Alternative Flooring,100% Polyproylene,Width: 4M,£53.00 per SQM,,
Anywhere Panama,Alternative Flooring,100% Polyproylene,Width: 4M,£53.00 per SQM,,
Anywhere Rope,Alternative Flooring,100% Polyproylene,Width: 4M,£53.00 per SQM,,
Anywhere Shadow,Alternative Flooring,100% Polyproylene,Width: 4M,£53.00 per SQM,,
Barefoot Ahstanga Silk,Alternative Flooring,"70% Wool, 30% Rayon Silk","Widths: 4M, 5M",£98.00 per SQM,,Yes
Barefoot Bikram,Alternative Flooring,100% Undyed Wool,"Widths: 4M, 5M",£79.00 per SQM,,Yes
Barefoot Hatha,Alternative Flooring,100% Undyed Wool,"Widths: 4M, 5M",£79.00 per SQM,,Yes
Margo Selby Frolic,Alternative Flooring,100% Wool,Width: 4M,£76.00 per SQM,,
Margo Selby Rock,Alternative Flooring,100% Wool,Width: 4M,£76.00 per SQM,,
Margo Selby Sun,Alternative Flooring,100% Wool,Width: 4M,£76.00 per SQM,,
Margo Selby Surf,Alternative Flooring,100% Wool,Width: 4M,£76.00 per SQM,,
No Bother Sisal Boucle,Alternative Flooring,100% Sisal,"Widths: 4M, 5M",£57.00 per SQM,,
No Bother Sisal Super Boucle,Alternative Flooring,100% Sisal,Width: 4M,£62.00 per SQM,,
Plush Sheer,Alternative Flooring,100% Polyamide,"Widths: 4M, 5M",£94.00 per SQM,,
Plush Stripe,Alternative Flooring,100% Polyamide,"Widths: 4M, 5M",£94.00 per SQM,,
Plush Velvet,Alternative Flooring,100% Polyamide,"Widths: 4M, 5M",£94.00 per SQM,,
Quirky Ashley Hicks Daisy,Alternative Flooring,"80% Wool, 20% Nylon",Width: 3.66M,£116.00 per SQM,,
Quirky Ben Pentreath Cube,Alternative Flooring,"80% Wool, 20% Nylon",Width: 3.66M,£116.00 per SQM,,
Quirky Ben Pentreath Deco,Alternative Flooring,"80% Wool, 20% Nylon",Width: 3.66M,£116.00 per SQM,,
Quirky Ben Pentreath Lattice,Alternative Flooring,"80% Wool, 20% Nylon",Width: 3.66M,£116.00 per SQM,,
Quirky Ben Pentreath Tetra,Alternative Flooring,"80% Wool, 20% Nylon",Width: 3.66M,£116.00 per SQM,,
Quirky Geo,Alternative Flooring,"80% Wool, 20% Nylon",Width: 3.66M,£107.00 per SQM,,
Quirky Honeycomb,Alternative Flooring,"80% Wool, 20% Nylon",Width: 3.66M,£107.00 per SQM,,
Quirky Hot Herring,Alternative Flooring,"80% Wool, 20% Nylon",Width: 3.66M,£107.00 per SQM,,
Quirky Leopard,Alternative Flooring,"80% Wool, 20% Nylon",Width: 3.66M,£107.00 per SQM,,
Quirky Margo Selby Button,Alternative Flooring,"80% Wool, 20% Nylon",Width: 3.66M,£116.00 per SQM,,
Quirky Margo Selby Fair Isle,Alternative Flooring,"80% Wool, 20% Nylon",Width: 3.66M,£116.00 per SQM,,
Quirky Margo Selby Patch,Alternative Flooring,"80% Wool, 20% Nylon",Width: 3.66M,£116.00 per SQM,,
Quirky Margo Selby Ribbon,Alternative Flooring,"80% Wool, 20% Nylon",Width: 3.66M,£116.00 per SQM,,
Quirky Margo Selby Shuttle,Alternative Flooring,"80% Wool, 20% Nylon",Width: 3.66M,£116.00 per SQM,,
Quirky Spotty,Alternative Flooring,"80% Wool, 20% Nylon",Width: 3.66M,£107.00 per SQM,,
Quirky Tartan,Alternative Flooring,"80% Wool, 20% Nylon",Width: 3.66M,£107.00 per SQM,,
Quirky Zebo,Alternative Flooring,"80% Wool, 20% Nylon",Width: 3.66M,£107.00 per SQM,,
Rock 'n' Roll,Alternative Flooring,100% Wool,Width: 4M,£74.00 per SQM,,
Wool Berber,Alternative Flooring,100% Wool,"Widths: 4M, 5M",£57.00 per SQM,,
Wool Croft,Alternative Flooring,100% Wool,"Widths: 4M, 5M",£70.00 per SQM,,
Wool Herringbone,Alternative Flooring,100% Wool,"Widths: 4M, 5M",£61.00 per SQM,,
Wool Hygge Fika,Alternative Flooring,100% Wool,"Widths: 4M, 5M",£56.00 per SQM,,
Wool Hygge Koselig,Alternative Flooring,100% Wool,"Widths: 4M, 5M",£56.00 per SQM,,
Wool Hygge Sisu,Alternative Flooring,100% Wool,"Widths: 4M, 5M",£56.00 per SQM,,
Wool Iconic Chevron,Alternative Flooring,100% Wool,"Widths: 4M, 5M",£74.00 per SQM,,
Wool Iconic Herringbone,Alternative Flooring,100% Wool,Width: 4M,£74.00 per SQM,,
Wool Iconic Herringstripe,Alternative Flooring,100% Wool,Width: 4M,£74.00 per SQM,,
Wool Knot,Alternative Flooring,100% Wool,"Widths: 4M, 5M",£74.00 per SQM,,
Wool Milkshake,Alternative Flooring,100% Wool,"Widths: 4M, 5M",£74.00 per SQM,,
Wool Motown,Alternative Flooring,100% Wool,"Widths: 4M, 5M",£71.00 per SQM,,
Wool Pebble,Alternative Flooring,100% Wool,Width: 4M,£97.00 per SQM,,
Wool Rhythm,Alternative Flooring,100% Wool,Width: 4M,£71.00 per SQM,,
Wool Rib,Alternative Flooring,100% Wool,"Widths: 4M, 5M",£49.00 per SQM,,
Wool Skein,Alternative Flooring,100% Wool,"Widths: 4M, 5M",£52.00 per SQM,,
Wool Tipple,Alternative Flooring,100% Wool,"Widths: 4M, 5M",£68.00 per SQM,,
Alora,Artisan Luxury Flooring,100% Nylon,Width: 4M,£126.00 per SQM,,
Eleganza,Artisan Luxury Flooring,100% Polyester,"Widths: 4M, 5M",£45.00 per SQM,Yes,Yes
Lusso,Artisan Luxury Flooring,100% Nylon,"Widths: 4M, 5M",£81.00 per SQM,Yes,Yes
Seta,Artisan Luxury Flooring,100% Nylon,"Widths: 4M, 5M",£53.00 per SQM,Yes,Yes
AWs California Dreams,Associated Weavers,100% Nylon,"Widths: 4M, 5M",£45.00 per SQM,,
AWs Gladiator,Associated Weavers,100% Polypropylene,"Widths: 4M, 5M",£20.00 per SQM,,
AWs Island Weave [Rolls Only],Associated Weavers,100% Polypropylene,"Widths: 4M, 5M",£15.00 per SQM,,
AWs Promenade,Associated Weavers,100% Polypropylene,"Widths: 3M, 4M, 5M",£28.00 per SQM,,
AWs Sophistication,Associated Weavers,100% Polypropylene,"Widths: 3M, 4M, 5M",£33.00 per SQM,,
AWs Stainaway Harvest Heathers,Associated Weavers,100% Polypropylene,"Widths: 3M, 4M, 5M",£23.00 per SQM,,
AWs Stainaway Tweed,Associated Weavers,100% Polypropylene,"Widths: 3M, 4M, 5M",£31.00 per SQM,,
AWs Stainguard Harvest Heathers,Associated Weavers,100% Polypropylene,"Widths: 3M, 4M, 5M",£28.00 per SQM,,
AWs Temptation,Associated Weavers,100% Polypropylene,"Widths: 3M, 4M, 5M",£38.00 per SQM,,
AWs Tuftex [Rolls Only],Associated Weavers,100% Polypropylene,"Widths: 4M, 5M",£16.00 per SQM,,
AWs Ultimate Harvest Heathers,Associated Weavers,100% Polypropylene,"Widths: 3M, 4M, 5M",£39.00 per SQM,,
Gaia Dorado,Associated Weavers,100% Micro Polyester,"Widths: 4M, 5M",£38.00 per SQM,,Yes
Gaia Ganges,Associated Weavers,100% Micro Polyester,"Widths: 4M, 5M",£26.00 per SQM,,
Gaia Indus,Associated Weavers,100% Micro Polyester,"Widths: 4M, 5M",£36.00 per SQM,,
Gaia Tigris,Associated Weavers,100% Micro Polyester,"Widths: 4M, 5M",£31.00 per SQM,,Yes
Invictus Aurelius,Associated Weavers,100% Polypropylene,"Widths: 3M, 4M, 5M",£38.00 per SQM,,
Invictus Cassius,Associated Weavers,100% Polypropylene,"Widths: 3M, 4M, 5M",£40.00 per SQM,,
Invictus Centaurus,Associated Weavers,100% Polypropylene,"Widths: 3M, 4M, 5M",£40.00 per SQM,,
Invictus Centurion,Associated Weavers,100% Polypropylene,"Widths: 3M, 4M, 5M",£28.00 per SQM,,
Invictus Darius,Associated Weavers,100% Polypropylene,"Widths: 3M, 4M, 5M",£33.00 per SQM,,
Invictus Magnificus,Associated Weavers,100% Polypropylene,"Widths: 3M, 4M, 5M",£41.00 per SQM,,
Invictus Orion,Associated Weavers,100% Polypropylene,"Widths: 3M, 4M, 5M",£33.00 per SQM,,
Invictus Septimus,Associated Weavers,100% Polypropylene,"Widths: 3M, 4M, 5M",£28.00 per SQM,,
Invictus Severus,Associated Weavers,100% Polypropylene,"Widths: 3M, 4M, 5M",£41.00 per SQM,,
Invictus Sirius,Associated Weavers,100% Polypropylene,"Widths: 3M, 4M, 5M",£37.00 per SQM,,Yes
Invictus Tiberius,Associated Weavers,100% Polypropylene,"Widths: 3M, 4M, 5M",£33.00 per SQM,,
iSense Obsession,Associated Weavers,100% iSense Polyamide,"Widths: 4M, 5M",£47.00 per SQM,,
iSense Serenity,Associated Weavers,100% iSense Polyamide,"Widths: 4M, 5M",£53.00 per SQM,,
iSense Splendour,Associated Weavers,100% iSense Polyamide,"Widths: 4M, 5M",£44.00 per SQM,,
iSense Subtlety,Associated Weavers,100% iSense Polyamide,"Widths: 4M, 5M",£46.00 per SQM,,
iSense Surprise,Associated Weavers,100% iSense Polyamide,"Widths: 4M, 5M",£46.00 per SQM,,
iSense Suspense,Associated Weavers,100% iSense Polyamide,"Widths: 4M, 5M",£57.00 per SQM,,
Sedna Kai,Associated Weavers,100% Econyl Nylon,Width: 4M,£37.00 per SQM,,
Sedna Oshun,Associated Weavers,100% Econyl Nylon,"Widths: 4M, 5M",£49.00 per SQM,,
Sedna Varuna,Associated Weavers,100% Econyl Nylon,"Widths: 4M, 5M",£46.00 per SQM,,
Cobble Weave,Axminster Carpets,"80% Wool, 20% Yak Hair","Widths: 4M, 5M",£72.00 per SQM,,Yes
Devonia,Axminster Carpets,"80% Wool, 20% Nylon","Widths: 4M, 5M",£54.00 per SQM,,
Hazy Days,Axminster Carpets,100% Wool,Width: 3.66M,£98.00 per SQM,,
Moorland,Axminster Carpets,100% Wool,"Widths: 4M, 5M",£56.00 per SQM,,
Myth & Moor,Axminster Carpets,"80% Wool, 20% Nylon",Width: 3.66M,£95.00 per SQM,,
Simply Natural,Axminster Carpets,100% Wool,"Widths: 4M, 5M",£69.00 per SQM,,Yes
Velvet Collection,Axminster Carpets,"80% Wool, 15% Nylon, 5% PA","Widths: 4M, 5M",£90.00 per SQM,,
Globe,Best Wool Carpets,"50% Wool, 50% PP","Widths: 4M, 5M",£50.00 per SQM,,
Imperial,Best Wool Carpets,100% NZ Wool,Width: 5M,£65.00 per SQM,Yes,Yes
Beachcomber,Brockway,100% Wool,"Widths: 4M, 5M",£56.00 per SQM,,Yes
British Rare Breeds,Brockway,100% Wool,"Widths: 4M, 5M",£65.00 per SQM,,Yes
British Rare Breeds Loop,Brockway,100% Wool,"Widths: 4M, 5M",£52.00 per SQM,,Yes
Cotswolds,Brockway,100% Wool,Width: 5M,£61.00 per SQM,,Yes
Dimensions Berber,Brockway,80% Wool,"Widths: 4M, 5M",£46.00 per SQM,,
Dimensions Heathers 40,Brockway,80% Wool,"Widths: 4M, 5M",£46.00 per SQM,,
Dimensions Heathers 50,Brockway,80% Wool,"Widths: 4M, 5M",£51.00 per SQM,,
Dimensions Plains 40,Brockway,80% Wool,"Widths: 4M, 5M",£46.00 per SQM,Yes,
Dimensions Plains 50,Brockway,80% Wool,"Widths: 4M, 5M",£51.00 per SQM,,
Elements,Brockway,100% Wool,Width: 5M,£69.00 per SQM,,Yes
Galloway,Brockway,100% Wool,Width: 5M,£69.00 per SQM,,Yes
Gatsby,Brockway,100% Wool,Width: 4M,£77.00 per SQM,Yes,Yes
Heathcote,Brockway,100% Wool,"Widths: 4M, 5M",£34.00 per SQM,,Yes
Helvellyn,Brockway,100% Wool,"Widths: 4M, 5M",£58.00 per SQM,,Yes
Herdwick Herringbone Runner,Brockway,100% Wool,Width: 0.69M,£131.00 per SQM,,Yes
Lakeland Herdwick,Brockway,100% Wool,"Widths: 4M, 5M",£61.00 per SQM,,Yes
Lakeland Herdwick Loop,Brockway,100% Wool,"Widths: 4M, 5M",£61.00 per SQM,,Yes
Lakeland Herdwick Twist,Brockway,100% Wool,"Widths: 4M, 5M",£61.00 per SQM,,Yes
Lakeland Herdwick Weave,Brockway,100% Wool,Width: 4M,£61.00 per SQM,,Yes
Landscapes,Brockway,100% Wool,Width: 5M,£74.00 per SQM,,Yes
Lingdale,Brockway,80% Wool,"Widths: 4M, 5M",£38.00 per SQM,,
Lingdale Elite,Brockway,80% Wool,"Widths: 4M, 5M",£44.00 per SQM,,
Natural Tweed,Brockway,100% Wool,Width: 5M,£58.00 per SQM,,Yes
Orion Twist,Brockway,80% Wool,"Widths: 4M, 5M",£46.00 per SQM,,
Orion Twist Major,Brockway,80% Wool,"Widths: 4M, 5M",£56.00 per SQM,,
Padstow,Brockway,100% Wool,"Widths: 4M, 5M",£61.00 per SQM,,Yes
Portofino,Brockway,100% Wool,"Widths: 4M, 5M",£65.00 per SQM,,Yes
Romney,Brockway,100% Wool,"Widths: 4M, 5M",£45.00 per SQM,,Yes
Rosedale,Brockway,80% Wool,"Widths: 4M, 5M",£43.00 per SQM,,
Salcombe,Brockway,100% Wool,Width: 5M,£73.00 per SQM,,Yes
Serenity,Brockway,100% Wool,Width: 5M,£71.00 per SQM,,Yes
Solar,Brockway,80% Wool,"Widths: 4M, 5M",£64.00 per SQM,,
Coastal Loop,Cavalier Carpets,100% Wool,"Widths: 4M, 5M",£55.00 per SQM,Yes,Yes
Cosmopolitan Regal (50oz),Cavalier Carpets,80% Wool,"Widths: 4M, 5M",£46.00 per SQM,,
Cosmopolitan Sovereign (60oz),Cavalier Carpets,80% Wool,"Widths: 4M, 5M",£48.00 per SQM,,
Cosmopolitan Supreme (40oz),Cavalier Carpets,80% Wool,"Widths: 4M, 5M",£40.00 per SQM,,
Criterion Twist Regal (50oz),Cavalier Carpets,80% Wool,"Widths: 4M, 5M",£46.00 per SQM,,
Criterion Twist Sovereign (60oz),Cavalier Carpets,80% Wool,"Widths: 4M, 5M",£48.00 per SQM,,
Criterion Twist Supreme (40oz),Cavalier Carpets,80% Wool,"Widths: 4M, 5M",£40.00 per SQM,,
Curlew,Cavalier Carpets,100% Wool,"Widths: 4M, 5M",£44.00 per SQM,Yes,Yes
Guildhall Twist (50oz),Cavalier Carpets,80% Wool,"Widths: 4M, 5M",£61.00 per SQM,,
Lupo,Cavalier Carpets,100% Wool,"Widths: 4M, 5M",£44.00 per SQM,,
Millstone,Cavalier Carpets,100% Wool,"Widths: 4M, 5M",£54.00 per SQM,,
Owlet,Cavalier Carpets,100% Undyed Wool,"Widths: 4M, 5M",£55.00 per SQM,Yes,Yes
Silken,Cavalier Carpets,100% Polyester,"Widths: 4M, 5M",£36.00 per SQM,,
Burnham,Clarendon Carpets,"50% Wool, 50% Synthetic","Widths: 4M, 5M",£23.00 per SQM,,
Cavendish,Clarendon Carpets,"50% Wool, 50% PP","Widths: 4M, 5M",£41.00 per SQM,Yes,Yes
Chigwell,Clarendon Carpets,"50% Wool, 50% Synthetic","Widths: 4M, 5M",£21.00 per SQM,Yes,
Connoisseur Velvet,Clarendon Carpets,100% PP,"Widths: 4M, 5M",£33.00 per SQM,Yes,Yes
Eton,Clarendon Carpets,100% Wool,"Widths: 4M, 5M",£36.00 per SQM,Yes,Yes
Fine Lines,Clarendon Carpets,"50% Wool, 50% Synthetic","Widths: 4M, 5M",£41.00 per SQM,Yes,Yes
Garden City,Clarendon Carpets,100% NZ Wool,"Widths: 4M, 5M",£48.00 per SQM,Yes,Yes
Hampstead,Clarendon Carpets,"50% Wool, 50% PP","Widths: 4M, 5M",£41.00 per SQM,Yes,
Harrow,Clarendon Carpets,100% Wool,"Widths: 4M, 5M",£36.00 per SQM,Yes,Yes
Kingston,Clarendon Carpets,100% Wool,"Widths: 4M, 5M",£29.00 per SQM,Yes,
Mayfair Loop,Clarendon Carpets,"50% Wool, 50% Synthetic","Widths: 4M, 5M",£41.00 per SQM,Yes,Yes
Mortlake,Clarendon Carpets,100% Wool,"Widths: 4M, 5M",£25.00 per SQM,Yes,
New Elite Twist,Clarendon Carpets,100% PP,"Widths: 4M, 5M",£20.00 per SQM,Yes,
Royal Cambridge,Clarendon Carpets,100% Wool,"Widths: 4M, 5M",£28.00 per SQM,Yes,
Royal Sweden,Clarendon Carpets,100% Wool,"Widths: 4M, 5M",£28.00 per SQM,Yes,
Royal Windsor,Clarendon Carpets,100% Wool,"Widths: 4M, 5M",£28.00 per SQM,Yes,
Shoreditch,Clarendon Carpets,100% Wool,"Widths: 4M, 5M",£45.00 per SQM,,
Stonebridge,Clarendon Carpets,100% NZ Wool,"Widths: 4M, 5M",£56.00 per SQM,Yes,Yes
Vogue Velour,Clarendon Carpets,100% Polyamide,"Widths: 5M, 5M",£49.00 per SQM,,
Wool Supreme,Clarendon Carpets,100% Wool,"Widths: 4M, 5M",£32.00 per SQM,Yes,
Apollo Comfort,Cormar Carpets,100% PP,"Widths: 4M, 5M",£28.00 per SQM,,
Apollo Plus,Cormar Carpets,100% PP,"Widths: 4M, 5M",£20.00 per SQM,Yes,
Fairisle,Cormar Carpets,100% Wool,"Widths: 4M, 5M",£44.00 per SQM,Yes,Yes
Hampstead Deluxe,Cormar Carpets,80% Wool,"Widths: 4M, 5M",£44.00 per SQM,Yes,Yes
Hampstead Supreme,Cormar Carpets,80% Wool,"Widths: 4M, 5M",£38.00 per SQM,Yes,Yes
Inglewood Saxony,Cormar Carpets,100% PP,"Widths: 4M, 5M",£32.00 per SQM,,
Kingston,Cormar Carpets,100% PP,"Widths: 4M, 5M",£22.00 per SQM,,
Linwood,Cormar Carpets,100% PP,"Widths: 4M, 5M",£25.00 per SQM,Yes,
Malabar Two Fold,Cormar Carpets,100% Wool,"Widths: 4M, 5M",£34.00 per SQM,Yes,Yes
Natural Berber Twist Deluxe,Cormar Carpets,80% Wool,"Widths: 4M, 5M",£44.00 per SQM,,
Natural Berber Twist Elite,Cormar Carpets,80% Wool,"Widths: 4M, 5M",£38.00 per SQM,,
Pembroke,Cormar Carpets,80% Wool,"Widths: 4M, 5M",£32.00 per SQM,,
Pimlico,Cormar Carpets,50% NZ Wool,"Widths: 4M, 5M",£35.00 per SQM,,
Pimlico Stripe,Cormar Carpets,50% NZ Wool,Width: 4M,£35.00 per SQM,Yes,Yes
Primo Choice Elite,Cormar Carpets,100% PP,"Widths: 4M, 5M",£30.00 per SQM,,
Primo Choice Super,Cormar Carpets,100% PP,"Widths: 4M, 5M",£24.00 per SQM,,
Primo Grande,Cormar Carpets,100% PP,"Widths: 4M, 5M",£31.00 per SQM,Yes,
Primo Naturals,Cormar Carpets,100% PP,"Widths: 4M, 5M",£24.00 per SQM,Yes,
Primo Plus,Cormar Carpets,100% PP,"Widths: 4M, 5M",£23.00 per SQM,Yes,Yes
Primo Tweeds,Cormar Carpets,100% PP,"Widths: 4M, 5M",£25.00 per SQM,Yes,Yes
Primo Ultra,Cormar Carpets,100% PP,"Widths: 4M, 5M",£29.00 per SQM,Yes,Yes
Riva,Cormar Carpets,100% PP,"Widths: 4M, 5M",£26.00 per SQM,,Yes
Sensation Feeling,Cormar Carpets,100% PP,"Widths: 4M, 5M",£30.00 per SQM,Yes,Yes
Sensation Heathers,Cormar Carpets,100% PP,"Widths: 4M, 5M",£33.00 per SQM,Yes,Yes
Sensation Original,Cormar Carpets,100% PP,"Widths: 4M, 5M",£33.00 per SQM,Yes,Yes
Southwold,Cormar Carpets,100% NZ Wool,"Widths: 4M, 5M",£37.00 per SQM,Yes,Yes
Trinity,Cormar Carpets,100% PP,"Widths: 4M, 5M",£31.00 per SQM,,
Woodland Heathers Deluxe,Cormar Carpets,80% Wool,"Widths: 4M, 5M",£34.00 per SQM,,Yes
Woodland Heathers Elite,Cormar Carpets,80% Wool,"Widths: 4M, 5M",£29.00 per SQM,,Yes
Alaska,Crucial Trading,100% Wool,Width: 4M,£143.00 per SQM,,
Alpine,Crucial Trading,100% Wool,Width: 4M,£86.00 per SQM,,
Audrey,Crucial Trading,100% Wool,Width: 4M,£135.00 per SQM,,
Balance,Crucial Trading,100% Wool,Width: 5M,£85.00 per SQM,,
Biscayne Plain,Crucial Trading,100% Wool,Width: 5M,£76.00 per SQM,,
Biscayne Stripe,Crucial Trading,100% Wool,Width: 5M,£76.00 per SQM,,
Buttercup,Crucial Trading,100% Wool,Width: 5M,£101.00 per SQM,,
Collage,Crucial Trading,100% Wool,Width: 5M,£145.00 per SQM,,Yes
CT Coir Boucle Natural,Crucial Trading,100% Coir,"Widths: 3.94M, 5M",£43.00 per SQM,,
CT Coir Herringbone Natural,Crucial Trading,100% Coir,"Widths: 3.94M, 5M",£39.00 per SQM,,
CT Coir Panama Natural,Crucial Trading,100% Coir,"Widths: 3.94M, 5M",£39.00 per SQM,,
CT Fine Seagrass,Crucial Trading,100% Segrass,Width: 4M,£44.00 per SQM,,
CT Fine Seagrass Basketweave,Crucial Trading,100% Segrass,Width: 4M,£46.00 per SQM,,
CT Fine Seagrass Herringbone,Crucial Trading,100% Segrass,Width: 4M,£46.00 per SQM,,
CT Jute Herringbone,Crucial Trading,100% Jute,Width: 4M,£51.00 per SQM,,
CT Seagrass Basketweave,Crucial Trading,100% Segrass,Width: 4M,£50.00 per SQM,,
CT Seagrass Herringbone Accents,Crucial Trading,100% Segrass,Width: 4M,£44.00 per SQM,,
CT Seagrass Herringbone Classic,Crucial Trading,100% Segrass,Width: 4M,£41.00 per SQM,Yes,Yes
CT Seagrass Original,Crucial Trading,100% Segrass,Width: 4M,£35.00 per SQM,,
CT Sisal Big Boucle Accents,Crucial Trading,100% Sisal,"Widths: 4M, 5M",£57.00 per SQM,,
CT Sisal Big Boucle Classics,Crucial Trading,100% Sisal,Width: 4M,£57.00 per SQM,,
CT Sisal Divine,Crucial Trading,100% Sisal,Width: 4M,£111.00 per SQM,,
CT Sisal Grand Herringbone,Crucial Trading,100% Sisal,Width: 4M,£93.00 per SQM,,
CT Sisal Grand Oriental,Crucial Trading,100% Sisal,Width: 4M,£94.00 per SQM,,
CT Sisal Harmony Boucle,Crucial Trading,100% Sisal,Width: 5M,£48.00 per SQM,,
CT Sisal Harmony Herringbone,Crucial Trading,100% Sisal,Width: 5M,£51.00 per SQM,Yes,Yes
CT Sisal Herringbone,Crucial Trading,100% Sisal,Width: 4M,£62.00 per SQM,,
CT Sisal Malawi,Crucial Trading,100% Sisal,"Widths: 4M, 5M",£95.00 per SQM,,
CT Sisal Ogee,Crucial Trading,100% Sisal,Width: 4M,£129.00 per SQM,,
CT Sisal Oriental,Crucial Trading,100% Sisal,"Widths: 4M, 5M",£49.00 per SQM,Yes,Yes
CT Sisal Panama New Champagne,Crucial Trading,100% Sisal,Width: 4M,£60.00 per SQM,,Yes
CT Sisal Small Boucle Accents,Crucial Trading,100% Sisal,"Widths: 4M, 5M",£48.00 per SQM,,
CT Sisal Small Boucle C,Crucial Trading,100% Sisal,Width: 4M,£68.00 per SQM,,
CT Sisal Small Boucle Classics,Crucial Trading,100% Sisal,"Widths: 4M, 5M",£48.00 per SQM,,Yes
Enchanted,Crucial Trading,100% Wool,Width: 5M,£103.00 per SQM,,
Enigma,Crucial Trading,100% Wool,Width: 5M,£97.00 per SQM,,Yes
Fabulous,Crucial Trading,100% Wool,Width: 5M,£142.00 per SQM,,
Grace,Crucial Trading,100% Wool,Width: 5M,£97.00 per SQM,,
Harbour,Crucial Trading,100% Wool,Width: 4M,£91.00 per SQM,Yes,Yes
Jasmine,Crucial Trading,100% Wool,Width: 5M,£72.00 per SQM,,
Jhutex,Crucial Trading,100% Jute,Width: 4M,£51.00 per SQM,Yes,Yes
Ju-Tweed,Crucial Trading,100% Jute,Width: 4M,£51.00 per SQM,,
Linen n Wool,Crucial Trading,"55% Wool, 45% Linen",Width: 4M,£98.00 per SQM,,
Mississippi,Crucial Trading,100% Wool,Width: 4M,£68.00 per SQM,Yes,Yes
Mississippi Premium,Crucial Trading,100% Wool,"Widths: 1M, 4M, 5M",£87.00 per SQM,,
Opal,Crucial Trading,100% Wool,"Widths: 4M, 5M",£62.00 per SQM,,
Pearl,Crucial Trading,100% Wool,Width: 5M,£93.00 per SQM,,
Pride,Crucial Trading,100% Wool,Width: 4M,£105.00 per SQM,,
Reef,Crucial Trading,100% Wool,Width: 5M,£94.00 per SQM,,
Rococo,Crucial Trading,100% NZ Felted Wool,Width: 4M,£151.00 per SQM,,
Rustica,Crucial Trading,100% Wool,Width: 5M,£82.00 per SQM,Yes,Yes
Sisool Masai,Crucial Trading,"60% Sisal, 40% Wool",Width: 4M,£131.00 per SQM,,Yes
Sisool Plaid,Crucial Trading,"80% Sisal, 20% Wool",Width: 4M,£120.00 per SQM,,Yes
Sisool Rock,Crucial Trading,"75% Sisal, 25% Wool",Width: 4M,£120.00 per SQM,,
Sisool Tric,Crucial Trading,"60% Sisal, 40% Wool",Width: 4M,£120.00 per SQM,,
Snug,Crucial Trading,100% Wool,Width: 5M,£126.00 per SQM,,
Treasure,Crucial Trading,100% Wool,"Widths: 4M, 5M",£73.00 per SQM,,
Tweed,Crucial Trading,100% Wool,Width: 4M,£86.00 per SQM,,
Weather Watching,Crucial Trading,100% Wool,"Widths: 4M, 5M",£51.00 per SQM,Yes,Yes
Wilton Panache,Crucial Trading,100% Wool,Width: 4M,£134.00 per SQM,,
Wilton Svelte,Crucial Trading,100% Wool,Width: 4M,£134.00 per SQM,,
Alghero,David Harper & Co,100% Wool,Width: 4M,£109.00 per SQM,Yes,Yes
Athens,David Harper & Co,100% Wool,Width: 4M,£124.00 per SQM,Yes,
Bari,David Harper & Co,100% Wool,Width: 4M,£116.00 per SQM,Yes,
Cable,David Harper & Co,100% Wool,Width: 4M,£126.00 per SQM,Yes,Yes
Cairo,David Harper & Co,100% Wool,Width: 4M,£124.00 per SQM,Yes,
Canton,David Harper & Co,100% Wool,Width: 4M,£124.00 per SQM,Yes,
Corinth,David Harper & Co,100% Wool,Width: 4M,£126.00 per SQM,Yes,Yes
Florence,David Harper & Co,100% Wool,Width: 4M,£109.00 per SQM,Yes,Yes
Genoa,David Harper & Co,100% Wool,Width: 4M,£109.00 per SQM,Yes,Yes
Maze,David Harper & Co,100% Wool,Width: 4M,£124.00 per SQM,Yes,
Naxos,David Harper & Co,100% Wool,Width: 4M,£126.00 per SQM,Yes,Yes
Rattan,David Harper & Co,100% Wool,Width: 4M,£116.00 per SQM,Yes,
Roma,David Harper & Co,100% Wool,Width: 4M,£119.00 per SQM,Yes,Yes
Savoy,David Harper & Co,100% Wool,Width: 4M,£119.00 per SQM,Yes,Yes
Tuscany,David Harper & Co,100% Wool,Width: 4M,£124.00 per SQM,Yes,
Venice,David Harper & Co,100% Wool,Width: 4M,£109.00 per SQM,Yes,Yes
Verona,David Harper & Co,100% Wool,Width: 4M,£109.00 per SQM,Yes,Yes
William,David Harper & Co,100% Wool,Width: 4M,£109.00 per SQM,Yes,Yes
Africa,Elements London,100% Wool,Width: 4M,£78.00 per SQM,,Yes
Africa Plains,Elements London,100% Wool,Width: 5M,£78.00 per SQM,,Yes
Broadway,Elements London,100% TekSilk (PA 6.6),"Widths: 4M, 5M",£78.00 per SQM,,Yes
Capri,Elements London,50% Wool,Width: 5M,£69.00 per SQM,,Yes
Hamilton,Elements London,100% Undyed Wool,"Widths: 4M, 5M",£63.00 per SQM,,Yes
Havana,Elements London,100% Wool,Width: 5M,£69.00 per SQM,,Yes
Havana Plains,Elements London,100% Wool,Width: 5M,£69.00 per SQM,,Yes
Roma,Elements London,100% Wool,Width: 5M,£76.00 per SQM,,Yes
Scenario,Elements London,100% TekSilk (PA 6.6),Width: 4M,£96.00 per SQM,,Yes
Serenade,Elements London,100% TekSilk (PA 6.6),Width: 4M,£78.00 per SQM,,Yes
Serenity,Elements London,100% TekSilk (PA 6.6),"Widths: 4M, 5M",£71.00 per SQM,,Yes
Silkresse,Elements London,100% TekSilk (PA 6.6),Width: 4M,£109.00 per SQM,,Yes
Symphony,Elements London,100% TekSilk (PA 6.6),"Widths: 4M, 5M",£78.00 per SQM,,Yes
Synergy,Elements London,100% TekSilk (PA 6.6),Width: 4M,£89.00 per SQM,,Yes
Times Square,Elements London,100% TekSilk (PA 6.6),"Widths: 4M, 5M",£67.00 per SQM,,Yes
Verdi,Elements London,50% Wool,Width: 5M,£69.00 per SQM,,Yes
Vivaldi,Elements London,50% Wool,Width: 5M,£69.00 per SQM,,Yes
Wall Street,Elements London,100% TekSilk (PA 6.6),"Widths: 4M, 5M",£95.00 per SQM,,Yes
Wellington,Elements London,100% Wool,Width: 4M,£74.00 per SQM,,Yes
Westeros,Elements London,100% Wool,Width: 4M,£91.00 per SQM,,Yes
Easycare Boucle,Fibre,100% PP,Width: 4M,£46.00 per SQM,,
Easycare Chevron,Fibre,100% PP,Width: 4M,£46.00 per SQM,,
Flatweave Classic Big Boucle,Fibre,"10% Wool, 90% PP","Widths: 4M, 5M",£50.00 per SQM,Yes,Yes
Flatweave Classic Diamond,Fibre,"10% Wool, 90% PP",Width: 4M,£52.00 per SQM,Yes,Yes
Flatweave Classic Herringbone,Fibre,"10% Wool, 90% PP","Widths: 4M, 5M",£47.00 per SQM,Yes,Yes
Flatweave Classic Linear,Fibre,"10% Wool, 90% PP",Width: 4M,£52.00 per SQM,Yes,Yes
Flatweave Classic Panama,Fibre,"10% Wool, 90% PP",Width: 4M,£51.00 per SQM,Yes,Yes
Flatweave Classic Small Boucle,Fibre,"10% Wool, 90% PP","Widths: 4M, 5M",£50.00 per SQM,Yes,Yes
Helios,Fibre,"70% Tencel, 30% Wool",Width: 4M,£83.00 per SQM,Yes,
Seagrass Fine,Fibre,100% Seagrass,Width: 4M,£38.00 per SQM,Yes,Yes
Seagrass Herringbone,Fibre,100% Seagrass,Width: 4M,£31.00 per SQM,Yes,Yes
Seagrass Panama,Fibre,100% Seagrass,Width: 4M,£28.00 per SQM,Yes,Yes
Sisal 'Easyclean' Boucle,Fibre,100% Sisal,"Widths: 4M, 5M",£54.00 per SQM,,
Sisal 'Easyfit' Antilles,Fibre,100% Sisal,"Widths: 4M, 5M",£57.00 per SQM,Yes,Yes
Sisal 'Easyfit' Borneo,Fibre,100% Sisal,"Widths: 4M, 5M",£53.00 per SQM,Yes,Yes
Sisal Artemis,Fibre,100% Sisal,Width: 4M,£60.00 per SQM,Yes,Yes
"Sisal Bengal (Jaipur, Mogul, Raj, Rankpur)",Fibre,100% Sisal,"Widths: 4M, 5M",£52.00 per SQM,Yes,Yes
"Sisal Bengal (Jodhpur, Kerala Mumbai, Singh)",Fibre,100% Sisal,Width: 4M,£52.00 per SQM,Yes,Yes
"Sisal Boucle (Anise, Cumin, Saffron, Sesame, Spice)",Fibre,100% Sisal,"Widths: 4M, 5M",£45.00 per SQM,Yes,Yes
Sisal Boucle (Most),Fibre,100% Sisal,Width: 4M,£45.00 per SQM,Yes,Yes
"Sisal Havana (Clay, Obsidian)",Fibre,100% Sisal,Width: 4M,£51.00 per SQM,Yes,Yes
Sisal Havana (Most),Fibre,100% Sisal,"Widths: 4M, 5M",£51.00 per SQM,Yes,Yes
Sisal Himalaya,Fibre,100% Sisal,Width: 4M,£68.00 per SQM,Yes,Yes
Sisal Sumatra,Fibre,100% Sisal,Width: 4M,£49.00 per SQM,Yes,Yes
Varsity,Fibre,"75% Wool, 25% Nylon",Width: 4M,£153.00 per SQM,,
Wool Arcadian,Fibre,100% Wool,"Widths: 4M, 5M",£57.00 per SQM,,Yes
Wool Chevron,Fibre,100% Wool,"Widths: 4M, 5M",£76.00 per SQM,Yes,Yes
Wool Devonian,Fibre,100% Wool,Width: 4M,£65.00 per SQM,Yes,Yes
Wool Exmoor,Fibre,100% Wool,"Widths: 4M, 5M",£53.00 per SQM,,Yes
Wool Faroe,Fibre,100% Wool,Width: 4M,£70.00 per SQM,,Yes
Wool Herringbone,Fibre,100% Wool,Width: 4M,£71.00 per SQM,,Yes
Wool Herringfine,Fibre,100% Wool,"Widths: 4M, 5M",£85.00 per SQM,,Yes
Wool Holland Park,Fibre,100% Wool,Width: 4M,£71.00 per SQM,,Yes
Wool Horizon,Fibre,100% Wool,Width: 4M,£71.00 per SQM,Yes,Yes
Wool Maldives,Fibre,100% Wool,"Widths: 4M, 5M",£51.00 per SQM,Yes,Yes
Wool Paragon,Fibre,100% Wool,Width: 4M,£71.00 per SQM,Yes,Yes
Wool Serenity,Fibre,100% Wool,"Widths: 4M, 5M",£57.00 per SQM,,Yes
Wool Seychelles,Fibre,100% Wool,"Widths: 4M, 5M",£51.00 per SQM,Yes,Yes
Wool Twill,Fibre,100% Wool,"Widths: 4M, 5M",£71.00 per SQM,Yes,Yes
Wool Verbier,Fibre,100% Wool,"Widths: 4M, 5M",£81.00 per SQM,,Yes
Wool Zurich,Fibre,100% Wool,"Widths: 4M, 5M",£75.00 per SQM,,Yes
Battersea,Gaskell Wool Rich,"80% Wool, 20% Yak Hair","Widths: 4M, 5M",£55.00 per SQM,Yes,
Blackfriars,Gaskell Wool Rich,100% Wool,"Widths: 4M, 5M",£45.00 per SQM,,
Camden,Gaskell Wool Rich,50% Wool,"Widths: 4M, 5M",£54.00 per SQM,,Yes
Dulwich,Gaskell Wool Rich,50% Wool,"Widths: 4M, 5M",£34.00 per SQM,Yes,
Dulwich Stripe,Gaskell Wool Rich,50% Wool,Width: 4M,£34.00 per SQM,Yes,
Finchley,Gaskell Wool Rich,50% Wool,"Widths: 4M, 5M",£32.00 per SQM,Yes,
Hadleigh,Gaskell Wool Rich,100% Wool,"Widths: 4M, 5M",£54.00 per SQM,Yes,
Highgate,Gaskell Wool Rich,100% NZ Wool,"Widths: 4M, 5M",£53.00 per SQM,Yes,
Holland Park,Gaskell Wool Rich,50% Wool,"Widths: 4M, 5M",£43.00 per SQM,Yes,
Marble Arch,Gaskell Wool Rich,100% Wool,"Widths: 4M, 5M",£59.00 per SQM,Yes,
Marylebone,Gaskell Wool Rich,100% Wool,"Widths: 4M, 5M",£46.00 per SQM,Yes,
Richmond,Gaskell Wool Rich,100% Wool,"Widths: 4M, 5M",£31.00 per SQM,,
Rusticana,Gaskell Wool Rich,100% Wool,"Widths: 4M, 5M",£49.00 per SQM,,
Southbank,Gaskell Wool Rich,100% NZ Wool,"Widths: 4M, 5M",£58.00 per SQM,,Yes
St James,Gaskell Wool Rich,100% NZ Wool,"Widths: 4M, 5M",£53.00 per SQM,,Yes
Wembley,Gaskell Wool Rich,100% Wool,"Widths: 4M, 5M",£29.00 per SQM,Yes,
Westminster,Gaskell Wool Rich,100% Wool,"Widths: 4M, 5M",£52.00 per SQM,,
Wimbledon,Gaskell Wool Rich,50% Wool,"Widths: 4M, 5M",£38.00 per SQM,,
Javan Loop,Hall’s Floorings,100% Wool,"Widths: 4M, 5M",£45.00 per SQM,Yes,
Javan Stripe,Hall’s Floorings,100% Wool,"Widths: 4M, 5M",£45.00 per SQM,Yes,
City Belmont,Hammer Carpets,100% Pure NZ Wool,Width: 5M,£71.00 per SQM,Yes,Yes
City Chevron,Hammer Carpets,100% Pure NZ Wool,Width: 5M,£70.00 per SQM,Yes,Yes
Copenhagen,Hammer Carpets,100% Pure NZ Wool,Width: 5M,£70.00 per SQM,Yes,Yes
Jacs,Hammer Carpets,100% Pure NZ Wool,Width: 5M,£72.00 per SQM,Yes,Yes
Memphis,Hammer Carpets,100% Pure NZ Wool,Width: 5M,£73.00 per SQM,Yes,Yes
Natural Lines,Hammer Carpets,100% Pure NZ Wool,Width: 5M,£70.00 per SQM,Yes,Yes
Sloane Square,Hammer Carpets,100% Pure NZ Wool,Width: 5M,£72.00 per SQM,Yes,Yes
Stockholm,Hammer Carpets,100% Pure NZ Wool,Width: 5M,£70.00 per SQM,Yes,Yes
Supreme Boucle,Hammer Carpets,100% Pure NZ Wool,Width: 5M,£65.00 per SQM,Yes,Yes
Deco Plains,Hugh Mackay,100% Wool,"Widths: 4M, 5M",£42.00 per SQM,Yes,Yes
Deco Stripe,Hugh Mackay,100% Wool,"Widths: 1M, 4M, 5M",£42.00 per SQM,Yes,Yes
Deco Two-Tone,Hugh Mackay,100% Wool,"Widths: 1M, 4M, 5M",£42.00 per SQM,Yes,Yes
Deco Zig Zag,Hugh Mackay,100% Wool,"Widths: 1M, 4M, 5M",£42.00 per SQM,Yes,Yes
Dunelm Loop,Hugh Mackay,100% Wool,"Widths: 4M, 5M",£47.00 per SQM,Yes,Yes
Durham Edition,Hugh Mackay,"80% Wool, 20% Synthetic",Width: 4M,£42.00 per SQM,Yes,Yes
Durham Tweed 50,Hugh Mackay,"80% Wool, 20% Synthetic","Widths: 4M, 5M",£46.00 per SQM,,Yes
Durham Twist Colours 40,Hugh Mackay,"80% Wool, 20% Synthetic","Widths: 4M, 5M",£42.00 per SQM,Yes,Yes
Durham Twist Colours 50,Hugh Mackay,"80% Wool, 20% Synthetic","Widths: 4M, 5M",£46.00 per SQM,Yes,Yes
Durham Twist Elements 40,Hugh Mackay,"80% Wool, 20% Synthetic","Widths: 4M, 5M",£42.00 per SQM,Yes,Yes
Durham Twist Elements 50,Hugh Mackay,"80% Wool, 20% Synthetic","Widths: 4M, 5M",£46.00 per SQM,Yes,Yes
Durham Twist Naturals 40,Hugh Mackay,"80% Wool, 20% Synthetic","Widths: 4M, 5M",£42.00 per SQM,Yes,Yes
Durham Twist Naturals 50,Hugh Mackay,"80% Wool, 20% Synthetic","Widths: 4M, 5M",£46.00 per SQM,Yes,Yes
Durham Twist Stripe,Hugh Mackay,"80% Wool, 20% Synthetic","Widths: 1M, 4M, 5M",£46.00 per SQM,Yes,
Elvet Loop,Hugh Mackay,100% Wool,"Widths: 4M, 5M",£47.00 per SQM,Yes,
Knightsbridge Classics,Hugh Mackay,100% Softlux PP,"Widths: 4M, 5M",£24.00 per SQM,Yes,
Knightsbridge Deluxe,Hugh Mackay,100% Softlux PP,"Widths: 4M, 5M",£27.00 per SQM,Yes,
Knightsbridge Supreme,Hugh Mackay,100% Softlux PP,"Widths: 4M, 5M",£30.00 per SQM,Yes,
Prestige Classic,Hugh Mackay,100% PP,"Widths: 4M, 5M",£24.00 per SQM,Yes,
Prestige Elite,Hugh Mackay,100% PP,"Widths: 4M, 5M",£28.00 per SQM,Yes,
Safari,Hugh Mackay,"80% Wool, 20% Nylon",Width: 4M,£75.00 per SQM,Yes,Yes
Cabernet,ITC,100% Faux Silk (PA 6.0 Nylon),Width: 4M,£48.00 per SQM,Yes,
Cannes,ITC,100% Faux Silk (PA 6.0 Nylon),Width: 4M,£92.00 per SQM,Yes,
Chablis,ITC,100% Faux Silk (PA 6.0 Nylon),Width: 4M,£65.00 per SQM,Yes,
Chamonix,ITC,100% Faux Silk (PA 6.0 Nylon),Width: 4M,£129.00 per SQM,,
Eco-Velvet,ITC,100% Undyed Wool,Width: 4M,£75.00 per SQM,,
Elegance,ITC,100% Viscose,Width: 4M,£135.00 per SQM,,
Essence,ITC,100% Viscose,Width: 4M,£148.00 per SQM,,
Galaxy,ITC,100% Faux Silk (PA 6.0 Nylon),Width: 4M,£120.00 per SQM,,
Singapore,ITC,100% Polyester,Width: 4M,£95.00 per SQM,,
Agra,Jacaranda,"50% Wool, 50% TENCEL","Widths: 4M, 5M",£207.00 per SQM,,Yes
Almora,Jacaranda,100% TENCEL,Width: 4M,£188.00 per SQM,,Yes
Arani,Jacaranda,100% TENCEL,"Widths: 4M, 5M",£188.00 per SQM,,Yes
Babri,Jacaranda,"50% Wool, 50% TENCEL","Widths: 4M, 5M",£113.00 per SQM,,
Badoli,Jacaranda,"50% Wool, 50% TENCEL","Widths: 4M, 5M",£110.00 per SQM,,
Chatra,Jacaranda,100% Pure New Wool,"Widths: 4M, 5M",£107.00 per SQM,,Yes
Chennai,Jacaranda,100% Pure New Wool,"Widths: 4M, 5M",£73.00 per SQM,,Yes
Daiya,Jacaranda,100% Pure New Wool,"Widths: 4M, 5M",£73.00 per SQM,,
Desuri,Jacaranda,100% Pure New Wool,"Widths: 4M, 5M",£73.00 per SQM,,
Jaisalmer,Jacaranda,100% Pure New Wool,"Widths: 4M, 5M",£103.00 per SQM,,Yes
Jaspur,Jacaranda,100% Pure New Wool,"Widths: 4M, 5M",£116.00 per SQM,,Yes
Kasia,Jacaranda,100% TENCEL,"Widths: 4M, 5M",£190.00 per SQM,,Yes
Kheri,Jacaranda,100% TENCEL,Width: 4M,£190.00 per SQM,,Yes
Mandalay Silk,Jacaranda,"40% Silk, 60% Merino Wool","Widths: 4M, 5M",£344.00 per SQM,,Yes
Natural Weave Herringbone,Jacaranda,100% NZ Wool,Width: 4M,£145.00 per SQM,,Yes
Natural Weave Hexagon,Jacaranda,100% NZ Wool,Width: 4M,£113.00 per SQM,,Yes
Natural Weave Square,Jacaranda,100% NZ Wool,Width: 4M,£129.00 per SQM,,Yes
Rajgarh,Jacaranda,"60% Viscose, 40% Wool","Widths: 4M, 5M",£161.00 per SQM,,Yes
Rampur,Jacaranda,"60% Viscose, 40% Wool","Widths: 4M, 5M",£132.00 per SQM,,Yes
Santushti,Jacaranda,100% TENCEL,"Widths: 4M, 5M",£182.00 per SQM,,Yes
Satara,Jacaranda,100% TENCEL,Width: 4M,£182.00 per SQM,,Yes
Seoni,Jacaranda,100% Carbon-Zero TENCEL,"Widths: 4M, 5M",£177.00 per SQM,,
Simla,Jacaranda,100% TENCEL,"Widths: 4M, 5M",£205.00 per SQM,,Yes
Willingdon,Jacaranda,100% Pure New Wool,"Widths: 4M, 5M",£106.00 per SQM,,Yes
Aurora,Kersaint Cobb,100% Wool,"Widths: 4M, 5M",£50.00 per SQM,,
Capella,Kersaint Cobb,"50% Wool, 50% PP","Widths: 4M, 5M",£31.00 per SQM,,
Cascade,Kersaint Cobb,100% Wool,Width: 4M,£69.00 per SQM,,
Changing Scale,Kersaint Cobb,100% Wool,"Widths: 4M, 5M",£52.00 per SQM,,Yes
Country Herbs,Kersaint Cobb,100% Wool,"Widths: 4M, 5M",£46.00 per SQM,,
Elegance,Kersaint Cobb,100% Wool,"Widths: 4M, 5M",£58.00 per SQM,,
Exquisite,Kersaint Cobb,100% Wool,"Widths: 4M, 5M",£58.00 per SQM,,
Folded Angle,Kersaint Cobb,100% NZ Wool,Width: 5M,£76.00 per SQM,,Yes
Grandeur,Kersaint Cobb,100% Wool,"Widths: 4M, 5M",£58.00 per SQM,,
Inspired Directions ,Kersaint Cobb,100% NZ Wool,"Widths: 4M, 5M",£48.00 per SQM,,
KC Coir Matting (Not Stock) Coloured,Kersaint Cobb,100% Coir,"Widths: 1M, 2M",£58.00 per SQM,,
KC Coir Matting (Not Stock) Natural,Kersaint Cobb,100% Coir,"Widths: 1M, 2M",£52.00 per SQM,,
KC Coir Opulence Boucle Natural,Kersaint Cobb,100% Coir,"Widths: 3.94M, 5M",£42.00 per SQM,,
KC Coir Opulence Herringbone Natural,Kersaint Cobb,100% Coir,"Widths: 3.94M, 5M",£39.00 per SQM,,
KC Coir Opulence Panama Natural,Kersaint Cobb,100% Coir,"Widths: 3.94M, 5M",£39.00 per SQM,,
KC Fine Seagrass - Basketweave ,Kersaint Cobb,100% Seagrass,Width: 4M,£44.00 per SQM,,
KC Fine Seagrass - Herringbone ,Kersaint Cobb,100% Seagrass,Width: 4M,£46.00 per SQM,,
KC Fine Seagrass - Standard ,Kersaint Cobb,100% Seagrass,Width: 4M,£46.00 per SQM,,
KC Jute Herringbone Natural,Kersaint Cobb,100% Jute,Width: 4M,£51.00 per SQM,,
KC Jute Medium Boucle,Kersaint Cobb,100% Jute,Width: 4M,£51.00 per SQM,,
KC Jute Panama Natural,Kersaint Cobb,100% Jute,Width: 4M,£51.00 per SQM,,
KC Seagrass - Basketweave ,Kersaint Cobb,100% Seagrass,Width: 4M,£46.00 per SQM,,
KC Seagrass - Herringbone ,Kersaint Cobb,100% Seagrass,Width: 4M,£40.00 per SQM,,
KC Seagrass - Standard ,Kersaint Cobb,100% Seagrass,Width: 4M,£38.00 per SQM,,
KC Sisal Big Boucle,Kersaint Cobb,100% Sisal,Width: 4M,£52.00 per SQM,,
KC Sisal Bouclé Artist,Kersaint Cobb,100% Sisal,Width: 4M,£56.00 per SQM,,
KC Sisal Elite Herringbone,Kersaint Cobb,100% Sisal,Width: 4M,£56.00 per SQM,,
KC Sisal Herringbone,Kersaint Cobb,100% Sisal,Width: 4M,£55.00 per SQM,,
KC Sisal Mini Bouclé,Kersaint Cobb,100% Sisal,"Widths: 4M, 5M",£52.00 per SQM,,Yes
KC Sisal Panama,Kersaint Cobb,100% Sisal,Width: 4M,£53.00 per SQM,,
KC Sisal Tigers Eye,Kersaint Cobb,100% Sisal,"Widths: 4M, 5M",£56.00 per SQM,,Yes
Luna,Kersaint Cobb,"70% Wool, 30% Goat Hair",Width: 5M,£70.00 per SQM,,
Odyssey,Kersaint Cobb,100% Wool,Width: 4M,£62.00 per SQM,,
Pampas Berber Loop,Kersaint Cobb,100% Wool,"Widths: 4M, 5M",£33.00 per SQM,,
Pampas Bouclé ,Kersaint Cobb,100% Wool,"Widths: 4M, 5M",£62.00 per SQM,,
Pampas Nordic ,Kersaint Cobb,"50% Wool, 50% PP","Widths: 4M, 5M",£41.00 per SQM,,
Pampas Nordic Elite,Kersaint Cobb,"50% Wool, 50% PP","Widths: 4M, 5M",£41.00 per SQM,,
Pampas Nordic Stripe,Kersaint Cobb,"50% Wool, 50% PP",Width: 4M,£41.00 per SQM,,
Piccolo,Kersaint Cobb,"80% Wool, 20% Yak Hair","Widths: 4M, 5M",£59.00 per SQM,,Yes
Studio Craft,Kersaint Cobb,100% Wool,"Widths: 4M, 5M",£52.00 per SQM,,Yes
Textured Repeat,Kersaint Cobb,100% Wool,"Widths: 4M, 5M",£63.00 per SQM,,Yes
Voyage,Kersaint Cobb,100% Wool,"Widths: 4M, 5M",£57.00 per SQM,,
Boheme,Lano,100% Triexta,"Widths: 4M, 5M",£61.00 per SQM,,Yes
Celeste,Lano,100% Triexta,"Widths: 4M, 5M",£64.00 per SQM,,Yes
Dream,Lano,100% Triexta,"Widths: 4M, 5M",£49.00 per SQM,,Yes
Evita,Lano,100% Polyamide,"Widths: 4M, 5M",£54.00 per SQM,,Yes
Fame Enso,Lano,100% PES,"Widths: 4M, 5M",£47.00 per SQM,,Yes
Freedom,Lano,100% Triexta,"Widths: 4M, 5M",£52.00 per SQM,,Yes
Incasa,Lano,100% Triexta,"Widths: 4M, 5M",£48.00 per SQM,,Yes
Jade,Lano,100% PES,"Widths: 4M, 5M",£35.00 per SQM,,
Lior,Lano,100% Triexta,"Widths: 4M, 5M",£54.00 per SQM,,Yes
Loft Life Grand,Lano,100% Triexta,"Widths: 4M, 5M",£52.00 per SQM,,
Loft Life Pure,Lano,100% Triexta,"Widths: 4M, 5M",£52.00 per SQM,,
Loft Life Sweet,Lano,100% Triexta,"Widths: 4M, 5M",£52.00 per SQM,,
Patina,Lano,100% Triexta,"Widths: 4M, 5M",£45.00 per SQM,,Yes
Pleasure,Lano,100% Polyamide,"Widths: 4M, 5M",£67.00 per SQM,Yes,Yes
Romance,Lano,100% Triexta,"Widths: 4M, 5M",£57.00 per SQM,,Yes
Satine,Lano,100% Polyamide,"Widths: 4M, 5M",£57.00 per SQM,,Yes
Sofia,Lano,100% Triexta,"Widths: 4M, 5M",£73.00 per SQM,,
Soft Distinction,Lano,100% PP,"Widths: 4M, 5M",£24.00 per SQM,,Yes
Startwist Elite,Lano,100% PP,"Widths: 4M, 5M",£25.00 per SQM,,Yes
Startwist Supreme,Lano,100% PP,"Widths: 4M, 5M",£22.00 per SQM,,Yes
Sweet Elegance,Lano,100% PP,"Widths: 4M, 5M",£26.00 per SQM,,
Traviata,Lano,100% Polyamide,"Widths: 4M, 5M",£53.00 per SQM,,Yes
Zen,Lano,100% Polyamide,Width: 4M,£49.00 per SQM,,
Chantilly,Lewis Abbott,100% Wool,"Widths: 4M, 5M",£63.00 per SQM,,Yes
Designer Rib,Lewis Abbott,100% Wool,"Widths: 4M, 5M",£70.00 per SQM,,
Designer Weave,Lewis Abbott,100% Wool,"Widths: 4M, 5M",£70.00 per SQM,,
Ewehurst,Lewis Abbott,100% Wool,"Widths: 4M, 5M",£71.00 per SQM,,Yes
Herringbone,Lewis Abbott,"10% Wool, 90% PP","Widths: 4M, 5M",£50.00 per SQM,,
Notting Hill,Lewis Abbott,100% Wool,"Widths: 4M, 5M",£44.00 per SQM,,Yes
Padstow,Lewis Abbott,100% Wool,"Widths: 4M, 5M",£55.00 per SQM,,Yes
Penzance,Lewis Abbott,100% Wool,"Widths: 4M, 5M",£52.00 per SQM,,
Pot Pouri,Lewis Abbott,"10% Wool, 90% PP","Widths: 4M, 5M",£47.00 per SQM,,Yes
Rural Charm,Lewis Abbott,100% Wool,"Widths: 4M, 5M",£32.00 per SQM,,
Ben Nevis,Riviera,100% Wool,Width: 4M,£96.00 per SQM,Yes,Yes
Burford,Riviera,100% Undyed Wool,Width: 5M,£82.00 per SQM,,Yes
Capri,Riviera,100% Wool,Width: 5M,£78.00 per SQM,Yes,Yes
Chartwell,Riviera,"46% Wool, 54% Tencel",Width: 5M,£136.00 per SQM,,Yes
Florence,Riviera,100% Wool,Width: 5M,£79.00 per SQM,Yes,Yes
Genoa,Riviera,100% NZ Wool,Width: 5M,£68.00 per SQM,,
Grand Piazza,Riviera,100% Wool,Width: 5M,£86.00 per SQM,,Yes
Hampstead,Riviera,100% Wool,Width: 5M,£89.00 per SQM,,Yes
Lake,Riviera,100% Undyed Wool,Width: 4M,£55.00 per SQM,,Yes
Livorno,Riviera,100% PP,Width: 5M,£57.00 per SQM,,
Mayfair,Riviera,100% NZ Wool,Width: 5M,£100.00 per SQM,,Yes
Medina,Riviera,100% PP,Width: 5M,£57.00 per SQM,,
Milano,Riviera,100% Wool,Width: 5M,£79.00 per SQM,Yes,Yes
Monaco,Riviera,100% Tencel,Width: 5M,£137.00 per SQM,,
Royalty,Riviera,100% Wool,Width: 5M,£79.00 per SQM,,Yes
Rustic Croft,Riviera,100% Undyed Wool,Width: 4M,£64.00 per SQM,,Yes
Shetland Weave,Riviera,100% Wool,Width: 5M,£99.00 per SQM,,
Siena,Riviera,100% Wool,Width: 5M,£73.00 per SQM,,
Sorrento,Riviera,100% Wool,Width: 5M,£75.00 per SQM,,
St Tropez,Riviera,100% Tencel,Width: 5M,£117.00 per SQM,,
Tetbury,Riviera,100% Undyed Wool,Width: 4M,£67.00 per SQM,,Yes
Turin,Riviera,100% NZ Wool,Width: 5M,£68.00 per SQM,,
Witney,Riviera,100% Undyed Wool,Width: 4M,£76.00 per SQM,,Yes
Annabelle III,Rols,100% Wool,"Widths: 2M, 4M",£128.00 per SQM,,
Annabelle III,Rols,100% Wool,"Widths: 2M, 4M",£147.00 per SQM,,
Castor Plus,Rols,100% Wool,"Widths: 2M, 4M",£98.00 per SQM,,
"Castor Plus - Colours 301, 302, 310, 324, 327",Rols,100% Wool,"Widths: 2M, 4M",£111.00 per SQM,,
Diana Herringbone,Rols,100% Wool,"Widths: 2M, 4M",£115.00 per SQM,,Yes
Gala Lattice,Rols,100% Wool,"Widths: 2M, 4M",£115.00 per SQM,,Yes
Ingrid,Rols,"50% Nylon, 50% Wool","Widths: 2M, 4M",£153.00 per SQM,,
Lara Uni,Rols,100% Wool,"Widths: 2M, 4M",£98.00 per SQM,,
Luna,Rols,100% Nylon,"Widths: 2M, 4M",£156.00 per SQM,,Yes
Martina,Rols,100% Nylon,"Widths: 2M, 4M",£157.00 per SQM,,
Maya,Rols,100% PET,"Widths: 2M, 4M",£79.00 per SQM,,
Nature Premium,Rols,100% PET,"Widths: 2M, 4M",£74.00 per SQM,,
Noa,Rols,100% Wool,"Widths: 2M, 4M",£70.00 per SQM,,
Nordica Chevron,Rols,100% Wool,"Widths: 2M, 4M",£82.00 per SQM,,
Nordica Classic,Rols,100% Wool,"Widths: 2M, 4M",£74.00 per SQM,,
Serena,Rols,100% Wool,"Widths: 2M, 4M",£87.00 per SQM,,
Teide,Rols,100% Wool,"Widths: 2M, 4M",£74.00 per SQM,,
Terra,Rols,100% PET,Width: 2M,£111.00 per SQM,,
Vega,Rols,100% Wool,"Widths: 2M, 4M",£138.00 per SQM,,
Zenit+,Rols,100% Wool,"Widths: 2M, 4M",£164.00 per SQM,,
"Zenit+ - Colours 001, 023",Rols,100% Wool,"Widths: 2M, 4M",£199.00 per SQM,,
Bakerloo,Telenzo,"100% Wool, 3-Ply","Widths: 4M, 5M",£39.00 per SQM,Yes,
Barbican,Telenzo,"100% Wool, 2-Ply","Widths: 4M, 5M",£37.00 per SQM,Yes,
Barbican Stripe,Telenzo,"100% Wool, 2-Ply","Widths: 4M, 5M",£37.00 per SQM,Yes,
Breeze,Telenzo,100% Polyamide,"Widths: 4M, 5M",£43.00 per SQM,,
Burford Bridge,Telenzo,"100% Wool, 3-Ply","Widths: 4M, 5M",£49.00 per SQM,Yes,
Centre Point,Telenzo,"100% Wool, 3-Ply","Widths: 4M, 5M",£39.00 per SQM,,Yes
Chelsea,Telenzo,"100% NZ Wool, 3-Ply","Widths: 4M, 5M",£45.00 per SQM,,
Cloud,Telenzo,100% Polyamide,"Widths: 4M, 5M",£59.00 per SQM,Yes,
Cormo,Telenzo,"100% Undyed Wool, 4-Ply","Widths: 4M, 5M",£49.00 per SQM,Yes,
Diversity,Telenzo,"100% Wool, 3-Ply","Widths: 4M, 5M",£45.00 per SQM,,Yes
Greenwich,Telenzo,"50% Wool, 50% PP","Widths: 4M, 5M",£35.00 per SQM,,
Hoxton,Telenzo,"100% NZ Wool, 3-Ply","Widths: 4M, 5M",£55.00 per SQM,,
King's Cross,Telenzo,"100% Wool, 3-Ply","Widths: 4M, 5M",£37.00 per SQM,,
London Bridge,Telenzo,"100% Wool, 3-Ply","Widths: 4M, 5M",£37.00 per SQM,,
Mainline,Telenzo,"100% Wool, 3-Ply","Widths: 4M, 5M",£39.00 per SQM,,Yes
Paddington,Telenzo,"100% Wool, 3-Ply","Widths: 4M, 5M",£37.00 per SQM,,
Primrose Hill,Telenzo,"100% NZ Wool, 3-Ply","Widths: 4M, 5M",£55.00 per SQM,,
Rya,Telenzo,"100% Undyed Wool, 4-Ply","Widths: 4M, 5M",£49.00 per SQM,Yes,
Whisper,Telenzo,100% Polyamide,"Widths: 4M, 5M",£54.00 per SQM,,
Batik,The Woven Edge,100% Wool (Hand Spun),Width: 4M,£126.00 per SQM,Yes,Yes
Braid,The Woven Edge,100% Wool,Width: 5M,£107.00 per SQM,Yes,Yes
Chevron,The Woven Edge,100% Wool,Width: 5M,£88.00 per SQM,Yes,Yes
Diamond,The Woven Edge,100% Wool,Width: 5M,£113.00 per SQM,,Yes
Fretwork,The Woven Edge,100% Wool,Width: 5M,£118.00 per SQM,,Yes
Groove,The Woven Edge,100% Wool,Width: 5M,£101.00 per SQM,Yes,Yes
Herringbone,The Woven Edge,100% Wool,Width: 5M,£96.00 per SQM,,Yes
Houndstooth,The Woven Edge,100% Wool,Width: 5M,£118.00 per SQM,,Yes
Jewel,The Woven Edge,100% Wool,Width: 5M,£115.00 per SQM,Yes,Yes
Mosaic,The Woven Edge,100% Wool (Space Dyed),Width: 4M,£128.00 per SQM,Yes,Yes
Pebble,The Woven Edge,100% Wool,Width: 4M,£123.00 per SQM,Yes,Yes
Thread,The Woven Edge,100% Wool (Gabbe Dyed),Width: 4M,£118.00 per SQM,Yes,Yes
Habitus Croft,Ulster Carpets,100% Wool,"Widths: 1M, 2M, 3M, 4M, 5M",£55.00 per SQM,,
Habitus Rustik,Ulster Carpets,100% Wool,"Widths: 1M, 2M, 3M, 4M, 5M",£55.00 per SQM,,
Habitus Strond,Ulster Carpets,100% Wool,"Widths: 1M, 2M, 3M, 4M, 5M",£55.00 per SQM,,
Open Spaces Dubai,Ulster Carpets,100% Wool,"Widths: 1M, 2M, 3M, 4M, 5M",£55.00 per SQM,,Yes
Open Spaces Laneve Auckland,Ulster Carpets,100% NZ Laneve Wool,"Widths: 1M, 2M, 3M, 4M, 5M",£55.00 per SQM,,Yes
Open Spaces Laneve Napier,Ulster Carpets,100% NZ Laneve Wool,"Widths: 1M, 2M, 3M, 4M, 5M",£55.00 per SQM,,
Open Spaces Laneve Queenstown,Ulster Carpets,100% NZ Laneve Wool,"Widths: 1M, 2M, 3M, 4M, 5M",£55.00 per SQM,,Yes
Open Spaces Laneve Raglan,Ulster Carpets,100% NZ Laneve Wool,"Widths: 1M, 2M, 3M, 4M, 5M",£55.00 per SQM,,
Open Spaces Laneve Wellington Stripe,Ulster Carpets,100% NZ Laneve Wool,"Widths: 1M, 2M, 3M, 4M, 5M",£55.00 per SQM,,Yes
Alberta,Unnatural Flooring,100% PP,Width: 5M,£54.00 per SQM,,Yes
Copenhagen Chevron,Unnatural Flooring,100% PP,Width: 4M,£64.00 per SQM,,
Copenhagen Moss Stitch,Unnatural Flooring,100% PP,Width: 4M,£59.00 per SQM,,Yes
Long Island,Unnatural Flooring,100% PP,Width: 4M,£47.00 per SQM,,Yes
Montreal,Unnatural Flooring,100% PP,Width: 4M,£49.00 per SQM,,Yes
New England,Unnatural Flooring,100% PP,Width: 4M,£45.00 per SQM,Yes,Yes
New York,Unnatural Flooring,100% PP,Width: 4M,£49.00 per SQM,Yes,Yes
"New York (Arthur, Central, Columbus & Rucker)",Unnatural Flooring,100% PP,"Widths: 4M, 5M",£49.00 per SQM,,
Precision,Unnatural Flooring,Woven Vinyl,Width: 2M,£80.00 per SQM,,Yes
Vermont,Unnatural Flooring,100% PP,Width: 4M,£48.00 per SQM,,Yes
Woven Vinyl Metallic,Unnatural Flooring,Woven Vinyl,Width: 2M,£69.00 per SQM,,Yes
Woven Vinyl Natural,Unnatural Flooring,Woven Vinyl,Width: 2M,£65.00 per SQM,,Yes
Aura,Victoria Carpets,100% PP,"Widths: 4M, 5M",£32.00 per SQM,,
Burford Twist Elite,Victoria Carpets,80% Wool,"Widths: 4M, 5M",£37.00 per SQM,,
Burford Twist Super,Victoria Carpets,80% Wool,"Widths: 4M, 5M",£32.00 per SQM,,
Freedom,Victoria Carpets,100% PP,"Widths: 4M, 5M",£25.00 per SQM,,
Freedom Xtra,Victoria Carpets,100% PP,"Widths: 4M, 5M",£30.00 per SQM,,
Habberley Classic,Victoria Carpets,"70% Wool, 30% TENCEL","Widths: 4M, 5M",£67.00 per SQM,Yes,Yes
Habberley Herringbone,Victoria Carpets,"70% Wool, 30% TENCEL","Widths: 4M, 5M",£67.00 per SQM,Yes,Yes
Habberley Ridge,Victoria Carpets,"70% Wool, 30% TENCEL","Widths: 4M, 5M",£67.00 per SQM,Yes,Yes
Heartland,Victoria Carpets,100% PP,"Widths: 4M, 5M",£34.00 per SQM,,
Heartland Heathers,Victoria Carpets,100% PP,"Widths: 4M, 5M",£36.00 per SQM,,
Heartland Ultra,Victoria Carpets,100% PP,"Widths: 4M, 5M",£42.00 per SQM,,
Luxuria Velvet,Victoria Carpets,100% Nylon 6.6,"Widths: 4M, 5M",£83.00 per SQM,,
Pioneer,Victoria Carpets,100% PP,"Widths: 4M, 5M",£28.00 per SQM,,
Pure & Simple (Plain),Victoria Carpets,80% Wool,"Widths: 4M, 5M",£61.00 per SQM,,
Royal Velvet,Victoria Carpets,100% Wool,"Widths: 4M, 5M",£66.00 per SQM,,
Sisal Weave Classic,Victoria Carpets,100% Wool,"Widths: 4M, 5M",£52.00 per SQM,,Yes
Sisal Weave Style,Victoria Carpets,100% Wool,"Widths: 4M, 5M",£52.00 per SQM,,Yes
Strathmore Berber,Victoria Carpets,80% Wool,"Widths: 4M, 5M",£48.00 per SQM,,
Tudor Co-ordinates,Victoria Carpets,100% Wool,"Widths: 4M, 5M",£47.00 per SQM,,
Tudor Twist Classic,Victoria Carpets,80% Wool,"Widths: 4M, 5M",£43.00 per SQM,,
Tudor Twist Regal,Victoria Carpets,80% Wool,"Widths: 4M, 5M",£44.00 per SQM,,
Ultimate Expressions,Victoria Carpets,100% PP,"Widths: 4M, 5M",£45.00 per SQM,,
Ultimate Impressions,Victoria Carpets,100% PP,"Widths: 4M, 5M",£45.00 per SQM,,
Barrington Loop,Westex,100% Wool,"Widths: 1M, 3.66M, 4M, 4.57M, 5M",£165.00 per SQM,,
Bouclé Natural Loop,Westex,100% Wool,"Widths: 1M, 3.66M, 4M, 4.57M, 5M",£65.00 per SQM,Yes,
Briar Natural Loop,Westex,100% Wool,"Widths: 1M, 3.66M, 4M, 4.57M, 5M",£65.00 per SQM,Yes,
Cable Natural Loop,Westex,100% Wool,"Widths: 1M, 3.66M, 4M, 4.57M, 5M",£65.00 per SQM,Yes,
Pure Luxury Wool - Troika,Westex,100% Wool,"Widths: 1M, 3.66M, 4M, 4.57M, 5M",£130.00 per SQM,,
Pure Luxury Wool - Tundra,Westex,100% Wool,"Widths: 1M, 3.66M, 4M, 4.57M, 5M",£99.00 per SQM,,
Silken Velvet - Chic,Westex,100% Polyamide 6.6,"Widths: 1M, 3.66M, 4M, 4.57M, 5M",£89.00 per SQM,Yes,
Savoy,Best Wool,100% NZ Wool,Width: 5M,£66.00 per SQM,,Yes
