Product,Manufacturer,Species,Finish,Width & Length,Thickness,Price,Twickenham,Richmond
Albi Biscuit,Lamett,European Oak,Oil,190 (w) x 14/3 (l),14/3 (t),£87.00 per SQM,,Yes
Albi Look Unfinished,Lamett,European Oak,Oil,190 (w) x 14/3 (l),14/3 (t),£87.00 per SQM,,Yes
Albi Smoked Invisible,Lamett,European Oak,Oil,190 (w) x 14/3 (l),14/3 (t),£87.00 per SQM,,Yes
Albi Vintage,Lamett,European Oak,Oil,190 (w) x 14/3 (l),14/3 (t),£87.00 per SQM,,Yes
Bergamo Black,Lamett,European Oak,Oil,190 (w) x 14/3 (l),14/3 (t),£102.00 per SQM,Yes,Yes
Bergamo Cotton White,Lamett,European Oak,Oil,190 (w) x 14/3 (l),14/3 (t),£102.00 per SQM,Yes,Yes
Bergamo Look Unfinished,Lamett,European Oak,Oil,190 (w) x 14/3 (l),14/3 (t),£102.00 per SQM,Yes,Yes
Bergamo Natural,Lamett,European Oak,Oil,190 (w) x 14/3 (l),14/3 (t),£102.00 per SQM,Yes,Yes
Bergamo Smoke,Lamett,European Oak,Oil,190 (w) x 14/3 (l),14/3 (t),£102.00 per SQM,Yes,Yes
Bergamo Titanium,Lamett,European Oak,Oil,190 (w) x 14/3 (l),14/3 (t),£102.00 per SQM,Yes,Yes
Bergen 190 Invisible,Lamett,European Oak,Lacquer,190 (w) x 15/3 (l),15/3 (t),£88.00 per SQM,,
Bergen 190 Mont Blanc,Lamett,European Oak,Lacquer,190 (w) x 15/3 (l),15/3 (t),£88.00 per SQM,,Yes
Bergen 190 Natural,Lamett,European Oak,Lacquer,190 (w) x 15/3 (l),15/3 (t),£88.00 per SQM,,Yes
Bergen 190 Pure,Lamett,European Oak,Lacquer,190 (w) x 15/3 (l),15/3 (t),£88.00 per SQM,,Yes
Carcassone Black,Lamett,European Oak,Oil,220 (w) x 15/4 (l),15/4 (t),£91.00 per SQM,Yes,Yes
Carcassone Blanco,Lamett,European Oak,Oil,220 (w) x 15/4 (l),15/4 (t),£91.00 per SQM,Yes,Yes
Carcassone Look Unfinished,Lamett,European Oak,Oil,220 (w) x 15/4 (l),15/4 (t),£91.00 per SQM,Yes,Yes
Carcassone Natural,Lamett,European Oak,Oil,220 (w) x 15/4 (l),15/4 (t),£91.00 per SQM,Yes,Yes
Carcassone DC Granola,Lamett,European Oak,Oil,220 (w) x 15/4 (l),15/4 (t),£123.00 per SQM,,Yes
Carcassone DC Caramel,Lamett,European Oak,Oil,220 (w) x 15/4 (l),15/4 (t),£123.00 per SQM,,Yes
Carcassone DC Crumble,Lamett,European Oak,Oil,220 (w) x 15/4 (l),15/4 (t),£123.00 per SQM,,Yes
Carcassone DC Café Au Lait,Lamett,European Oak,Oil,220 (w) x 15/4 (l),15/4 (t),£123.00 per SQM,,Yes
Carcassone DC Amaretto,Lamett,European Oak,Oil,220 (w) x 15/4 (l),15/4 (t),£123.00 per SQM,,Yes
Carcassone DC Latte,Lamett,European Oak,Oil,220 (w) x 15/4 (l),15/4 (t),£123.00 per SQM,,Yes
Chalet 190 Invisible,Lamett,European Oak,Oil,190 (w) x 14/3 (l),14/3 (t),£63.00 per SQM,,Yes
Chalet 190 Natural,Lamett,European Oak,Oil,190 (w) x 14/3 (l),14/3 (t),£63.00 per SQM,,Yes
Chalet Herringbone Invisible,Lamett,European Oak,Oil,120 (w) x 14/4 (l),14/4 (t),£67.00 per SQM,Yes,
Chalet Herringbone Natural,Lamett,European Oak,Oil,120 (w) x 14/5 (l),14/5 (t),£67.00 per SQM,Yes,
Cottage 190 Invisible,Lamett,European Oak,Lacquer,190 (w) x 14/3 (l),14/3 (t),£65.00 per SQM,Yes,Yes
Cottage 190 Mont Blanc,Lamett,European Oak,Lacquer,190 (w) x 14/3 (l),14/3 (t),£65.00 per SQM,Yes,Yes
Cottage 190 Natural,Lamett,European Oak,Lacquer,190 (w) x 14/3 (l),14/3 (t),£65.00 per SQM,Yes,Yes
Cottage 190 Paris Brown,Lamett,European Oak,Lacquer,190 (w) x 14/3 (l),14/3 (t),£59.00 per SQM,Yes,Yes
Cottage 260 Invisible,Lamett,European Oak,Lacquer,260 (w) x 15/4 (l),15/4 (t),£78.00 per SQM,Yes,Yes
Cottage 260 Natural,Lamett,European Oak,Lacquer,260 (w) x 15/4 (l),15/4 (t),£78.00 per SQM,Yes,Yes
Cottage Herringbone Invisible,Lamett,European Oak,Lacquer,120 (w) x 14/3 (l),14/3 (t),£65.00 per SQM,Yes,
Cottage Herringbone Natural,Lamett,European Oak,Lacquer,120 (w) x 14/3 (l),14/3 (t),£65.00 per SQM,Yes,
Country Double Smoked Pure,Lamett,European Oak,Oil,190 (w) x 15/3.5 (l),15/3.5 (t),£69.00 per SQM,Yes,Yes
Country Smoked Coffee,Lamett,European Oak,Oil,190 (w) x 15/3.5 (l),15/3.5 (t),£69.00 per SQM,Yes,Yes
Country Smoked Grey,Lamett,European Oak,Oil,190 (w) x 15/3.5 (l),15/3.5 (t),£69.00 per SQM,Yes,Yes
Country Smoked Natural,Lamett,European Oak,Oil,190 (w) x 15/3.5 (l),15/3.5 (t),£69.00 per SQM,Yes,Yes
Country Smoked White,Lamett,European Oak,Oil,190 (w) x 15/3.5 (l),15/3.5 (t),£69.00 per SQM,Yes,Yes
Country White,Lamett,European Oak,Oil,190 (w) x 15/3.5 (l),15/3.5 (t),£69.00 per SQM,,Yes
Farm Antique,Lamett,European Oak,Oil,190 (w) x 15/3.5 (l),15/3.5 (t),£84.00 per SQM,Yes,Yes
Farm Harvest,Lamett,European Oak,Oil,190 (w) x 15/3.5 (l),15/3.5 (t),£84.00 per SQM,Yes,Yes
Farm Herringbone Antique,Lamett,European Oak,Oil,125 (w) x 15/3 (l),15/3 (t),£96.00 per SQM,Yes,Yes
Farm Herringbone Old Church,Lamett,European Oak,Oil,125 (w) x 15/3 (l),15/3 (t),£96.00 per SQM,Yes,Yes
Farm Herringbone Pure,Lamett,European Oak,Oil,125 (w) x 15/3 (l),15/3 (t),£96.00 per SQM,,Yes
Farm Herringbone Traditions,Lamett,European Oak,Oil,125 (w) x 15/3 (l),15/3 (t),£96.00 per SQM,Yes,Yes
Farm Herringbone White,Lamett,European Oak,Oil,125 (w) x 15/3 (l),15/3 (t),£96.00 per SQM,,Yes
Farm Old Church,Lamett,European Oak,Oil,190 (w) x 15/3.5 (l),15/3.5 (t),£84.00 per SQM,Yes,Yes
Farm Pure,Lamett,European Oak,Oil,190 (w) x 15/3.5 (l),15/3.5 (t),£84.00 per SQM,Yes,Yes
Farm Traditions,Lamett,European Oak,Oil,190 (w) x 15/3.5 (l),15/3.5 (t),£84.00 per SQM,Yes,Yes
Farm White,Lamett,European Oak,Oil,190 (w) x 15/3.5 (l),15/3.5 (t),£84.00 per SQM,Yes,Yes
New York Coffee,Lamett,European Oak,Lacquer,190 (w) x 14/3.5 (l),14/3.5 (t),£91.00 per SQM,Yes,
New York Natural,Lamett,European Oak,Lacquer,190 (w) x 14/3.5 (l),14/3.5 (t),£91.00 per SQM,Yes,
New York Pure Plus,Lamett,European Oak,Lacquer,190 (w) x 14/3.5 (l),14/3.5 (t),£91.00 per SQM,Yes,
New York Skyline,Lamett,European Oak,Lacquer,190 (w) x 14/3.5 (l),14/3.5 (t),£91.00 per SQM,Yes,
New York Sunset,Lamett,European Oak,Lacquer,190 (w) x 14/3.5 (l),14/3.5 (t),£91.00 per SQM,Yes,
New York Wheat,Lamett,European Oak,Lacquer,190 (w) x 14/3.5 (l),14/3.5 (t),£91.00 per SQM,Yes,
Oslo 150 Mont Blanc,Lamett,European Oak,Oil,150 (w) x 15/3 (l),15/3 (t),£72.00 per SQM,,Yes
Oslo 150 Natural,Lamett,European Oak,Oil,150 (w) x 15/3 (l),15/3 (t),£72.00 per SQM,,Yes
Oslo 150 Pure,Lamett,European Oak,Oil,150 (w) x 15/3 (l),15/3 (t),£72.00 per SQM,,Yes
Oslo 190 Authentic Brown,Lamett,European Oak,Oil,190 (w) x 15/3.5 (l),15/3.5 (t),£89.00 per SQM,Yes,
Oslo 190 Mont Blanc,Lamett,European Oak,Oil,190 (w) x 15/3.5 (l),15/3.5 (t),£89.00 per SQM,Yes,
Oslo 190 Natural,Lamett,European Oak,Oil,190 (w) x 15/3.5 (l),15/3.5 (t),£89.00 per SQM,Yes,
Oslo 190 Paris Brown,Lamett,European Oak,Oil,190 (w) x 15/3.5 (l),15/3.5 (t),£89.00 per SQM,Yes,
Oslo 190 Pure,Lamett,European Oak,Oil,190 (w) x 15/3.5 (l),15/3.5 (t),£89.00 per SQM,Yes,
Oslo Herringbone Mont Blanc,Lamett,European Oak,Oil,125 (w) x 15/3 (l),15/3 (t),£93.00 per SQM,Yes,Yes
Oslo Herringbone Natural,Lamett,European Oak,Oil,125 (w) x 15/3 (l),15/3 (t),£93.00 per SQM,Yes,Yes
Oslo Herringbone Pure,Lamett,European Oak,Oil,125 (w) x 15/3 (l),15/3 (t),£93.00 per SQM,Yes,Yes
Tenda 150 Invisible,Lamett,European Oak,Lacquer,150 (w) x 10/3 (l),10/3 (t),£60.00 per SQM,,Yes
Tenda 150 Natural,Lamett,European Oak,Lacquer,150 (w) x 10/3 (l),10/3 (t),£61.00 per SQM,,Yes
American Black Walnut (Matt) (Diva 139) 1021340,Panaget,American Walnut,Matt Lacquer,139 (w) x 14/3.4 (l),14/3.4 (t),£120.00 per SQM,,Yes
American Black Walnut (Satin) (Herringbone 139) 1019564,Panaget,American Walnut,Satin Lacquer,139 (w) x 14/2.5 (l),14/2.5 (t),£134.00 per SQM,,Yes
Argile - Authentic (Diva 223) 1017303,Panaget,European Oak,Matt Lacquer,223 (w) x 15/4.5 (l),15/4.5 (t),£122.00 per SQM,,Yes
Argile - Zenitude (Diva 184) 1016189,Panaget,European Oak,Matt Lacquer,184 (w) x 14/3.4 (l),14/3.4 (t),£89.00 per SQM,Yes,Yes
Bois Flotte - Authentic (Chevron 139) 1019821,Panaget,European Oak,Matt Lacquer,139 (w) x 14/3.4 (l),14/3.4 (t),£118.00 per SQM,,Yes
Bois Flotte - Authentic (Diva 139) 1017897,Panaget,European Oak,Matt Lacquer,139 (w) x 14/3.4 (l),14/3.4 (t),£72.00 per SQM,,Yes
Bois Flotte - Authentic (Diva 184) 1016634,Panaget,European Oak,Matt Lacquer,184 (w) x 14/3.4 (l),14/3.4 (t),£94.00 per SQM,,Yes
Bois Flotte - Authentic (Diva 223) 1016985,Panaget,European Oak,Matt Lacquer,223 (w) x 15/4.5 (l),15/4.5 (t),£122.00 per SQM,Yes,Yes
Bois Flotte - Authentic (Diva Click 184) 1000059,Panaget,European Oak,Matt Lacquer,184 (w) x 12/2.5 (l),12/2.5 (t),£86.00 per SQM,,Yes
Bois Flotte - Authentic (Herringbone 139) 1016617,Panaget,European Oak,Matt Lacquer,139 (w) x 14/3.4 (l),14/3.4 (t),£99.00 per SQM,,Yes
Bois Flotte - Classic (Diva 139) 1019701,Panaget,European Oak,Matt Lacquer,139 (w) x 14/3.4 (l),14/3.4 (t),£83.00 per SQM,,Yes
Bois Flotte - Classic (Diva 184) 1006159,Panaget,European Oak,Matt Lacquer,184 (w) x 14/3.4 (l),14/3.4 (t),£99.00 per SQM,,Yes
Bois Flotte - Classic (Diva Click 139) 1005774,Panaget,European Oak,Matt Lacquer,139 (w) x 12/2.5 (l),12/2.5 (t),£77.00 per SQM,,Yes
Bois Flotte - Intenso (Diva 139) 1017017,Panaget,European Oak,Matt Lacquer,139 (w) x 12/2.5 (l),12/2.5 (t),£65.00 per SQM,,Yes
Bois Flotte - Zenitude (Diva 139) 1007643,Panaget,European Oak,Matt Lacquer,139 (w) x 12/2.5 (l),12/2.5 (t),£70.00 per SQM,,Yes
Bois Flotte - Zenitude (Diva 184) 1007330,Panaget,European Oak,Matt Lacquer,139 (w) x 14/3.4 (l),14/3.4 (t),£89.00 per SQM,Yes,Yes
Bois Flotte - Zenitude (Diva 184) 1016424,Panaget,European Oak,Matt Lacquer,184 (w) x 12/2.5 (l),12/2.5 (t),£86.00 per SQM,,Yes
Bois Flotte - Zenitude (Sonate 140) 1007261,Panaget,European Oak,Matt Lacquer,140 (w) x 14 (Solid) (l),14 (Solid) (t),£96.00 per SQM,,Yes
Bois Flotte - Zenitude (Sonate 90) 1007293,Panaget,European Oak,Matt Lacquer,90 (w) x 14 (Solid) (l),14 (Solid) (t),£93.00 per SQM,,Yes
Bois Flotte – Tradition (Alto 139) 1017696,Panaget,European Oak,Matt Lacquer,139 (w) x 12/2.5 (l),12/2.5 (t),£84.00 per SQM,,Yes
Café Crème - Authentic (Chevron 139) 1019822,Panaget,European Oak,Matt Lacquer,139 (w) x 14/3.4 (l),14/3.4 (t),£118.00 per SQM,,Yes
Café Crème - Zenitude (Diva 139) 1019168,Panaget,European Oak,Matt Lacquer,139 (w) x 12/2.5 (l),12/2.5 (t),£70.00 per SQM,,Yes
Café Crème - Zenitude (Diva 184) 1019171,Panaget,European Oak,Matt Lacquer,184 (w) x 14/3.4 (l),14/3.4 (t),£89.00 per SQM,Yes,Yes
Café Crème - Zenitude (Sonate 140) 1019819,Panaget,European Oak,Matt Lacquer,140 (w) x 14 (Solid) (l),14 (Solid) (t),£96.00 per SQM,,Yes
Carmen No 2 - Classic (Panel) 1005714,Panaget,European Oak,Matt Lacquer,392 (w) x 14/3.2 (l),14/3.2 (t),£147.00 per SQM,Yes,
Carmen No 5 - Classic (Panel) 1005712,Panaget,European Oak,Matt Lacquer,392 (w) x 14/3.2 (l),14/3.2 (t),£147.00 per SQM,,Yes
Cuir - Authentic (Diva 184) 1014166,Panaget,European Oak,Oil,184 (w) x 14/3.4 (l),14/3.4 (t),£94.00 per SQM,,Yes
Cuir - Authentic (Diva 184) 1014182,Panaget,European Oak,Oil,184 (w) x 15/4.5 (l),15/4.5 (t),£130.00 per SQM,,Yes
Cuir - Origine (Diva 184) 1006550,Panaget,European Oak,Oil,184 (w) x 14/3.4 (l),14/3.4 (t),£97.00 per SQM,Yes,
Fauve - Zenitude (Diva 139) 1019709,Panaget,European Oak,Satin Lacquer,139 (w) x 14/3.4 (l),14/3.4 (t),£74.00 per SQM,Yes,
Fauve - Zenitude (Diva 184) 1016472,Panaget,European Oak,Satin Lacquer,184 (w) x 14/3.4 (l),14/3.4 (t),£89.00 per SQM,,Yes
Flamed Beech Cuivre (Diva 139) 1019714,Panaget,Beech,Oil,139 (w) x 14/3.4 (l),14/3.4 (t),£76.00 per SQM,,Yes
Flamed Beech Satine (Diva 139) 1019711,Panaget,Beech,Satin Lacquer,139 (w) x 14/3.4 (l),14/3.4 (t),£76.00 per SQM,Yes,Yes
Flanelle - Authentic (Diva 184) 1014183,Panaget,European Oak,Oil,184 (w) x 15/4.5 (l),15/4.5 (t),£130.00 per SQM,,Yes
Flanelle - Zenitude (Diva 184) 1007324,Panaget,European Oak,Oil,184 (w) x 14/3.4 (l),14/3.4 (t),£89.00 per SQM,Yes,
Grey Oil - Zenitude (Diva 184) 1007332,Panaget,European Oak,Oil,184 (w) x 14/3.4 (l),14/3.4 (t),£89.00 per SQM,Yes,Yes
Habano - Classic/Authentic (Herringbone 90) 1016742,Panaget,European Oak,Matt Lacquer,90 (w) x 12/2.5 (l),12/2.5 (t),£80.00 per SQM,,Yes
Linen - Authentic (Diva 139) 1000299,Panaget,European Oak,Matt Lacquer,139 (w) x 12/2.5 (l),12/2.5 (t),£72.00 per SQM,,Yes
Linen - Classic (Diva 139) 1019702,Panaget,European Oak,Matt Lacquer,139 (w) x 14/3.4 (l),14/3.4 (t),£83.00 per SQM,,Yes
Linen - Classic/Authentic (Herringbone 90) 1005924,Panaget,European Oak,Matt Lacquer,90 (w) x 12/2.5 (l),12/2.5 (t),£80.00 per SQM,,Yes
Linen - Zenitude (Diva 184) 1007314,Panaget,European Oak,Matt Lacquer,184 (w) x 14/3.4 (l),14/3.4 (t),£89.00 per SQM,Yes,Yes
Linen - Zenitude (Sonate 140) 1007268,Panaget,European Oak,Matt Lacquer,140 (w) x 14 (Solid) (l),14 (Solid) (t),£96.00 per SQM,,Yes
Miel - Authentic (Diva 139 Click) 1019705,Panaget,European Oak,Matt Lacquer,139 (w) x 14/3.4 (l),14/3.4 (t),£75.00 per SQM,,Yes
Miel - Authentic (Diva 184) 1019170,Panaget,European Oak,Matt Lacquer,184 (w) x 14/3.4 (l),14/3.4 (t),£94.00 per SQM,Yes,Yes
Natural Oil - Authentic (Sonate 90) 1000026,Panaget,European Oak,Oil,90 (w) x 14 (Solid) (l),14 (Solid) (t),£102.00 per SQM,,Yes
Natural Oil - Salvaggio (Diva 139) 1014172,Panaget,European Oak,Oil,139 (w) x 14/3.4 (l),14/3.4 (t),£101.00 per SQM,Yes,Yes
Opale - Authentic (Diva 184) 1000060,Panaget,European Oak,Satin Lacquer,184 (w) x 12/2.5 (l),12/2.5 (t),£86.00 per SQM,,Yes
Opale - Classic (Diva 139) 1006162,Panaget,European Oak,Satin Lacquer,139 (w) x 14/3.4 (l),14/3.4 (t),£83.00 per SQM,,Yes
Rafia - Zenitude (Diva 184) 1007325,Panaget,European Oak,Oil,500 – 2000 (w) x 14/3.4 (l),14/3.4 (t),£89.00 per SQM,Yes,Yes
Sable - Authentic (Diva 223) 1017302,Panaget,European Oak,Oil,223 (w) x 15/4.5 (l),15/4.5 (t),£122.00 per SQM,,Yes
Sable - Origine (Diva 184) 1016635,Panaget,European Oak,Oil,184 (w) x 14/3.4 (l),14/3.4 (t),£97.00 per SQM,Yes,
Sable - Zenitude (Diva 139) 1016633,Panaget,European Oak,Oil,139 (w) x 14/3.4 (l),14/3.4 (t),£86.00 per SQM,,Yes
Sable - Zenitude (Diva 139) 1017898,Panaget,European Oak,Oil,139 (w) x 12/2.5 (l),12/2.5 (t),£70.00 per SQM,,Yes
Saphir - Authentic (Diva 139) 1019706,Panaget,European Oak,Matt Lacquer,139 (w) x 14/3.4 (l),14/3.4 (t),£75.00 per SQM,,Yes
Saphir - Authentic (Diva 184) 1000069,Panaget,European Oak,Matt Lacquer,184 (w) x 14/3.4 (l),14/3.4 (t),£94.00 per SQM,Yes,Yes
Satin - Authentic (Sonate 90) 1000027,Panaget,European Oak,Satin Lacquer,90 (w) x 14 (Solid) (l),14 (Solid) (t),£102.00 per SQM,,Yes
Satin - Classic (Diva 139) 1005748,Panaget,European Oak,Satin Lacquer,139 (w) x 14/3.4 (l),14/3.4 (t),£114.00 per SQM,,Yes
Satin - Classic (Diva 90) 1005768,Panaget,European Oak,Satin Lacquer,90 (w) x 12/2.5 (l),12/2.5 (t),£86.00 per SQM,,Yes
Shabi Chaux - Zenitude (Alto 139) 1017702,Panaget,European Oak,Oil,139 (w) x 12/2.5 (l),12/2.5 (t),£84.00 per SQM,,Yes
Topaze - Authentic (Diva 139) 1000297,Panaget,European Oak,Matt Lacquer,139 (w) x 14/3.4 (l),14/3.4 (t),£82.00 per SQM,,Yes
Topaze - Authentic (Diva 184) 1000070,Panaget,European Oak,Matt Lacquer,184 (w) x 14/3.4 (l),14/3.4 (t),£94.00 per SQM,Yes,
Topaze - Authentic (Diva 223) 1016986,Panaget,European Oak,Matt Lacquer,223 (w) x 15/4.5 (l),15/4.5 (t),£122.00 per SQM,,Yes
Topaze - Authentic (Herringbone 139) 1016618,Panaget,European Oak,Matt Lacquer,139 (w) x 14/3.4 (l),14/3.4 (t),£99.00 per SQM,Yes,
Topaze - Authentic (Sonate 140) 1000034,Panaget,European Oak,Matt Lacquer,140 (w) x 14 (Solid) (l),14 (Solid) (t),£111.00 per SQM,,Yes
Topaze - Classic (Chevron 90) 1005735,Panaget,European Oak,Matt Lacquer,90 (w) x 14/3.4 (l),14/3.4 (t),£118.00 per SQM,,Yes
Topaze - Classic (Diva 184) 1006158,Panaget,European Oak,Matt Lacquer,184 (w) x 14/3.4 (l),14/3.4 (t),£99.00 per SQM,,Yes
Topaze - Classic/Authentic (Herringbone 90) 1020644,Panaget,European Oak,Matt Lacquer,90 (w) x 12/2.5 (l),12/2.5 (t),£80.00 per SQM,,Yes
Topaze - Tradition (Alto 139) 1017700,Panaget,European Oak,Matt Lacquer,139 (w) x 12/2.5 (l),12/2.5 (t),£84.00 per SQM,,Yes
Tourbe - Zenitude (Diva 184) 1014165,Panaget,European Oak,Matt Lacquer,184 (w) x 14/3.4 (l),14/3.4 (t),£89.00 per SQM,Yes,
Tourbe - Zenitude/Origine (Diva 184) 1006552,Panaget,European Oak,Oil,184 (w) x 14/3.4 (l),14/3.4 (t),£97.00 per SQM,,Yes
Tufeau - Authentic (Diva 139) 1019707,Panaget,European Oak,Oil,139 (w) x 14/3.4 (l),14/3.4 (t),£75.00 per SQM,,Yes
Tufeau - Authentic (Diva 184) 1014185,Panaget,European Oak,Oil,184 (w) x 15/4.5 (l),15/4.5 (t),£130.00 per SQM,,Yes
Tufeau - Authentic (Herringbone 90) 1016743,Panaget,European Oak,Oil,90 (w) x 12/2.5 (l),12/2.5 (t),£80.00 per SQM,Yes,Yes
Tufeau - Zenitude (Diva 184) 1006551,Panaget,European Oak,Oil,184 (w) x 14/3.4 (l),14/3.4 (t),£97.00 per SQM,,Yes
Tufeau - Zenitude (Diva 184) 1007326,Panaget,European Oak,Oil,184 (w) x 14/3.4 (l),14/3.4 (t),£89.00 per SQM,Yes,
Tufeau - Zenitude/Origine (Herringbone 139) 1007658,Panaget,European Oak,Oil,139 (w) x 14/3.4 (l),14/3.4 (t),£89.00 per SQM,,Yes
White Oil - Zenitude (Diva 184) 1007644,Panaget,European Oak,Oil,139 (w) x 14/3.4 (l),14/3.4 (t),£70.00 per SQM,Yes,
Classic 3025 - Brushed & Matt Lacquer 1744854,Parador,European Oak,Lacquer,2200 (w) x 13/2.5 (l),13/2.5 (t),£74.00 per SQM,,✓
Classic 3025 - Oak Matt Lacquer 1744847,Parador,European Oak,Lacquer,2200 (w) x 13/2.5 (l),13/2.5 (t),£71.00 per SQM,,✓
Classic 3025 - Oak Soft Texture 1744846,Parador,European Oak,Oil,2200 (w) x 13/2.5 (l),13/2.5 (t),£75.00 per SQM,,✓
Classic 3025 - Oak White Natural Oil 1744853,Parador,European Oak,Oil,2200 (w) x 13/2.5 (l),13/2.5 (t),£74.00 per SQM,,✓
Classic 3060 - Graphite 3-Strip 1739901,Parador,European Oak,Oil,2200 (w) x 13/3.6 (l),13/3.6 (t),£60.00 per SQM,,✓
Classic 3060 - Indian Breeze 1744434,Parador,European Oak,Lacquer,2200 (w) x 13/3.6 (l),13/3.6 (t),£145.00 per SQM,,✓
Classic 3060 - Oak 3-Strip 1247126,Parador,European Oak,Lacquer,2200 (w) x 13/3.6 (l),13/3.6 (t),£59.00 per SQM,,✓
Classic 3060 - Oak Brushed & Natural Oil 1739910,Parador,European Oak,Oil,2200 (w) x 13/3.6 (l),13/3.6 (t),£72.00 per SQM,,✓
Classic 3060 - Oak Pure 1739912,Parador,European Oak,Oil,2200 (w) x 13/3.6 (l),13/3.6 (t),£72.00 per SQM,,✓
Classic 3060 - Oak Smoked 1518242,Parador,European Oak,Lacquer,2200 (w) x 13/3.6 (l),13/3.6 (t),£91.00 per SQM,,✓
Classic 3060 - Oak Soft Texture 1739902,Parador,European Oak,Oil,2200 (w) x 13/3.6 (l),13/3.6 (t),£74.00 per SQM,,✓
Classic 3060 - Oak White 1518128,Parador,European Oak,Oil,2200 (w) x 13/3.6 (l),13/3.6 (t),£74.00 per SQM,,✓
Classic 3060 - Sanded Extra Matt 1744433,Parador,European Oak,Lacquer,2200 (w) x 13/3.6 (l),13/3.6 (t),£86.00 per SQM,,✓
Classic 3060 - Thermo Oak 1739924,Parador,European Oak,Oil,2200 (w) x 13/3.6 (l),13/3.6 (t),£91.00 per SQM,,✓
Trendtime 3 (Herringbone) - Black 1601584,Parador,European Oak,Lacquer,570 (w) x 10.5/2.5 (l),10.5/2.5 (t),£85.00 per SQM,,✓
Trendtime 3 (Herringbone) - Castle Extra Matt 1744422,Parador,European Oak,Lacquer,570 (w) x 10.5/2.5 (l),10.5/2.5 (t),£85.00 per SQM,,✓
Trendtime 3 (Herringbone) - Chalet Extra Matt 1744423,Parador,European Oak,Lacquer,570 (w) x 10.5/2.5 (l),10.5/2.5 (t),£85.00 per SQM,,✓
Trendtime 3 (Herringbone) - Nougat 1739933,Parador,European Oak,Lacquer,570 (w) x 10.5/2.5 (l),10.5/2.5 (t),£85.00 per SQM,,✓
Trendtime 3 (Herringbone) - Oak Cream 1739932,Parador,European Oak,Lacquer,570 (w) x 10.5/2.5 (l),10.5/2.5 (t),£85.00 per SQM,,✓
Trendtime 3 (Herringbone) - Oak Matt 1601582,Parador,European Oak,Lacquer,570 (w) x 10.5/2.5 (l),10.5/2.5 (t),£84.00 per SQM,,✓
Trendtime 3 (Herringbone) - Oak Natural Oil 1739935,Parador,European Oak,Oil,570 (w) x 10.5/2.5 (l),10.5/2.5 (t),£85.00 per SQM,,✓
Trendtime 3 (Herringbone) - Oak Pure 1601580,Parador,European Oak,Lacquer,570 (w) x 10.5/2.5 (l),10.5/2.5 (t),£84.00 per SQM,,✓
Trendtime 3 (Herringbone) - Oak Smoked 1744419,Parador,European Oak,Lacquer,570 (w) x 10.5/2.5 (l),10.5/2.5 (t),£87.00 per SQM,,✓
Trendtime 3 (Herringbone) - Walnut 1743195,Parador,American Walnut,Lacquer,570 (w) x 10.5/2.5 (l),10.5/2.5 (t),£102.00 per SQM,,✓
Trendtime 4 - Askada Extra Matt 1744426,Parador,European Oak,Lacquer,160 (w) x 13/3.6 (l),13/3.6 (t),£78.00 per SQM,,✓
Trendtime 4 - Castle Extra Matt 1744425,Parador,European Oak,Lacquer,160 (w) x 13/3.6 (l),13/3.6 (t),£78.00 per SQM,,✓
Trendtime 4 - Chalet Extra Matt 1744427,Parador,European Oak,Lacquer,160 (w) x 13/3.6 (l),13/3.6 (t),£78.00 per SQM,,✓
Trendtime 4 - Nougat 1739938,Parador,European Oak,Lacquer,160 (w) x 13/3.6 (l),13/3.6 (t),£78.00 per SQM,,✓
Trendtime 4 - Oak Cream 1739937,Parador,European Oak,Lacquer,160 (w) x 13/3.6 (l),13/3.6 (t),£78.00 per SQM,,✓
Trendtime 4 - Walnut Antique 1518200,Parador,American Walnut,Lacquer,160 (w) x 13/3.6 (l),13/3.6 (t),£126.00 per SQM,,✓
Trendtime 4 - Walnut Matt 1257369,Parador,American Walnut,Lacquer,160 (w) x 13/3.6 (l),13/3.6 (t),£137.00 per SQM,,✓
Trendtime 6 - Beech White Sawn 1739940,Parador,Beech,Lacquer,185 (w) x 13/3.6 (l),13/3.6 (t),£64.00 per SQM,,✓
Trendtime 6 - Maple 3-Strip Vintage Sawn 1744428,Parador,Maple,Lacquer,185 (w) x 13/3.6 (l),13/3.6 (t),£59.00 per SQM,,✓
Trendtime 6 - Noir Sawn 1739943,Parador,European Oak,Oil,185 (w) x 13/3.6 (l),13/3.6 (t),£86.00 per SQM,,✓
Trendtime 8 - Elephant Skin 1739952,Parador,European Oak,Oil,190 (w) x 15/4.0 (l),15/4.0 (t),£84.00 per SQM,,✓
Trendtime 8 - Handscraped & Brushed 1739953,Parador,European Oak,Oil,190 (w) x 15/4.0 (l),15/4.0 (t),£82.00 per SQM,,✓
Trendtime 8 - Limed Handcrafted 1739950,Parador,European Oak,Oil,190 (w) x 14/3.0 (l),14/3.0 (t),£74.00 per SQM,,✓
Trendtime 8 - Multiplank 1744429,Parador,European Oak,Oil,190 (w) x 15/4.0 (l),15/4.0 (t),£84.00 per SQM,,✓
Trendtime 8 - Natural Oil Handcrafted 1739944,Parador,European Oak,Oil,190 (w) x 14/3.0 (l),14/3.0 (t),£74.00 per SQM,,✓
Trendtime 8 - Pinot Loft Plank 1744430,Parador,European Oak,Oil,190 (w) x 15/4.0 (l),15/4.0 (t),£84.00 per SQM,,✓
Trendtime 8 - Smoked Elephant Skin 1739954,Parador,European Oak,Oil,190 (w) x 15/4.0 (l),15/4.0 (t),£85.00 per SQM,,✓
Trendtime 8 - Smoked Grey Handcrafted 1739951,Parador,European Oak,Oil,190 (w) x 14/3.0 (l),14/3.0 (t),£73.00 per SQM,,✓
Trendtime 8 - Smoked Handscraped 1739955,Parador,European Oak,Oil,190 (w) x 15/4.0 (l),15/4.0 (t),£88.00 per SQM,,✓
Trendtime 8 - Smoked Natural Oil 1739945,Parador,European Oak,Oil,190 (w) x 14/3.0 (l),14/3.0 (t),£73.00 per SQM,,✓
Trendtime 8 - Smoked Stone Handcrafted 1744432,Parador,European Oak,Oil,190 (w) x 14/3.0 (l),14/3.0 (t),£73.00 per SQM,,✓
Trendtime 8 - Smoked Trre Plank 1739956,Parador,European Oak,Oil,190 (w) x 15/4.0 (l),15/4.0 (t),£85.00 per SQM,,✓
Trendtime 8 - Tree Plank 1739957,Parador,European Oak,Oil,190 (w) x 15/4.0 (l),15/4.0 (t),£84.00 per SQM,,✓
Trendtime 8 - White Oil Handscraped 1739959,Parador,European Oak,Oil,190 (w) x 15/4.0 (l),15/4.0 (t),£83.00 per SQM,,✓
Asphalt Grey Oil (180),Staki,European Oak,Oil,180 (w) x 15/4 (l),15/4 (t),£95.00 per SQM,,
Asphalt Grey Oil (220),Staki,European Oak,Oil,220 (w) x 20/6 (l),20/6 (t),£109.00 per SQM,Yes,
Brushed & Basalt Oil (180),Staki,European Oak,Oil,180 (w) x 15/4 (l),15/4 (t),£86.00 per SQM,,
Brushed & Basalt Oil (220),Staki,European Oak,Oil,220 (w) x 20/6 (l),20/6 (t),£98.00 per SQM,Yes,
Blanc Oil (180),Staki,European Oak,Oil,180 (w) x 15/4 (l),15/4 (t),£85.00 per SQM,,
Blanc Oil (220),Staki,European Oak,Oil,220 (w) x 20/6 (l),20/6 (t),£97.00 per SQM,Yes,
BP Lacquered (180),Staki,European Oak,Oil,180 (w) x 15/4 (l),15/4 (t),£85.00 per SQM,,
BP Lacquered (220),Staki,European Oak,Oil,220 (w) x 20/6 (l),20/6 (t),£97.00 per SQM,Yes,
Cuba Lacquered (180),Staki,European Oak,Oil,180 (w) x 15/4 (l),15/4 (t),£87.00 per SQM,,
Cuba Lacquered (220),Staki,European Oak,Oil,220 (w) x 20/6 (l),20/6 (t),£102.00 per SQM,Yes,
Grey Stone Oil (180),Staki,European Oak,Oil,180 (w) x 15/4 (l),15/4 (t),£89.00 per SQM,,
Grey Stone Oil (220),Staki,European Oak,Oil,220 (w) x 20/6 (l),20/6 (t),£103.00 per SQM,Yes,
Oak Natural Oil (180),Staki,European Oak,Oil,180 (w) x 15/4 (l),15/4 (t),£83.00 per SQM,,
Oak Natural Oil (220),Staki,European Oak,Oil,220 (w) x 20/6 (l),20/6 (t),£96.00 per SQM,Yes,
Smoked & Oiled (180),Staki,European Oak,Oil,180 (w) x 15/4 (l),15/4 (t),£86.00 per SQM,,
Smoked & Oiled (220),Staki,European Oak,Oil,220 (w) x 20/6 (l),20/6 (t),£99.00 per SQM,Yes,
Tobacco Oil (180),Staki,European Oak,Oil,180 (w) x 15/4 (l),15/4 (t),£92.00 per SQM,,
Tobacco Oil (220),Staki,European Oak,Oil,220 (w) x 20/6 (l),20/6 (t),£105.00 per SQM,Yes,
Walnut Oil (180),Staki,European Oak,Oil,180 (w) x 15/4 (l),15/4 (t),£84.00 per SQM,Yes,
Walnut Oil (220),Staki,European Oak,Oil,220 (w) x 20/6 (l),20/6 (t),£96.00 per SQM,,
Brushed & White Oil (180),Staki,European Oak,Oil,180 (w) x 15/4 (l),15/4 (t),£86.00 per SQM,,
Brushed & White Oil (220),Staki,European Oak,Oil,220 (w) x 20/6 (l),20/6 (t),£99.00 per SQM,Yes,
Ebony Oil (180),Staki,European Oak,Oil,180 (w) x 15/4 (l),15/4 (t),£84.00 per SQM,,
Ebony Oil (220),Staki,European Oak,Oil,220 (w) x 20/6 (l),20/6 (t),£97.00 per SQM,,
Rosewood Oil (180),Staki,European Oak,Oil,180 (w) x 15/4 (l),15/4 (t),£84.00 per SQM,,
Rosewood Oil (220),Staki,European Oak,Oil,220 (w) x 20/6 (l),20/6 (t),£96.00 per SQM,,
Unfinished (180),Staki,European Oak,Unfinished,180 (w) x 15/4 (l),15/4 (t),£78.00 per SQM,,
Unfinished (220),Staki,European Oak,Unfinished,220 (w) x 20/6 (l),20/6 (t),£84.00 per SQM,,
Glenariff Herringbone (70 mm),Ted Todd,European Oak,Lacquer,70 (w) x 10 (l),10 (t),£69.00 per SQM,Yes,
Selborne Extra Wide Plank (220 mm),Ted Todd,European Oak,Lacquer,220 (w) x 20 (l),20 (t),£138.00 per SQM,,Yes
Kielder Herringbone (100 mm),Ted Todd,European Oak,Oil,100 (w) x 20 (l),20 (t),£121.00 per SQM,Yes,
Kielder Plank (220 mm),Ted Todd,European Oak,Oil,220 (w) x 20 (l),20 (t),£116.00 per SQM,Yes,
Arundel Herringbone (90 mm),Ted Todd,European Oak,Oil,90 (w) x 20 (l),20 (t),£107.00 per SQM,Yes,
Arundel Plank (190 mm),Ted Todd,European Oak,Oil,190 (w) x 20 (l),20 (t),£99.00 per SQM,Yes,
Attingham Herringbone (90 mm),Ted Todd,European Oak,Oil,90 (w) x 20 (l),20 (t),£101.00 per SQM,Yes,
Attingham Plank (220 mm),Ted Todd,European Oak,Oil,220 (w) x 20 (l),20 (t),£99.00 per SQM,Yes,
Bembridge Herringbone (90 mm),Ted Todd,European Oak,Oil,90 (w) x 20 (l),20 (t),£101.00 per SQM,Yes,
Bembridge Plank (220 mm),Ted Todd,European Oak,Oil,220 (w) x 20 (l),20 (t),£99.00 per SQM,Yes,
Dunham Plank (190 mm),Ted Todd,European Oak,Oil,190 (w) x 20 (l),20 (t),£112.00 per SQM,,Yes
Holton Plank (220 mm),Ted Todd,European Oak,Oil,220 (w) x 20 (l),20 (t),£125.00 per SQM,,Yes
Netley Herringbone (90 mm),Ted Todd,European Oak,Oil,90 (w) x 20 (l),20 (t),£101.00 per SQM,Yes,
Netley Plank (220 mm),Ted Todd,European Oak,Oil,220 (w) x 20 (l),20 (t),£99.00 per SQM,Yes,
Standen Herringbone (90 mm),Ted Todd,European Oak,Oil,90 (w) x 20 (l),20 (t),£107.00 per SQM,Yes,
Standen Plank (190 mm),Ted Todd,European Oak,Oil,190 (w) x 20 (l),20 (t),£99.00 per SQM,Yes,
Swinley Herringbone (90 mm),Ted Todd,European Oak,Oil,90 (w) x 20 (l),20 (t),£101.00 per SQM,Yes,
Swinley Plank (220 mm),Ted Todd,European Oak,Oil,220 (w) x 20 (l),20 (t),£99.00 per SQM,Yes,
Sheringham Plank (220 mm),Ted Todd,European Oak,Oil,220 (w) x 20 (l),20 (t),£112.00 per SQM,,Yes
Cashmere Chevron (90 mm),Ted Todd,European Oak,Oil,90 (w) x 15 (l),15 (t),£103.00 per SQM,Yes,Yes
Cashmere Herringbone (127 mm),Ted Todd,European Oak,Oil,127 (w) x 15 (l),15 (t),£94.00 per SQM,Yes,Yes
Cashmere Plank (180 mm),Ted Todd,European Oak,Oil,180 (w) x 15 (l),15 (t),£85.00 per SQM,Yes,Yes
Cortado Herringbone (127 mm),Ted Todd,European Oak,Oil,127 (w) x 15 (l),15 (t),£94.00 per SQM,Yes,
Cortado Plank (180 mm),Ted Todd,European Oak,Oil,180 (w) x 15 (l),15 (t),£90.00 per SQM,Yes,Yes
Fawn Chevron (90 mm),Ted Todd,European Oak,Oil,90 (w) x 15 (l),15 (t),£103.00 per SQM,,Yes
Fawn Herringbone (127 mm),Ted Todd,European Oak,Oil,127 (w) x 15 (l),15 (t),£94.00 per SQM,Yes,Yes
Fawn Plank (180 mm),Ted Todd,European Oak,Oil,180 (w) x 15 (l),15 (t),£85.00 per SQM,Yes,Yes
Jute Chevron (90 mm),Ted Todd,European Oak,Oil,90 (w) x 15 (l),15 (t),£103.00 per SQM,Yes,
Jute Herringbone (127 mm),Ted Todd,European Oak,Oil,127 (w) x 15 (l),15 (t),£99.00 per SQM,Yes,Yes
Jute Plank (180 mm),Ted Todd,European Oak,Oil,180 (w) x 15 (l),15 (t),£85.00 per SQM,Yes,Yes
Liquorice Herringbone (127 mm),Ted Todd,European Oak,Oil,127 (w) x 15 (l),15 (t),£90.00 per SQM,Yes,Yes
Liquorice Plank (180 mm),Ted Todd,European Oak,Oil,180 (w) x 15 (l),15 (t),£82.00 per SQM,Yes,Yes
Paperback Herringbone (127 mm),Ted Todd,European Oak,Oil,127 (w) x 15 (l),15 (t),£94.00 per SQM,Yes,Yes
Paperback Plank (180 mm),Ted Todd,European Oak,Oil,180 (w) x 15 (l),15 (t),£85.00 per SQM,Yes,Yes
Sandbank Chevron (90 mm),Ted Todd,European Oak,Oil,90 (w) x 15 (l),15 (t),£103.00 per SQM,,Yes
Sandbank Herringbone (127 mm),Ted Todd,European Oak,Oil,127 (w) x 15 (l),15 (t),£94.00 per SQM,Yes,Yes
Sandbank Plank (180mm),Ted Todd,European Oak,Oil,180 (w) x 15 (l),15 (t),£85.00 per SQM,,Yes
Satchel Herringbone (127 mm),Ted Todd,European Oak,Oil,127 (w) x 15 (l),15 (t),£86.00 per SQM,Yes,Yes
Satchel Plank (180 mm),Ted Todd,European Oak,Oil,180 (w) x 15 (l),15 (t),£82.00 per SQM,,Yes
Smoke Chevron (90 mm),Ted Todd,European Oak,Oil,90 (w) x 15 (l),15 (t),£103.00 per SQM,Yes,Yes
Smoke Herringbone (127 mm),Ted Todd,European Oak,Oil,127 (w) x 15 (l),15 (t),£99.00 per SQM,Yes,Yes
Smoke Plank (180 mm),Ted Todd,European Oak,Oil,180 (w) x 15 (l),15 (t),£90.00 per SQM,,Yes
Stonewash Chevron (90 mm),Ted Todd,European Oak,Oil,90 (w) x 15 (l),15 (t),£103.00 per SQM,,Yes
Stonewash Herringbone (127 mm),Ted Todd,European Oak,Oil,127 (w) x 15 (l),15 (t),£90.00 per SQM,Yes,
Stonewash Plank (180 mm),Ted Todd,European Oak,Oil,180 (w) x 15 (l),15 (t),£86.00 per SQM,,Yes
Alabaster Plank (190 mm),Ted Todd,European Oak,Oil,190 (w) x 14 (l),14 (t),£72.00 per SQM,Yes,
Almond Narrow Plank (150 mm) [Max 1.2 M Long],Ted Todd,European Oak,Oil,150 (w) x 14 (l),14 (t),£59.00 per SQM,,
Almond Herringbone (90 mm),Ted Todd,European Oak,Oil,90 (w) x 14 (l),14 (t),£74.00 per SQM,Yes,Yes
Almond Plank (190 mm),Ted Todd,European Oak,Oil,190 (w) x 14 (l),14 (t),£69.00 per SQM,Yes,Yes
Almond Extra Wide Plank (260 mm),Ted Todd,European Oak,Oil,260 (w) x 15 (l),15 (t),£90.00 per SQM,Yes,Yes
Brindle Narrow Plank (150 mm) [Max 1.2 M Long],Ted Todd,European Oak,Oil,150 (w) x 14 (l),14 (t),£62.00 per SQM,,
Brindle Plank (190 mm),Ted Todd,European Oak,Oil,190 (w) x 14 (l),14 (t),£74.00 per SQM,,
Brindle Herringbone (90 mm),Ted Todd,European Oak,Oil,90 (w) x 14 (l),14 (t),£77.00 per SQM,,
Brindle Extra Wide Plank (260 mm),Ted Todd,European Oak,Oil,260 (w) x 15 (l),15 (t),£94.00 per SQM,,
Bourne Plank (190 mm),Ted Todd,European Oak,Oil,190 (w) x 14 (l),14 (t),£69.00 per SQM,Yes,Yes
Calico Narrow Plank (150 mm) [Max 1.2 M Long],Ted Todd,European Oak,Oil,150 (w) x 14 (l),14 (t),£59.00 per SQM,,
Calico Herringbone (90 mm),Ted Todd,European Oak,Oil,90 (w) x 14 (l),14 (t),£75.00 per SQM,Yes,Yes
Calico Plank (190 mm),Ted Todd,European Oak,Oil,190 (w) x 14 (l),14 (t),£67.00 per SQM,Yes,Yes
Calico Extra Wide Plank (260 mm),Ted Todd,European Oak,Oil,260 (w) x 15 (l),15 (t),£90.00 per SQM,Yes,Yes
Caramel Herringbone (90 mm),Ted Todd,European Oak,Oil,90 (w) x 14 (l),14 (t),£75.00 per SQM,Yes,Yes
Caramel Plank (190 mm),Ted Todd,European Oak,Oil,190 (w) x 14 (l),14 (t),£72.00 per SQM,Yes,Yes
Creech Plank (190 mm),Ted Todd,European Oak,Oil,190 (w) x 14 (l),14 (t),£69.00 per SQM,Yes,
Haling Plank (Prime) (Absolute Matt Lacq.) (190 mm) ,Ted Todd,European Oak,Matt Lacquer,190 (w) x 14 (l),14 (t),£86.00 per SQM,,
Kennet Narrow Plank (150 mm) [Max 1.2 M Long],Ted Todd,European Oak,Oil,150 (w) x 14 (l),14 (t),£59.00 per SQM,,
Kennet Herringbone (90 mm),Ted Todd,European Oak,Oil,90 (w) x 14 (l),14 (t),£75.00 per SQM,Yes,
Kennet Plank (190 mm),Ted Todd,European Oak,Oil,190 (w) x 14 (l),14 (t),£72.00 per SQM,Yes,Yes
Kinsley Plank (190 mm),Ted Todd,European Oak,Oil,190 (w) x 14 (l),14 (t),£72.00 per SQM,Yes,Yes
Linton Plank (Absolute Matt Lacquer) (190 mm) ,Ted Todd,European Oak,Matt Lacquer,190 (w) x 14 (l),14 (t),£69.00 per SQM,,
Ollerton Herringbone (90 mm),Ted Todd,European Oak,Oil,90 (w) x 14 (l),14 (t),£75.00 per SQM,Yes,Yes
Ollerton Plank (190 mm),Ted Todd,European Oak,Oil,190 (w) x 14 (l),14 (t),£72.00 per SQM,Yes,Yes
Petworth Narrow Plank (150 mm) [Max 1.2 M Long],Ted Todd,European Oak,Oil,150 (w) x 14 (l),14 (t),£62.00 per SQM,,
Petworth Herringbone (90 mm),Ted Todd,European Oak,Oil,90 (w) x 14 (l),14 (t),£75.00 per SQM,Yes,Yes
Petworth Plank (190 mm),Ted Todd,European Oak,Oil,190 (w) x 14 (l),14 (t),£74.00 per SQM,Yes,
Petworth Extra Wide Plank (260 mm),Ted Todd,European Oak,Oil,260 (w) x 15 (l),15 (t),£92.00 per SQM,Yes,Yes
Porcelain Plank (190 mm),Ted Todd,European Oak,Oil,190 (w) x 14 (l),14 (t),£69.00 per SQM,Yes,Yes
Ryhill Plank (190 mm),Ted Todd,European Oak,Oil,190 (w) x 14 (l),14 (t),£77.00 per SQM,,
Ryhill Herringbone (90 mm),Ted Todd,European Oak,Oil,90 (w) x 14 (l),14 (t),£80.00 per SQM,,
Ryhill Extra Wide Plank (260 mm),Ted Todd,European Oak,Oil,260 (w) x 15 (l),15 (t),£99.00 per SQM,,
Tattenhall Herringbone (90 mm),Ted Todd,European Oak,Oil,90 (w) x 14 (l),14 (t),£75.00 per SQM,Yes,Yes
Tattenhall Plank (190 mm),Ted Todd,European Oak,Oil,190 (w) x 14 (l),14 (t),£74.00 per SQM,Yes,Yes
Tattenhall Extra Wide Plank (260 mm),Ted Todd,European Oak,Oil,260 (w) x 15 (l),15 (t),£92.00 per SQM,Yes,Yes
Clevedon Herringbone (90 mm),Ted Todd,European Oak,Oil,90 (w) x 14 (l),14 (t),£63.00 per SQM,Yes,Yes
Clevedon Plank (190 mm),Ted Todd,European Oak,Oil,190 (w) x 14 (l),14 (t),£59.00 per SQM,Yes,Yes
Torelli Herringbone (100 mm),Ted Todd,European Oak,Satin Lacquer,100 (w) x 20 (l),20 (t),£107.00 per SQM,Yes,
Torelli Plank (180 mm),Ted Todd,European Oak,Satin Lacquer,180 (w) x 20 (l),20 (t),£99.00 per SQM,Yes,
Darwin Plank (Morado) (135 mm),Ted Todd,Morado,Satin Lacquer,135 (w) x 19 (l),19 (t),£183.00 per SQM,,Yes
Birnham Narrow Plank (135 mm),Ted Todd,Tajibo,Satin Lacquer,135 (w) x 19 (l),19 (t),£158.00 per SQM,,Yes
Blackmuir Unfinished Extra Wide Plank (220 mm),Ted Todd,American Walnut,Unfinished,220 (w) x 20 (l),20 (t),£134.00 per SQM,,Yes
Ibis Douglas Fir Extra Wide Plank (260 mm),Ted Todd,Douglas Fir,Satin Lacquer,260 (w) x 30 (l),30 (t),£165.00 per SQM,,Yes
Neckar Herringbone (70 mm),Ted Todd,European Oak,Unfinished,100 (w) x 20 (l),20 (t),£125.00 per SQM,,
Flax Extra Wide Plank (220 mm),Ted Todd,European Oak,Oil,220 (w) x 20 (l),20 (t),£86.00 per SQM,Yes,
Fleece Chevron (90 mm),Ted Todd,European Oak,Oil,90 (w) x 15 (l),15 (t),£92.00 per SQM,,Yes
Fleece Herringbone (90 mm),Ted Todd,European Oak,Oil,90 (w) x 15 (l),15 (t),£88.00 per SQM,Yes,Yes
Fleece Plank (190 mm),Ted Todd,European Oak,Oil,190 (w) x 15 (l),15 (t),£80.00 per SQM,Yes,Yes
Fleece Extra Wide Plank (220 mm),Ted Todd,European Oak,Oil,220 (w) x 20 (l),20 (t),£101.00 per SQM,Yes,Yes
Flint Plank (190 mm),Ted Todd,European Oak,Matt Lacquer,190 (w) x 15 (l),15 (t),£80.00 per SQM,,
Flint Herringbone (90 mm),Ted Todd,European Oak,Matt Lacquer,90 (w) x 15 (l),15 (t),£88.00 per SQM,Yes,
Furrow Chevron (90 mm),Ted Todd,European Oak,Oil,90 (w) x 15 (l),15 (t),£97.00 per SQM,Yes,Yes
Furrow Herringbone (90 mm),Ted Todd,European Oak,Oil,90 (w) x 15 (l),15 (t),£92.00 per SQM,Yes,Yes
Furrow Plank (190 mm),Ted Todd,European Oak,Oil,190 (w) x 15 (l),15 (t),£84.00 per SQM,Yes,Yes
Furrow Extra Wide Plank (220 mm),Ted Todd,European Oak,Oil,220 (w) x 20 (l),20 (t),£103.00 per SQM,Yes,Yes
Husk Chevron (90 mm),Ted Todd,European Oak,Oil,90 (w) x 15 (l),15 (t),£92.00 per SQM,Yes,Yes
Husk Herringbone (90 mm),Ted Todd,European Oak,Oil,90 (w) x 15 (l),15 (t),£88.00 per SQM,Yes,Yes
Husk Plank (190 mm),Ted Todd,European Oak,Oil,190 (w) x 15 (l),15 (t),£80.00 per SQM,Yes,Yes
Husk Extra Wide Plank (220 mm),Ted Todd,European Oak,Oil,220 (w) x 20 (l),20 (t),£101.00 per SQM,Yes,Yes
Malting Plank (190 mm),Ted Todd,European Oak,Lacquer,190 (w) x 15 (l),15 (t),£80.00 per SQM,Yes,Yes
Raw Cotton Chevron (90 mm),Ted Todd,European Oak,Oil,90 (w) x 15 (l),15 (t),£92.00 per SQM,Yes,Yes
Raw Cotton Herringbone (90 mm),Ted Todd,European Oak,Oil,90 (w) x 15 (l),15 (t),£88.00 per SQM,Yes,Yes
Raw Cotton Plank (190 mm),Ted Todd,European Oak,Oil,190 (w) x 15 (l),15 (t),£80.00 per SQM,Yes,Yes
Raw Cotton Extra Wide Plank (220 mm),Ted Todd,European Oak,Oil,220 (w) x 20 (l),20 (t),£101.00 per SQM,Yes,
Strand Plank (190 mm),Ted Todd,European Oak,Oil,190 (w) x 15 (l),15 (t),£80.00 per SQM,Yes,Yes
Sugar Cane Chevron (90 mm),Ted Todd,European Oak,Oil,90 (w) x 15 (l),15 (t),£92.00 per SQM,,Yes
Sugar Cane Herringbone (90 mm),Ted Todd,European Oak,Oil,90 (w) x 15 (l),15 (t),£88.00 per SQM,Yes,Yes
Sugar Cane Plank (190 mm),Ted Todd,European Oak,Oil,190 (w) x 20 (l),20 (t),£80.00 per SQM,Yes,
Sugar Cane Extra Wide Plank (220 mm),Ted Todd,European Oak,Oil,220 (w) x 20 (l),20 (t),£101.00 per SQM,Yes,Yes
Woodworks Lauzes Plank (220 mm),Ted Todd,European Oak,Oil,220 (w) x 20 (l),20 (t),£165.00 per SQM,Yes,
Woodworks Quissac Plank (220 mm),Ted Todd,European Oak,Oil,220 (w) x 20 (l),20 (t),£165.00 per SQM,Yes,
Woodworks Tolland Plank (220 mm),Ted Todd,European Oak,Oil,220 (w) x 20 (l),20 (t),£208.00 per SQM,Yes,
Alpine Broad Oak,V4,European Oak,Oil,220 (w) x 20 (l),20 (t),£80.00 per SQM,,Yes
Alpine Brushed Oak,V4,European Oak,Lacquer,190 (w) x 14 (l),14 (t),£61.00 per SQM,,Yes
Alpine Canyon Oak,V4,European Oak,Oil,190 (w) x 18 (l),18 (t),£74.00 per SQM,,Yes
Alpine Forest Oak,V4,European Oak,Oil,150 (w) x 18 (l),18 (t),£66.00 per SQM,,Yes
Alpine Glade Oak,V4,European Oak,Lacquer,190 (w) x 14 (l),14 (t),£69.00 per SQM,,Yes
Alpine Golden Oak,V4,European Oak,Oil,125 (w) x 18 (l),18 (t),£68.00 per SQM,,Yes
Alpine Hillside Oak,V4,European Oak,Lacquer,190 (w) x 18 (l),18 (t),£74.00 per SQM,,Yes
Alpine Sunlit Oak,V4,European Oak,Satin Lacquer,125 (w) x 18 (l),18 (t),£64.00 per SQM,,Yes
Alpine Upland Oak,V4,European Oak,Oil,150 (w) x 14 (l),14 (t),£66.00 per SQM,,Yes
Alpine Vale Oak,V4,European Oak,Oil,150 (w) x 14 (l),14 (t),£66.00 per SQM,,Yes
Baristi Herringbone Baba Buden,V4,European Oak,Oil,100 (w) x 15 (l),15 (t),£125.00 per SQM,,Yes
Baristi Herringbone Blue Mountain,V4,European Oak,Oil,100 (w) x 15 (l),15 (t),£125.00 per SQM,,Yes
Baristi Herringbone Catuai,V4,European Oak,Oil,100 (w) x 15 (l),15 (t),£125.00 per SQM,,Yes
Baristi Herringbone Caturra,V4,European Oak,Oil,100 (w) x 15 (l),15 (t),£125.00 per SQM,,Yes
Baristi Herringbone Geisha,V4,European Oak,Oil,100 (w) x 15 (l),15 (t),£125.00 per SQM,,Yes
Baristi Herringbone Mandheling,V4,European Oak,Oil,100 (w) x 15 (l),15 (t),£125.00 per SQM,,Yes
Baristi Herringbone Pacamera,V4,European Oak,Oil,100 (w) x 15 (l),15 (t),£125.00 per SQM,,Yes
Baristi Herringbone Sidamo,V4,European Oak,Oil,100 (w) x 15 (l),15 (t),£125.00 per SQM,,Yes
Baristi Herringbone Smoked Villalobos,V4,European Oak,Oil,100 (w) x 15 (l),15 (t),£141.00 per SQM,,Yes
Baristi Herringbone Smoked Yunnan,V4,European Oak,Oil,100 (w) x 15 (l),15 (t),£141.00 per SQM,,Yes
Baristi Plank Baba Buden,V4,European Oak,Oil,180 (w) x 15 (l),15 (t),£125.00 per SQM,,Yes
Baristi Plank Blue Mountain,V4,European Oak,Oil,180 (w) x 15 (l),15 (t),£125.00 per SQM,,Yes
Baristi Plank Catuai,V4,European Oak,Oil,180 (w) x 15 (l),15 (t),£125.00 per SQM,,Yes
Baristi Plank Caturra,V4,European Oak,Oil,180 (w) x 15 (l),15 (t),£125.00 per SQM,,Yes
Baristi Plank Geisha,V4,European Oak,Oil,180 (w) x 15 (l),15 (t),£125.00 per SQM,,Yes
Baristi Plank Mandheling,V4,European Oak,Oil,180 (w) x 15 (l),15 (t),£125.00 per SQM,,Yes
Baristi Plank Pacamera,V4,European Oak,Oil,180 (w) x 15 (l),15 (t),£125.00 per SQM,,Yes
Baristi Plank Sidamo,V4,European Oak,Oil,180 (w) x 15 (l),15 (t),£125.00 per SQM,,Yes
Baristi Plank Smoked Villalobos,V4,European Oak,Oil,180 (w) x 15 (l),15 (t),£141.00 per SQM,,Yes
Baristi Plank Smoked Yunnan,V4,European Oak,Oil,180 (w) x 15 (l),15 (t),£141.00 per SQM,,Yes
Bjelin® Earth Grey Ash,V4,Ash,Lacquer,206 (w) x 14 (l),14 (t),£81.00 per SQM,,Yes
Bjelin® Earth Grey Oak,V4,European Oak,Lacquer,206 (w) x 14 (l),14 (t),£74.00 per SQM,,Yes
Bjelin® Mineral Grey Oak,V4,European Oak,Lacquer,206 (w) x 14 (l),14 (t),£74.00 per SQM,,Yes
Bjelin® Misty White Oak,V4,European Oak,Lacquer,206 (w) x 14 (l),14 (t),£74.00 per SQM,,Yes
Bjelin® Natural Oak,V4,European Oak,Lacquer,206 (w) x 14 (l),14 (t),£74.00 per SQM,,Yes
Bjelin® Powder White Ash,V4,Ash,Lacquer,206 (w) x 14 (l),14 (t),£81.00 per SQM,,Yes
Bjelin® Powder White Oak,V4,European Oak,Lacquer,206 (w) x 14 (l),14 (t),£74.00 per SQM,,Yes
Bjelin® Terra Brown Oak,V4,European Oak,Lacquer,206 (w) x 14 (l),14 (t),£74.00 per SQM,,Yes
Deco Herringbone Black Walnut,V4,American Walnut,Oil,90 (w) x 14 (l),14 (t),£77.00 per SQM,,Yes
Deco Herringbone Brushed Matt,V4,European Oak,Lacquer,90 (w) x 14 (l),14 (t),£72.00 per SQM,,Yes
Deco Herringbone Frozen Umber,V4,European Oak,Oil,90 (w) x 14 (l),14 (t),£73.00 per SQM,,Yes
Deco Herringbone Natural,V4,European Oak,Oil,90 (w) x 14 (l),14 (t),£72.00 per SQM,,Yes
Deco Herringbone Nordic Beach,V4,European Oak,Oil,90 (w) x 14 (l),14 (t),£73.00 per SQM,,Yes
Deco Herringbone Shore Drift Oak,V4,European Oak,Lacquer,90 (w) x 14 (l),14 (t),£76.00 per SQM,,Yes
Deco Herringbone Silver Haze,V4,European Oak,Oil,90 (w) x 14 (l),14 (t),£73.00 per SQM,,Yes
Deco Herringbone Smoked Oak,V4,European Oak,Oil,90 (w) x 14 (l),14 (t),£76.00 per SQM,,Yes
Deco Herringbone Smoked White Oak,V4,European Oak,Oil,90 (w) x 14 (l),14 (t),£76.00 per SQM,,Yes
Deco Herringbone Tannery Brown,V4,European Oak,Oil,90 (w) x 14 (l),14 (t),£76.00 per SQM,,Yes
Deco Plank Black Walnut,V4,American Walnut,Oil,190 (w) x 14 (l),14 (t),£83.00 per SQM,,Yes
Deco Plank Brushed Matt,V4,European Oak,Lacquer,190 (w) x 14 (l),14 (t),£73.00 per SQM,,Yes
Deco Plank Frozen Umber,V4,European Oak,Oil,190 (w) x 14 (l),14 (t),£75.00 per SQM,,Yes
Deco Plank Natural,V4,European Oak,Oil,190 (w) x 14 (l),14 (t),£72.00 per SQM,,Yes
Deco Plank Nordic Beach,V4,European Oak,Oil,190 (w) x 14 (l),14 (t),£75.00 per SQM,,Yes
Deco Plank Shore Drift Oak,V4,European Oak,Lacquer,190 (w) x 14 (l),14 (t),£76.00 per SQM,,Yes
Deco Plank Silver Haze,V4,European Oak,Oil,190 (w) x 14 (l),14 (t),£75.00 per SQM,,Yes
Deco Plank Smoked Oak,V4,European Oak,Oil,190 (w) x 14 (l),14 (t),£76.00 per SQM,,Yes
Deco Plank Smoked White Oak,V4,European Oak,Oil,190 (w) x 14 (l),14 (t),£76.00 per SQM,,Yes
Deco Plank Tannery Brown,V4,European Oak,Oil,190 (w) x 14 (l),14 (t),£76.00 per SQM,,Yes
Driftwood Brushed Oak,V4,European Oak,Lacquer,180 (w) x 14 (l),14 (t),£67.00 per SQM,,Yes
Driftwood Burnt Bracken,V4,European Oak,Lacquer,180 (w) x 14 (l),14 (t),£69.00 per SQM,,Yes
Driftwood Deckboard Oak,V4,European Oak,Satin Lacquer,207 (w) x 14 (l),14 (t),£53.00 per SQM,,Yes
Driftwood Embered Oak,V4,European Oak,Lacquer,207 (w) x 14 (l),14 (t),£77.00 per SQM,,Yes
Driftwood Fjordic Shore,V4,European Oak,Lacquer,180 (w) x 14 (l),14 (t),£69.00 per SQM,,Yes
Driftwood Jetsam Oak,V4,European Oak,Lacquer,180 (w) x 14 (l),14 (t),£69.00 per SQM,,Yes
Driftwood Lichen White Oak,V4,European Oak,Lacquer,207 (w) x 14 (l),14 (t),£77.00 per SQM,,Yes
Driftwood Marsh Grey,V4,European Oak,Lacquer,207 (w) x 14 (l),14 (t),£77.00 per SQM,,Yes
Driftwood Pebble Grey,V4,European Oak,Lacquer,155 (w) x 14 (l),14 (t),£67.00 per SQM,,Yes
Driftwood Silver Sands,V4,European Oak,Oil,180 (w) x 14 (l),14 (t),£73.00 per SQM,,Yes
Heritage Bisham,V4,European Oak,Oil,190 (w) x 14 (l),14 (t),£82.00 per SQM,,Yes
Heritage Brampton,V4,European Oak,Oil,190 (w) x 14 (l),14 (t),£82.00 per SQM,,Yes
Heritage Cairngorns,V4,European Oak,Oil,190 (w) x 14 (l),14 (t),£82.00 per SQM,,Yes
Heritage Delamere,V4,European Oak,Oil,190 (w) x 14 (l),14 (t),£82.00 per SQM,,Yes
Heritage Enbourne,V4,European Oak,Oil,190 (w) x 14 (l),14 (t),£82.00 per SQM,,Yes
Heritage Grasmere,V4,European Oak,Oil,190 (w) x 14 (l),14 (t),£82.00 per SQM,,Yes
Heritage Kingswood,V4,European Oak,Oil,190 (w) x 14 (l),14 (t),£82.00 per SQM,,Yes
Heritage Lomond,V4,European Oak,Oil,190 (w) x 14 (l),14 (t),£82.00 per SQM,,Yes
York White Washed Oak,Woodpecker,European Oak,Oil,150 (w) x 18 (l),18 (t),£86.00 per SQM,,Yes
York Select Oak,Woodpecker,European Oak,Oil,150 (w) x 18 (l),18 (t),£105.00 per SQM,,Yes
York Rustic Oak (Oiled),Woodpecker,European Oak,Oil,150 (w) x 18 (l),18 (t),£81.00 per SQM,,Yes
York Rustic Oak (Lacquered),Woodpecker,European Oak,Lacquer,150 (w) x 18 (l),18 (t),£81.00 per SQM,,Yes
York Tawny Oak,Woodpecker,European Oak,Oil,150 (w) x 18 (l),18 (t),£86.00 per SQM,,Yes
York Antique Oak,Woodpecker,European Oak,Oil,150 (w) x 18 (l),18 (t),£92.00 per SQM,,Yes
Salcombe Pearl Oak,Woodpecker,European Oak,Lacquer,190 (w) x 14 (l),14 (t),£70.00 per SQM,,
Salcombe Seashore Oak,Woodpecker,European Oak,Lacquer,190 (w) x 14 (l),14 (t),£70.00 per SQM,,Yes
Salcombe Natural Oak,Woodpecker,European Oak,Lacquer,190 (w) x 14 (l),14 (t),£70.00 per SQM,,Yes
Salcombe Riviero Oak,Woodpecker,European Oak,Lacquer,190 (w) x 14 (l),14 (t),£70.00 per SQM,,
Salcombe Sandora Oak,Woodpecker,European Oak,Lacquer,190 (w) x 14 (l),14 (t),£70.00 per SQM,,
Salcombe Headland Oak,Woodpecker,European Oak,Lacquer,190 (w) x 14 (l),14 (t),£70.00 per SQM,,
Salcombe Dune Oak,Woodpecker,European Oak,Lacquer,190 (w) x 14 (l),14 (t),£70.00 per SQM,,Yes
Harlech White Oiled Oak (190),Woodpecker,European Oak,Oil,190 (w) x 15 (l),15 (t),£88.00 per SQM,Yes,Yes
Harlech White Smoked Oak (190),Woodpecker,European Oak,Lacquer,190 (w) x 15 (l),15 (t),£88.00 per SQM,,
Harlech White Smoked Oak (240),Woodpecker,European Oak,Lacquer,240 (w) x 15 (l),15 (t),£102.00 per SQM,Yes,Yes
Harlech Feather Oak,Woodpecker,European Oak,Lacquer,190 (w) x 15 (l),15 (t),£88.00 per SQM,Yes,Yes
Harlech Ecru Oak,Woodpecker,European Oak,Lacquer,190 (w) x 15 (l),15 (t),£88.00 per SQM,,
Harlech Raw Oak (190),Woodpecker,European Oak,Lacquer,190 (w) x 15 (l),15 (t),£88.00 per SQM,Yes,Yes
Harlech Raw Oak (240),Woodpecker,European Oak,Lacquer,240 (w) x 15 (l),15 (t),£102.00 per SQM,Yes,Yes
Harlech Rustic Oak (Oiled) (150),Woodpecker,European Oak,Oil,150 (w) x 15 (l),15 (t),£81.00 per SQM,Yes,Yes
Harlech Rustic Oak (Oiled) (190),Woodpecker,European Oak,Oil,190 (w) x 15 (l),15 (t),£85.00 per SQM,Yes,Yes
Harlech Rustic Oak (Oiled) (240),Woodpecker,European Oak,Oil,240 (w) x 15 (l),15 (t),£99.00 per SQM,,
Harlech Rustic Oak (Brushed & Lacq.) (150),Woodpecker,European Oak,Lacquer,150 (w) x 15 (l),15 (t),£81.00 per SQM,Yes,Yes
Harlech Rustic Oak (Brushed & Lacq.) (190),Woodpecker,European Oak,Lacquer,190 (w) x 15 (l),15 (t),£85.00 per SQM,,
Harlech Rustic Oak (Brushed & Lacq.) (240),Woodpecker,European Oak,Lacquer,240 (w) x 15 (l),15 (t),£99.00 per SQM,Yes,Yes
Harlech Select Oak (Oiled),Woodpecker,European Oak,Oil,190 (w) x 15 (l),15 (t),£107.00 per SQM,Yes,Yes
Harlech Select Oak (Lacq.),Woodpecker,European Oak,Lacquer,190 (w) x 15 (l),15 (t),£107.00 per SQM,Yes,Yes
Harlech Smoked Oak,Woodpecker,European Oak,Lacquer,190 (w) x 15 (l),15 (t),£88.00 per SQM,Yes,Yes
Harlech Biscotti Oak,Woodpecker,European Oak,Lacquer,190 (w) x 15 (l),15 (t),£88.00 per SQM,Yes,Yes
Harlech Coffee Oak,Woodpecker,European Oak,Lacquer,190 (w) x 15 (l),15 (t),£88.00 per SQM,,
Harlech Cognac Oak,Woodpecker,European Oak,Lacquer,190 (w) x 15 (l),15 (t),£88.00 per SQM,Yes,Yes
Harlech Chocolate Oak,Woodpecker,European Oak,Lacquer,190 (w) x 15 (l),15 (t),£88.00 per SQM,Yes,Yes
Harlech Stormy Oak,Woodpecker,European Oak,Lacquer,190 (w) x 15 (l),15 (t),£99.00 per SQM,Yes,Yes
Goodrich Whitened Oak,Woodpecker,European Oak,Lacquer,90 (w) x 15 (l),15 (t),£92.00 per SQM,Yes,Yes
Goodrich Feather Oak,Woodpecker,European Oak,Lacquer,90 (w) x 15 (l),15 (t),£95.00 per SQM,Yes,Yes
Goodrich Feather Oak (Chevron),Woodpecker,European Oak,Lacquer,90 (w) x 15 (l),15 (t),£112.00 per SQM,,
Goodrich Biscotti Oak,Woodpecker,European Oak,Lacquer,90 (w) x 15 (l),15 (t),£95.00 per SQM,Yes,Yes
Goodrich Ecru Oak,Woodpecker,European Oak,Lacquer,90 (w) x 15 (l),15 (t),£92.00 per SQM,Yes,Yes
Goodrich Raw Oak,Woodpecker,European Oak,Lacquer,90 (w) x 15 (l),15 (t),£95.00 per SQM,,
Goodrich Raw Oak (Chevron),Woodpecker,European Oak,Lacquer,90 (w) x 15 (l),15 (t),£112.00 per SQM,,
Goodrich White Smoked Oak,Woodpecker,European Oak,Lacquer,90 (w) x 15 (l),15 (t),£95.00 per SQM,,
Goodrich Natural Oak,Woodpecker,European Oak,Lacquer,90 (w) x 15 (l),15 (t),£84.00 per SQM,Yes,Yes
Goodrich Coffee Oak,Woodpecker,European Oak,Lacquer,90 (w) x 15 (l),15 (t),£92.00 per SQM,Yes,Yes
Goodrich Smoked Oak,Woodpecker,European Oak,Lacquer,90 (w) x 15 (l),15 (t),£95.00 per SQM,Yes,Yes
Goodrich Espresso Oak,Woodpecker,European Oak,Lacquer,90 (w) x 15 (l),15 (t),£95.00 per SQM,Yes,Yes
Goodrich Salted Oak,Woodpecker,European Oak,Lacquer,90 (w) x 15 (l),15 (t),£108.00 per SQM,Yes,Yes
Goodrich Barn Oak,Woodpecker,European Oak,Lacquer,90 (w) x 15 (l),15 (t),£112.00 per SQM,Yes,Yes
Goodrich Charred Oak,Woodpecker,European Oak,Oil,90 (w) x 15 (l),15 (t),£112.00 per SQM,Yes,Yes
Goodrich Spiced Oak,Woodpecker,European Oak,Oil,90 (w) x 15 (l),15 (t),£112.00 per SQM,,
Goodrich Foundry Oak,Woodpecker,European Oak,Oil,90 (w) x 15 (l),15 (t),£112.00 per SQM,,
Goodrich Cathedral Oak,Woodpecker,European Oak,Oil,90 (w) x 15 (l),15 (t),£112.00 per SQM,,
Highclere Feather Oak,Woodpecker,European Oak,Lacquer,120 (w) x 15 (l),15 (t),£99.00 per SQM,,
Highclere Natural Oak,Woodpecker,European Oak,Lacquer,120 (w) x 15 (l),15 (t),£92.00 per SQM,,
Highclere Coffee Oak,Woodpecker,European Oak,Lacquer,120 (w) x 15 (l),15 (t),£99.00 per SQM,,
Highclere Biscotti Oak,Woodpecker,European Oak,Lacquer,120 (w) x 15 (l),15 (t),£99.00 per SQM,,
Chepstow Planed Grey Oak,Woodpecker,European Oak,Oil,189 (w) x 21 (l),21 (t),£113.00 per SQM,,Yes
Chepstow Rustic Oak (Unfinished),Woodpecker,European Oak,Unfinished,189 (w) x 21 (l),21 (t),£102.00 per SQM,,Yes
Chepstow Rustic Oak (Lacq.),Woodpecker,European Oak,Lacquer,189 (w) x 21 (l),21 (t),£103.00 per SQM,,Yes
Chepstow Rustic Oak (Oiled),Woodpecker,European Oak,Oil,189 (w) x 21 (l),21 (t),£103.00 per SQM,,Yes
Chepstow Rustic Oak (240),Woodpecker,European Oak,Oil,240 (w) x 21 (l),21 (t),£120.00 per SQM,,Yes
Chepstow Washed Oak (190),Woodpecker,European Oak,Oil,190 (w) x 21 (l),21 (t),£113.00 per SQM,,Yes
Chepstow Washed Oak (240),Woodpecker,European Oak,Oil,240 (w) x 21 (l),21 (t),£130.00 per SQM,,Yes
Chepstow Antique Oak (190),Woodpecker,European Oak,Oil,190 (w) x 21 (l),21 (t),£113.00 per SQM,,Yes
Chepstow Antique Oak (240),Woodpecker,European Oak,Oil,240 (w) x 21 (l),21 (t),£128.00 per SQM,,Yes
Chepstow Flaxen Oak,Woodpecker,European Oak,Oil,190 (w) x 21 (l),21 (t),£128.00 per SQM,,
Chepstow Shale Oak,Woodpecker,European Oak,Oil,190 (w) x 21 (l),21 (t),£128.00 per SQM,,
Chepstow Silverglade Oak,Woodpecker,European Oak,Oil,190 (w) x 21 (l),21 (t),£128.00 per SQM,,
Chepstow Distressed Charcoal Oak (190),Woodpecker,European Oak,Oil,190 (w) x 21 (l),21 (t),£128.00 per SQM,,Yes
Chepstow Distressed Charcoal Oak (240),Woodpecker,European Oak,Oil,240 (w) x 21 (l),21 (t),£139.00 per SQM,,Yes
Berkeley White Oak,Woodpecker,European Oak,Lacquer,190 (w) x 15 (l),15 (t),£103.00 per SQM,Yes,Yes
Berkeley Grey Oak,Woodpecker,European Oak,Lacquer,190 (w) x 15 (l),15 (t),£103.00 per SQM,Yes,Yes
Berkeley Smoked Oak,Woodpecker,European Oak,Lacquer,190 (w) x 15 (l),15 (t),£103.00 per SQM,Yes,Yes
Berkeley Cathedral Oak,Woodpecker,European Oak,Oil,190 (w) x 15 (l),15 (t),£126.00 per SQM,Yes,Yes
Berkeley Archway Oak,Woodpecker,European Oak,Lacquer,190 (w) x 16 (l),16 (t),£126.00 per SQM,,
Berkeley Burnt Oak,Woodpecker,European Oak,Lacquer,190 (w) x 15 (l),15 (t),£103.00 per SQM,Yes,Yes
Berkeley Cottage Oak,Woodpecker,European Oak,Lacquer,190 (w) x 15 (l),15 (t),£126.00 per SQM,Yes,Yes
Berkeley Calico Oak,Woodpecker,European Oak,Lacquer,190 (w) x 15 (l),15 (t),£126.00 per SQM,Yes,Yes
Berkeley Classic Walnut,Woodpecker,American Walnut,Lacquer,190 (w) x 15 (l),15 (t),£126.00 per SQM,Yes,Yes
Berkeley Rugged Oak,Woodpecker,European Oak,Oil,190 (w) x 15 (l),15 (t),£126.00 per SQM,Yes,Yes
Berkeley Charterhouse Oak,Woodpecker,European Oak,Oil,190 (w) x 15 (l),15 (t),£126.00 per SQM,,
Berkeley Priory Oak,Woodpecker,European Oak,Oil,190 (w) x 15 (l),15 (t),£126.00 per SQM,,
Berkeley Cellar Oak,Woodpecker,European Oak,Oil,190 (w) x 15 (l),15 (t),£126.00 per SQM,Yes,Yes
Design Panels (750 X 750) Sandringham Limed Oak Multi Micro Bevel,Woodpecker,European Oak,Oil,750 (w) x 15 (l),15 (t),£250.00 per SQM,,Yes
Design Panels (750 X 750) Sandringham Royal Oak Multi Micro Bevel,Woodpecker,European Oak,Oil,750 (w) x 15 (l),15 (t),£250.00 per SQM,,
Design Panels (750 X 750) Sandringham Aged Oak Multi Micro Bevel,Woodpecker,European Oak,Oil,750 (w) x 15 (l),15 (t),£250.00 per SQM,,
Design Panels (750 X 750) Highgrove Limed Oak No Bevel,Woodpecker,European Oak,Oil,750 (w) x 15 (l),15 (t),£250.00 per SQM,,
Design Panels (750 X 750) Highgrove Royal Oak No Bevel,Woodpecker,European Oak,Oil,750 (w) x 15 (l),15 (t),£250.00 per SQM,,
Design Panels (750 X 750) Highgrove Aged Oak No Bevel,Woodpecker,European Oak,Oil,750 (w) x 15 (l),15 (t),£250.00 per SQM,,
Heritage Rockingham,V4,European Oak,Oil,190 (w) x 14 (l),14 (t),£82.00 per SQM,,Yes
Heritage Toridan,V4,European Oak,Oil,190 (w) x 14 (l),14 (t),£82.00 per SQM,,Yes
StripWall Panels Light Grey,V4,Spruce,Digital Foil Veneer,600 (w) x 21 (l),21 (t),£60.00 per SQM,,Yes
StripWall Panels Natural Oak Light,V4,Spruce,Digital Foil Veneer,600 (w) x 21 (l),21 (t),£60.00 per SQM,,Yes
StripWall Panels Natutal Oak,V4,Spruce,Digital Foil Veneer,600 (w) x 21 (l),21 (t),£60.00 per SQM,,Yes
StripWall Panels Solid Grey,V4,Spruce,Digital Foil Veneer,600 (w) x 21 (l),21 (t),£60.00 per SQM,,Yes
StripWall Panels Teak,V4,Spruce,Digital Foil Veneer,600 (w) x 21 (l),21 (t),£60.00 per SQM,,Yes
StripWall Panels Walnut,V4,Spruce,Digital Foil Veneer,600 (w) x 21 (l),21 (t),£60.00 per SQM,,Yes
StripWall Panels Washy Grey,V4,Spruce,Digital Foil Veneer,600 (w) x 21 (l),21 (t),£60.00 per SQM,,Yes
StripWall Panels Washy Natural,V4,Spruce,Digital Foil Veneer,600 (w) x 21 (l),21 (t),£60.00 per SQM,,Yes
Tundra Chevron Misty Grey,V4,European Oak,Oil,90 (w) x 9 (l),9 (t),£103.00 per SQM,,Yes
Tundra Chevron Natural,V4,European Oak,Oil,90 (w) x 9 (l),9 (t),£100.00 per SQM,,Yes
Tundra Chevron Seashell,V4,European Oak,Oil,90 (w) x 9 (l),9 (t),£103.00 per SQM,,Yes
Tundra Chevron Smoked,V4,European Oak,Oil,90 (w) x 10 (l),10 (t),£118.00 per SQM,,Yes
Tundra Chevron Thermo,V4,European Oak,Oil,90 (w) x 10 (l),10 (t),£110.00 per SQM,,Yes
Tundra Herringbone Misty Grey,V4,European Oak,Oil,70 (w) x 11 (l),11 (t),£66.00 per SQM,,Yes
Tundra Herringbone Natural,V4,European Oak,Oil,70 (w) x 11 (l),11 (t),£67.00 per SQM,,Yes
Tundra Herringbone Seashell,V4,European Oak,Oil,70 (w) x 11 (l),11 (t),£66.00 per SQM,,Yes
Tundra Herringbone Smoked,V4,European Oak,Oil,70 (w) x 11 (l),11 (t),£76.00 per SQM,,Yes
Tundra Herringbone Thermo,V4,European Oak,Oil,70 (w) x 11 (l),11 (t),£71.00 per SQM,,Yes
Tundra Plank Misty Grey,V4,European Oak,Oil,190 (w) x 14 (l),14 (t),£100.00 per SQM,,Yes
Tundra Plank Natural,V4,European Oak,Oil,190 (w) x 14 (l),14 (t),£97.00 per SQM,,Yes
Tundra Plank Seashell,V4,European Oak,Oil,190 (w) x 14 (l),14 (t),£100.00 per SQM,,Yes
Tundra Plank Smoked,V4,European Oak,Oil,190 (w) x 14 (l),14 (t),£112.00 per SQM,,Yes
Tundra Plank Thermo,V4,European Oak,Oil,190 (w) x 14 (l),14 (t),£107.00 per SQM,,Yes
Unfinished Herringbone,V4,European Oak,Unfinished,90 (w) x 14 (l),14 (t),£66.00 per SQM,,Yes
Unfinished Plank,V4,European Oak,Unfinished,190 (w) x 14 (l),14 (t),£66.00 per SQM,,Yes
Unfinished Versailles Panel,V4,European Oak,Unfinished,800 (w) x 20 (l),20 (t),£91.00 per SQM,,Yes
Harlech Espresso Oak,Woodpecker,European Oak,Lacquer,190 (w) x 15 (l),15 (t),£88.00 per SQM,Yes,Yes
Bridlington Buff (Solid Parquet),Bespoke by Woven & Woods,European Oak,Oil,70 (w) x 10 (l),10 (t),£87.00 per SQM,,Yes
Gateholm Grey (Solid Parquet),Bespoke by Woven & Woods,European Oak,Oil,70 (w) x 10 (l),10 (t),£87.00 per SQM,,Yes
Fistral Fawn (Solid Parquet),Bespoke by Woven & Woods,European Oak,Oil,70 (w) x 10 (l),10 (t),£86.00 per SQM,,Yes
Barleycove Beige (Solid Parquet),Bespoke by Woven & Woods,European Oak,Oil,70 (w) x 10 (l),10 (t),£87.00 per SQM,,Yes
Tawnyard Tan (Solid Parquet),Bespoke by Woven & Woods,European Oak,Oil,70 (w) x 10 (l),10 (t),£87.00 per SQM,,Yes
Woolacombe White (Solid Parquet),Bespoke by Woven & Woods,European Oak,Oil,70 (w) x 10 (l),10 (t),£86.00 per SQM,,Yes
Clevedon Cream (Solid Parquet),Bespoke by Woven & Woods,European Oak,Oil,70 (w) x 10 (l),10 (t),£87.00 per SQM,,Yes
Bempton Brown (Solid Parquet),Bespoke by Woven & Woods,European Oak,Oil,70 (w) x 10 (l),10 (t),£87.00 per SQM,,Yes
Cogley Carob (Solid Parquet),Bespoke by Woven & Woods,European Oak,Oil,70 (w) x 10 (l),10 (t),£86.00 per SQM,,Yes
Mealt Loch Mocha (Solid Parquet),Bespoke by Woven & Woods,European Oak,Oil,70 (w) x 10 (l),10 (t),£87.00 per SQM,,Yes
Bridlington Buff (Engineered),Bespoke by Woven & Woods,European Oak,Oil,70 (w) x 15/4 (l),15/4 (t),£126.00 per SQM,,Yes
Gateholm Grey (Engineered),Bespoke by Woven & Woods,European Oak,Oil,70 (w) x 15/4 (l),15/4 (t),£126.00 per SQM,,Yes
Fistral Fawn (Engineered),Bespoke by Woven & Woods,European Oak,Oil,70 (w) x 15/4 (l),15/4 (t),£126.00 per SQM,,Yes
Barleycove Beige (Engineered),Bespoke by Woven & Woods,European Oak,Oil,70 (w) x 15/4 (l),15/4 (t),£126.00 per SQM,,Yes
Tawnyard Tan (Engineered),Bespoke by Woven & Woods,European Oak,Oil,70 (w) x 15/4 (l),15/4 (t),£126.00 per SQM,,Yes
Woolacombe White (Engineered),Bespoke by Woven & Woods,European Oak,Oil,70 (w) x 15/4 (l),15/4 (t),£126.00 per SQM,,Yes
Clevedon Cream (Engineered),Bespoke by Woven & Woods,European Oak,Oil,70 (w) x 15/4 (l),15/4 (t),£126.00 per SQM,,Yes
Bempton Brown (Engineered),Bespoke by Woven & Woods,European Oak,Oil,70 (w) x 15/4 (l),15/4 (t),£126.00 per SQM,,Yes
Cogley Carob (Engineered),Bespoke by Woven & Woods,European Oak,Oil,70 (w) x 15/4 (l),15/4 (t),£126.00 per SQM,,Yes
Mealt Loch Mocha (Engineered),Bespoke by Woven & Woods,European Oak,Oil,70 (w) x 15/4 (l),15/4 (t),£126.00 per SQM,,Yes
Sardinia Villamar (180),Bespoke by Woven & Woods,European Oak,Oil,180 (w) x 12/3 (l),12/3 (t),£104.00 per SQM,,Yes
Sardinia Soelli (180),Bespoke by Woven & Woods,European Oak,Oil,180 (w) x 12/3 (l),12/3 (t),£104.00 per SQM,,Yes
Sardinia Guspini (180),Bespoke by Woven & Woods,European Oak,Oil,180 (w) x 12/3 (l),12/3 (t),£104.00 per SQM,,Yes
Sardinia Posada (180),Bespoke by Woven & Woods,European Oak,Oil,180 (w) x 12/3 (l),12/3 (t),£104.00 per SQM,,
Sardinia Pula (180),Bespoke by Woven & Woods,European Oak,Oil,180 (w) x 12/3 (l),12/3 (t),£96.00 per SQM,,
Sardinia Neoneli (180),Bespoke by Woven & Woods,European Oak,Oil,180 (w) x 12/3 (l),12/3 (t),£104.00 per SQM,,
Sardinia Pietra (180),Bespoke by Woven & Woods,European Oak,Oil,180 (w) x 12/3 (l),12/3 (t),£96.00 per SQM,,
Sardinia Florinas (180),Bespoke by Woven & Woods,European Oak,Oil,180 (w) x 12/3 (l),12/3 (t),£96.00 per SQM,,
Sardinia Loceri (180),Bespoke by Woven & Woods,European Oak,Oil,180 (w) x 12/3 (l),12/3 (t),£104.00 per SQM,,
Sardinia Villamar (Herringbone),Bespoke by Woven & Woods,European Oak,Oil,120 (w) x 12/3 (l),12/3 (t),£111.00 per SQM,,
Sardinia Soelli (Herringbone),Bespoke by Woven & Woods,European Oak,Oil,120 (w) x 12/3 (l),12/3 (t),£111.00 per SQM,,
Sardinia Guspini (Herringbone),Bespoke by Woven & Woods,European Oak,Oil,120 (w) x 12/3 (l),12/3 (t),£111.00 per SQM,,
Sardinia Posada (Herringbone),Bespoke by Woven & Woods,European Oak,Oil,120 (w) x 12/3 (l),12/3 (t),£102.00 per SQM,,Yes
Sardinia Pula (Herringbone),Bespoke by Woven & Woods,European Oak,Oil,120 (w) x 12/3 (l),12/3 (t),£102.00 per SQM,,Yes
Sardinia Neoneli (Herringbone),Bespoke by Woven & Woods,European Oak,Oil,120 (w) x 12/3 (l),12/3 (t),£111.00 per SQM,,Yes
Sardinia Pietra (Herringbone),Bespoke by Woven & Woods,European Oak,Oil,120 (w) x 12/3 (l),12/3 (t),£102.00 per SQM,,Yes
Sardinia Florinas (Herringbone),Bespoke by Woven & Woods,European Oak,Oil,120 (w) x 12/3 (l),12/3 (t),£102.00 per SQM,,Yes
Sardinia Loceri (Herringbone),Bespoke by Woven & Woods,European Oak,Oil,120 (w) x 12/3 (l),12/3 (t),£111.00 per SQM,,Yes
Richmond Clarence (Herringbone) Rustic,Bespoke by Woven & Woods,European Oak,Oil,70 (w) x 10/4 (l),10/4 (t),£96.00 per SQM,,Yes
Richmond Wick (Herringbone) Rustic,Bespoke by Woven & Woods,European Oak,Oil,70 (w) x 10/4 (l),10/4 (t),£87.00 per SQM,,Yes
Richmond Ormeley (Herringbone) Rustic,Bespoke by Woven & Woods,European Oak,Oil,70 (w) x 10/4 (l),10/4 (t),£96.00 per SQM,,
Richmond Pembroke (Herringbone) Rustic,Bespoke by Woven & Woods,European Oak,Oil,70 (w) x 10/4 (l),10/4 (t),£87.00 per SQM,,Yes
Richmond Sandycombe (Herringbone) Rustic,Bespoke by Woven & Woods,European Oak,Oil,70 (w) x 10/4 (l),10/4 (t),£87.00 per SQM,,Yes
Richmond Syon (Herringbone) Rustic,Bespoke by Woven & Woods,European Oak,Oil,70 (w) x 10/4 (l),10/4 (t),£96.00 per SQM,,Yes
Richmond Temperate (Herringbone) Rustic,Bespoke by Woven & Woods,European Oak,Oil,70 (w) x 10/4 (l),10/4 (t),£83.00 per SQM,,Yes
Richmond Clarence (Herringbone) Prime,Bespoke by Woven & Woods,European Oak,Oil,70 (w) x 10/4 (l),10/4 (t),£101.00 per SQM,,Yes
Richmond Wick (Herringbone) Prime,Bespoke by Woven & Woods,European Oak,Oil,70 (w) x 10/4 (l),10/4 (t),£92.00 per SQM,,
Richmond Ormeley (Herringbone) Prime,Bespoke by Woven & Woods,European Oak,Oil,70 (w) x 10/4 (l),10/4 (t),£101.00 per SQM,,Yes
Richmond Pembroke (Herringbone) Prime,Bespoke by Woven & Woods,European Oak,Oil,70 (w) x 10/4 (l),10/4 (t),£92.00 per SQM,,
Richmond Sandycombe (Herringbone) Prime,Bespoke by Woven & Woods,European Oak,Oil,70 (w) x 10/4 (l),10/4 (t),£92.00 per SQM,,
Richmond Syon (Herringbone) Prime,Bespoke by Woven & Woods,European Oak,Oil,70 (w) x 10/4 (l),10/4 (t),£101.00 per SQM,,
"Richmond Temperate (Herringbone, Prime)",Bespoke by Woven & Woods,European Oak,Oil,70 (w) x 10/4 (l),10/4 (t),£88.00 per SQM,,
"Richmond Garrick (Herringbone, Prime)",Bespoke by Woven & Woods,European Oak,Oil,70 (w) x 10/4 (l),10/4 (t),£102.00 per SQM,,
Richmond Clarence (Chevron) Rustic,Bespoke by Woven & Woods,European Oak,Oil,90 (w) x 10/4 (l),10/4 (t),£131.00 per SQM,,
Richmond Wick (Chevron) Rustic,Bespoke by Woven & Woods,European Oak,Oil,90 (w) x 10/4 (l),10/4 (t),£123.00 per SQM,,
Richmond Ormeley (Chevron) Rustic,Bespoke by Woven & Woods,European Oak,Oil,90 (w) x 10/4 (l),10/4 (t),£131.00 per SQM,,
Richmond Pembroke (Chevron) Rustic,Bespoke by Woven & Woods,European Oak,Oil,90 (w) x 10/4 (l),10/4 (t),£123.00 per SQM,,Yes
Richmond Sandycombe (Chevron) Rustic,Bespoke by Woven & Woods,European Oak,Oil,90 (w) x 10/4 (l),10/4 (t),£123.00 per SQM,,
Richmond Syon (Chevron) Rustic,Bespoke by Woven & Woods,European Oak,Oil,90 (w) x 10/4 (l),10/4 (t),£131.00 per SQM,,
"Richmond Temperate (Chevron, Rustic)",Bespoke by Woven & Woods,European Oak,Oil,90 (w) x 10/4 (l),10/4 (t),£113.00 per SQM,,
Richmond Clarence (Chevron) Prime,Bespoke by Woven & Woods,European Oak,Oil,90 (w) x 10/4 (l),10/4 (t),£129.00 per SQM,,
Richmond Wick (Chevron) Prime,Bespoke by Woven & Woods,European Oak,Oil,90 (w) x 10/4 (l),10/4 (t),£129.00 per SQM,,
Richmond Ormeley (Chevron) Prime,Bespoke by Woven & Woods,European Oak,Oil,90 (w) x 10/4 (l),10/4 (t),£129.00 per SQM,,
Richmond Pembroke (Chevron) Prime,Bespoke by Woven & Woods,European Oak,Oil,90 (w) x 10/4 (l),10/4 (t),£129.00 per SQM,,
Richmond Sandycombe (Chevron) Prime,Bespoke by Woven & Woods,European Oak,Oil,90 (w) x 10/4 (l),10/4 (t),£129.00 per SQM,,
Richmond Syon (Chevron) Prime,Bespoke by Woven & Woods,European Oak,Oil,90 (w) x 10/4 (l),10/4 (t),£133.00 per SQM,,
"Richmond Temperate (Chevron, Prime)",Bespoke by Woven & Woods,European Oak,Oil,90 (w) x 10/4 (l),10/4 (t),£119.00 per SQM,,
"Richmond Garrick (Chevron, Prime)",Bespoke by Woven & Woods,European Oak,Oil,90 (w) x 10/4 (l),10/4 (t),£102.00 per SQM,,
Century Matt,Bespoke by Woven & Woods,European Oak,Oil,200 (w) x 15/3 (l),15/3 (t),£124.00 per SQM,,
Century Natural,Bespoke by Woven & Woods,European Oak,Oil,200 (w) x 15/3 (l),15/3 (t),£118.00 per SQM,,
Century Light Smoked,Bespoke by Woven & Woods,European Oak,Oil,200 (w) x 15/3 (l),15/3 (t),£124.00 per SQM,,
Century Medium Smoked,Bespoke by Woven & Woods,European Oak,Oil,200 (w) x 15/3 (l),15/3 (t),£124.00 per SQM,,
Century Dark Smoked,Bespoke by Woven & Woods,European Oak,Oil,200 (w) x 15/3 (l),15/3 (t),£124.00 per SQM,,
Century Black,Bespoke by Woven & Woods,European Oak,Oil,200 (w) x 15/3 (l),15/3 (t),£124.00 per SQM,,
