Part Number,Manufacturer,Description,Range,Colour,Width,Cost per SQM (ex VAT),Sell per SQM (inc VAT),Category,Sub-Category,Notes
CA68893LAN,Lano,Boheme 170 Salmon (4 M),Boheme,170 Salmon,4.0,30.0,61.0,Carpet,Synthetic,
CA81861LAN,Lano,Boheme 170 Salmon (5 M),Boheme,170 Salmon,5.0,30.0,61.0,Carpet,Synthetic,
CA28028LAN,Lano,Boheme 240 Cream (4 M),Boheme,240 Cream,4.0,30.0,61.0,Carpet,Synthetic,
CA21579LAN,Lano,Boheme 240 Cream (5 M),Boheme,240 Cream,5.0,30.0,61.0,Carpet,Synthetic,
CA73532LAN,Lano,Boheme 250 Magnolia (4 M),Boheme,250 Magnolia,4.0,30.0,61.0,Carpet,Synthetic,
CA86344LAN,Lano,Boheme 250 Magnolia (5 M),Boheme,250 Magnolia,5.0,30.0,61.0,Carpet,Synthetic,
CA54662LAN,Lano,Boheme 260 Camel (4 M),Boheme,260 Camel,4.0,30.0,61.0,Carpet,Synthetic,
CA59401LAN,Lano,Boheme 260 Camel (5 M),Boheme,260 Camel,5.0,30.0,61.0,Carpet,Synthetic,
CA79073LAN,Lano,Boheme 270 Almond (4 M),Boheme,270 Almond,4.0,30.0,61.0,Carpet,Synthetic,
CA43927LAN,Lano,Boheme 270 Almond (5 M),Boheme,270 Almond,5.0,30.0,61.0,Carpet,Synthetic,
CA71026LAN,Lano,Boheme 410 Leather (4 M),Boheme,410 Leather,4.0,30.0,61.0,Carpet,Synthetic,
CA58942LAN,Lano,Boheme 410 Leather (5 M),Boheme,410 Leather,5.0,30.0,61.0,Carpet,Synthetic,
CA64906LAN,Lano,Boheme 420 Cornstalk (4 M),Boheme,420 Cornstalk,4.0,30.0,61.0,Carpet,Synthetic,
CA33239LAN,Lano,Boheme 420 Cornstalk (5 M),Boheme,420 Cornstalk,5.0,30.0,61.0,Carpet,Synthetic,
CA48044LAN,Lano,Boheme 430 Bamboo Mat (4 M),Boheme,430 Bamboo Mat,4.0,30.0,61.0,Carpet,Synthetic,
CA50901LAN,Lano,Boheme 430 Bamboo Mat (5 M),Boheme,430 Bamboo Mat,5.0,30.0,61.0,Carpet,Synthetic,
CA18192LAN,Lano,Boheme 440 Ivory (4 M),Boheme,440 Ivory,4.0,30.0,61.0,Carpet,Synthetic,
CA51945LAN,Lano,Boheme 440 Ivory (5 M),Boheme,440 Ivory,5.0,30.0,61.0,Carpet,Synthetic,
CA99694LAN,Lano,Boheme 450 Sand (4 M),Boheme,450 Sand,4.0,30.0,61.0,Carpet,Synthetic,
CA63327LAN,Lano,Boheme 450 Sand (5 M),Boheme,450 Sand,5.0,30.0,61.0,Carpet,Synthetic,
CA63933LAN,Lano,Boheme 740 Ocean (4 M),Boheme,740 Ocean,4.0,30.0,61.0,Carpet,Synthetic,
CA21518LAN,Lano,Boheme 740 Ocean (5 M),Boheme,740 Ocean,5.0,30.0,61.0,Carpet,Synthetic,
CA44823LAN,Lano,Boheme 800 Ebony (4 M),Boheme,800 Ebony,4.0,30.0,61.0,Carpet,Synthetic,
CA55993LAN,Lano,Boheme 800 Ebony (5 M),Boheme,800 Ebony,5.0,30.0,61.0,Carpet,Synthetic,
CA28225LAN,Lano,Boheme 810 Charcoal (4 M),Boheme,810 Charcoal,4.0,30.0,61.0,Carpet,Synthetic,
CA14661LAN,Lano,Boheme 810 Charcoal (5 M),Boheme,810 Charcoal,5.0,30.0,61.0,Carpet,Synthetic,
CA47923LAN,Lano,Boheme 820 Slate (4 M),Boheme,820 Slate,4.0,30.0,61.0,Carpet,Synthetic,
CA87118LAN,Lano,Boheme 820 Slate (5 M),Boheme,820 Slate,5.0,30.0,61.0,Carpet,Synthetic,
CA79121LAN,Lano,Boheme 840 Moonshine (4 M),Boheme,840 Moonshine,4.0,30.0,61.0,Carpet,Synthetic,
CA90863LAN,Lano,Boheme 840 Moonshine (5 M),Boheme,840 Moonshine,5.0,30.0,61.0,Carpet,Synthetic,
CA54075LAN,Lano,Boheme 850 Moonbeam (4 M),Boheme,850 Moonbeam,4.0,30.0,61.0,Carpet,Synthetic,
CA28319LAN,Lano,Boheme 850 Moonbeam (5 M),Boheme,850 Moonbeam,5.0,30.0,61.0,Carpet,Synthetic,
CA90163LAN,Lano,Boheme 860 Granite (4 M),Boheme,860 Granite,4.0,30.0,61.0,Carpet,Synthetic,
CA46718LAN,Lano,Boheme 860 Granite (5 M),Boheme,860 Granite,5.0,30.0,61.0,Carpet,Synthetic,
CA32753LAN,Lano,Boheme 870 Silver (4 M),Boheme,870 Silver,4.0,30.0,61.0,Carpet,Synthetic,
CA98237LAN,Lano,Boheme 870 Silver (5 M),Boheme,870 Silver,5.0,30.0,61.0,Carpet,Synthetic,
CA81519LAN,Lano,Celeste 020 Lavender (4 M),Celeste,020 Lavender,4.0,31.6,64.0,Carpet,Synthetic,
CA56925LAN,Lano,Celeste 020 Lavender (5 M),Celeste,020 Lavender,5.0,31.6,64.0,Carpet,Synthetic,
CA40776LAN,Lano,Celeste 170 Salmon (4 M),Celeste,170 Salmon,4.0,31.6,64.0,Carpet,Synthetic,
CA26286LAN,Lano,Celeste 170 Salmon (5 M),Celeste,170 Salmon,5.0,31.6,64.0,Carpet,Synthetic,
CA47756LAN,Lano,Celeste 180 Rum (4 M),Celeste,180 Rum,4.0,31.6,64.0,Carpet,Synthetic,
CA15389LAN,Lano,Celeste 180 Rum (5 M),Celeste,180 Rum,5.0,31.6,64.0,Carpet,Synthetic,
CA68355LAN,Lano,Celeste 240 Cream (4 M),Celeste,240 Cream,4.0,31.6,64.0,Carpet,Synthetic,
CA61708LAN,Lano,Celeste 240 Cream (5 M),Celeste,240 Cream,5.0,31.6,64.0,Carpet,Synthetic,
CA22218LAN,Lano,Celeste 250 Magnolia (4 M),Celeste,250 Magnolia,4.0,31.6,64.0,Carpet,Synthetic,
CA40607LAN,Lano,Celeste 250 Magnolia (5 M),Celeste,250 Magnolia,5.0,31.6,64.0,Carpet,Synthetic,
CA39084LAN,Lano,Celeste 260 Camel (4 M),Celeste,260 Camel,4.0,31.6,64.0,Carpet,Synthetic,
CA36918LAN,Lano,Celeste 260 Camel (5 M),Celeste,260 Camel,5.0,31.6,64.0,Carpet,Synthetic,
CA86410LAN,Lano,Celeste 280 Havanna (4 M),Celeste,280 Havanna,4.0,31.6,64.0,Carpet,Synthetic,
CA11601LAN,Lano,Celeste 280 Havanna (5 M),Celeste,280 Havanna,5.0,31.6,64.0,Carpet,Synthetic,
CA97810LAN,Lano,Celeste 410 Leather (4 M),Celeste,410 Leather,4.0,31.6,64.0,Carpet,Synthetic,
CA34803LAN,Lano,Celeste 410 Leather (5 M),Celeste,410 Leather,5.0,31.6,64.0,Carpet,Synthetic,
CA39887LAN,Lano,Celeste 420 Cornstalk (4 M),Celeste,420 Cornstalk,4.0,31.6,64.0,Carpet,Synthetic,
CA71040LAN,Lano,Celeste 420 Cornstalk (5 M),Celeste,420 Cornstalk,5.0,31.6,64.0,Carpet,Synthetic,
CA70753LAN,Lano,Celeste 430 Bamboo Mat (4 M),Celeste,430 Bamboo Mat,4.0,31.6,64.0,Carpet,Synthetic,
CA45880LAN,Lano,Celeste 430 Bamboo Mat (5 M),Celeste,430 Bamboo Mat,5.0,31.6,64.0,Carpet,Synthetic,
CA73184LAN,Lano,Celeste 440 Ivory (4 M),Celeste,440 Ivory,4.0,31.6,64.0,Carpet,Synthetic,
CA21226LAN,Lano,Celeste 440 Ivory (5 M),Celeste,440 Ivory,5.0,31.6,64.0,Carpet,Synthetic,
CA49795LAN,Lano,Celeste 450 Sand (4 M),Celeste,450 Sand,4.0,31.6,64.0,Carpet,Synthetic,
CA40143LAN,Lano,Celeste 450 Sand (5 M),Celeste,450 Sand,5.0,31.6,64.0,Carpet,Synthetic,
CA91776LAN,Lano,Celeste 690 Satin Jade (4 M),Celeste,690 Satin Jade,4.0,31.6,64.0,Carpet,Synthetic,
CA39051LAN,Lano,Celeste 690 Satin Jade (5 M),Celeste,690 Satin Jade,5.0,31.6,64.0,Carpet,Synthetic,
CA32037LAN,Lano,Celeste 810 Charcoal (4 M),Celeste,810 Charcoal,4.0,31.6,64.0,Carpet,Synthetic,
CA82473LAN,Lano,Celeste 810 Charcoal (5 M),Celeste,810 Charcoal,5.0,31.6,64.0,Carpet,Synthetic,
CA47449LAN,Lano,Celeste 820 Slate (4 M),Celeste,820 Slate,4.0,31.6,64.0,Carpet,Synthetic,
CA65638LAN,Lano,Celeste 820 Slate (5 M),Celeste,820 Slate,5.0,31.6,64.0,Carpet,Synthetic,
CA79814LAN,Lano,Celeste 830 Ash (4 M),Celeste,830 Ash,4.0,31.6,64.0,Carpet,Synthetic,
CA12210LAN,Lano,Celeste 830 Ash (5 M),Celeste,830 Ash,5.0,31.6,64.0,Carpet,Synthetic,
CA84922LAN,Lano,Celeste 840 Moonshine (4 M),Celeste,840 Moonshine,4.0,31.6,64.0,Carpet,Synthetic,
CA62162LAN,Lano,Celeste 840 Moonshine (5 M),Celeste,840 Moonshine,5.0,31.6,64.0,Carpet,Synthetic,
CA82180LAN,Lano,Celeste 850 Moonbeam (4 M),Celeste,850 Moonbeam,4.0,31.6,64.0,Carpet,Synthetic,
CA18115LAN,Lano,Celeste 850 Moonbeam (5 M),Celeste,850 Moonbeam,5.0,31.6,64.0,Carpet,Synthetic,
CA31272LAN,Lano,Celeste 860 Granite (4 M),Celeste,860 Granite,4.0,31.6,64.0,Carpet,Synthetic,
CA79295LAN,Lano,Celeste 860 Granite (5 M),Celeste,860 Granite,5.0,31.6,64.0,Carpet,Synthetic,
CA38391LAN,Lano,Celeste 870 Silver (4 M),Celeste,870 Silver,4.0,31.6,64.0,Carpet,Synthetic,
CA50096LAN,Lano,Celeste 870 Silver (5 M),Celeste,870 Silver,5.0,31.6,64.0,Carpet,Synthetic,
CA90232LAN,Lano,Celeste 880 Pearl (4 M),Celeste,880 Pearl,4.0,31.6,64.0,Carpet,Synthetic,
CA17432LAN,Lano,Celeste 880 Pearl (5 M),Celeste,880 Pearl,5.0,31.6,64.0,Carpet,Synthetic,
CA98251LAN,Lano,Celeste 890 Snow (4 M),Celeste,890 Snow,4.0,31.6,64.0,Carpet,Synthetic,
CA59650LAN,Lano,Celeste 890 Snow (5 M),Celeste,890 Snow,5.0,31.6,64.0,Carpet,Synthetic,
CA46988LAN,Lano,Dream 122 Coral 2 (4 M),Dream,122 Coral 2,4.0,22.8,49.0,Carpet,Synthetic,
CA56151LAN,Lano,Dream 122 Coral 2 (5 M),Dream,122 Coral 2,5.0,22.8,49.0,Carpet,Synthetic,
CA94213LAN,Lano,Dream 250 Cream Silk (4 M),Dream,250 Cream Silk,4.0,22.8,49.0,Carpet,Synthetic,
CA81343LAN,Lano,Dream 250 Cream Silk (5 M),Dream,250 Cream Silk,5.0,22.8,49.0,Carpet,Synthetic,
CA62702LAN,Lano,Dream 251 Rolling Fog (4 M),Dream,251 Rolling Fog,4.0,22.8,49.0,Carpet,Synthetic,
CA76764LAN,Lano,Dream 251 Rolling Fog (5 M),Dream,251 Rolling Fog,5.0,22.8,49.0,Carpet,Synthetic,
CA27700LAN,Lano,Dream 261 Cobblestone (4 M),Dream,261 Cobblestone,4.0,22.8,49.0,Carpet,Synthetic,
CA26682LAN,Lano,Dream 261 Cobblestone (5 M),Dream,261 Cobblestone,5.0,22.8,49.0,Carpet,Synthetic,
CA59515LAN,Lano,Dream 302 Mahogany 2 (4 M),Dream,302 Mahogany 2,4.0,22.8,49.0,Carpet,Synthetic,
CA29856LAN,Lano,Dream 302 Mahogany 2 (5 M),Dream,302 Mahogany 2,5.0,22.8,49.0,Carpet,Synthetic,
CA58679LAN,Lano,Dream 321 Cognac 1 (4 M),Dream,321 Cognac 1,4.0,22.8,49.0,Carpet,Synthetic,
CA30623LAN,Lano,Dream 321 Cognac 1 (5 M),Dream,321 Cognac 1,5.0,22.8,49.0,Carpet,Synthetic,
CA58988LAN,Lano,Dream 371 Gold Leaf 1 (4 M),Dream,371 Gold Leaf 1,4.0,22.8,49.0,Carpet,Synthetic,
CA80714LAN,Lano,Dream 371 Gold Leaf 1 (5 M),Dream,371 Gold Leaf 1,5.0,22.8,49.0,Carpet,Synthetic,
CA29228LAN,Lano,Dream 421 Cornstalk 1 (4 M),Dream,421 Cornstalk 1,4.0,22.8,49.0,Carpet,Synthetic,
CA61261LAN,Lano,Dream 421 Cornstalk 1 (5 M),Dream,421 Cornstalk 1,5.0,22.8,49.0,Carpet,Synthetic,
CA29211LAN,Lano,Dream 450 Wheatgrass (4 M),Dream,450 Wheatgrass,4.0,22.8,49.0,Carpet,Synthetic,
CA22673LAN,Lano,Dream 450 Wheatgrass (5 M),Dream,450 Wheatgrass,5.0,22.8,49.0,Carpet,Synthetic,
CA31532LAN,Lano,Dream 541 Curry 1 (4 M),Dream,541 Curry 1,4.0,22.8,49.0,Carpet,Synthetic,
CA12546LAN,Lano,Dream 541 Curry 1 (5 M),Dream,541 Curry 1,5.0,22.8,49.0,Carpet,Synthetic,
CA32776LAN,Lano,Dream 591 Moss 1 (4 M),Dream,591 Moss 1,4.0,22.8,49.0,Carpet,Synthetic,
CA14287LAN,Lano,Dream 591 Moss 1 (5 M),Dream,591 Moss 1,5.0,22.8,49.0,Carpet,Synthetic,
CA26888LAN,Lano,Dream 661 Celadon 1 (4 M),Dream,661 Celadon 1,4.0,22.8,49.0,Carpet,Synthetic,
CA80161LAN,Lano,Dream 661 Celadon 1 (5 M),Dream,661 Celadon 1,5.0,22.8,49.0,Carpet,Synthetic,
CA62188LAN,Lano,Dream 691 Satin Jade 1 (4 M),Dream,691 Satin Jade 1,4.0,22.8,49.0,Carpet,Synthetic,
CA82440LAN,Lano,Dream 691 Satin Jade 1 (5 M),Dream,691 Satin Jade 1,5.0,22.8,49.0,Carpet,Synthetic,
CA87471LAN,Lano,Dream 732 Azure 2 (4 M),Dream,732 Azure 2,4.0,22.8,49.0,Carpet,Synthetic,
CA90255LAN,Lano,Dream 732 Azure 2 (5 M),Dream,732 Azure 2,5.0,22.8,49.0,Carpet,Synthetic,
CA58980LAN,Lano,Dream 800 Black (4 M),Dream,800 Black,4.0,22.8,49.0,Carpet,Synthetic,
CA56427LAN,Lano,Dream 800 Black (5 M),Dream,800 Black,5.0,22.8,49.0,Carpet,Synthetic,
CA40547LAN,Lano,Dream 820 Domino (4 M),Dream,820 Domino,4.0,22.8,49.0,Carpet,Synthetic,
CA39321LAN,Lano,Dream 820 Domino (5 M),Dream,820 Domino,5.0,22.8,49.0,Carpet,Synthetic,
CA75885LAN,Lano,Dream 850 Urban Obsession (4 M),Dream,850 Urban Obsession,4.0,22.8,49.0,Carpet,Synthetic,
CA43285LAN,Lano,Dream 850 Urban Obsession (5 M),Dream,850 Urban Obsession,5.0,22.8,49.0,Carpet,Synthetic,
CA73151LAN,Lano,Dream 860 Squall Line (4 M),Dream,860 Squall Line,4.0,22.8,49.0,Carpet,Synthetic,
CA88723LAN,Lano,Dream 860 Squall Line (5 M),Dream,860 Squall Line,5.0,22.8,49.0,Carpet,Synthetic,
CA53039LAN,Lano,Dream 870 Silver Lining (4 M),Dream,870 Silver Lining,4.0,22.8,49.0,Carpet,Synthetic,
CA63474LAN,Lano,Dream 870 Silver Lining (5 M),Dream,870 Silver Lining,5.0,22.8,49.0,Carpet,Synthetic,
CA39613LAN,Lano,Dream 880 Egyptian Cotton (4 M),Dream,880 Egyptian Cotton,4.0,22.8,49.0,Carpet,Synthetic,
CA85524LAN,Lano,Dream 880 Egyptian Cotton (5 M),Dream,880 Egyptian Cotton,5.0,22.8,49.0,Carpet,Synthetic,
CA22726LAN,Lano,Dream 890 Ivory (4 M),Dream,890 Ivory,4.0,22.8,49.0,Carpet,Synthetic,
CA70707LAN,Lano,Dream 890 Ivory (5 M),Dream,890 Ivory,5.0,22.8,49.0,Carpet,Synthetic,
CA46535LAN,Lano,Evita 050 Crocus (4 M),Evita,050 Crocus,4.0,26.55,54.0,Carpet,Synthetic,
CA78793LAN,Lano,Evita 050 Crocus (5 M),Evita,050 Crocus,5.0,26.55,54.0,Carpet,Synthetic,
CA41735LAN,Lano,Evita 060 Heather (4 M),Evita,060 Heather,4.0,26.55,54.0,Carpet,Synthetic,
CA67534LAN,Lano,Evita 060 Heather (5 M),Evita,060 Heather,5.0,26.55,54.0,Carpet,Synthetic,
CA49998LAN,Lano,Evita 181 Rum 1 (4 M),Evita,181 Rum 1,4.0,26.55,54.0,Carpet,Synthetic,
CA75491LAN,Lano,Evita 181 Rum 1 (5 M),Evita,181 Rum 1,5.0,26.55,54.0,Carpet,Synthetic,
CA81879LAN,Lano,Evita 240 Cream (4 M),Evita,240 Cream,4.0,26.55,54.0,Carpet,Synthetic,
CA16921LAN,Lano,Evita 240 Cream (5 M),Evita,240 Cream,5.0,26.55,54.0,Carpet,Synthetic,
CA51000LAN,Lano,Evita 260 Camel (4 M),Evita,260 Camel,4.0,26.55,54.0,Carpet,Synthetic,
CA99841LAN,Lano,Evita 260 Camel (5 M),Evita,260 Camel,5.0,26.55,54.0,Carpet,Synthetic,
CA31756LAN,Lano,Evita 391 Copper 1 (4 M),Evita,391 Copper 1,4.0,26.55,54.0,Carpet,Synthetic,
CA65714LAN,Lano,Evita 391 Copper 1 (5 M),Evita,391 Copper 1,5.0,26.55,54.0,Carpet,Synthetic,
CA18495LAN,Lano,Evita 410 Leather (4 M),Evita,410 Leather,4.0,26.55,54.0,Carpet,Synthetic,
CA39741LAN,Lano,Evita 410 Leather (5 M),Evita,410 Leather,5.0,26.55,54.0,Carpet,Synthetic,
CA88637LAN,Lano,Evita 681 Juniper 1 (4 M),Evita,681 Juniper 1,4.0,26.55,54.0,Carpet,Synthetic,
CA58329LAN,Lano,Evita 681 Juniper 1 (5 M),Evita,681 Juniper 1,5.0,26.55,54.0,Carpet,Synthetic,
CA17217LAN,Lano,Evita 750 Sky (4 M),Evita,750 Sky,4.0,26.55,54.0,Carpet,Synthetic,
CA14765LAN,Lano,Evita 750 Sky (5 M),Evita,750 Sky,5.0,26.55,54.0,Carpet,Synthetic,
CA66016LAN,Lano,Evita 780 Steel (4 M),Evita,780 Steel,4.0,26.55,54.0,Carpet,Synthetic,
CA59477LAN,Lano,Evita 780 Steel (5 M),Evita,780 Steel,5.0,26.55,54.0,Carpet,Synthetic,
CA16630LAN,Lano,Evita 810 Charcoal (4 M),Evita,810 Charcoal,4.0,26.55,54.0,Carpet,Synthetic,
CA51521LAN,Lano,Evita 810 Charcoal (5 M),Evita,810 Charcoal,5.0,26.55,54.0,Carpet,Synthetic,
CA87224LAN,Lano,Evita 820 Slate (4 M),Evita,820 Slate,4.0,26.55,54.0,Carpet,Synthetic,
CA26490LAN,Lano,Evita 820 Slate (5 M),Evita,820 Slate,5.0,26.55,54.0,Carpet,Synthetic,
CA75638LAN,Lano,Evita 830 Ash (4 M),Evita,830 Ash,4.0,26.55,54.0,Carpet,Synthetic,
CA53494LAN,Lano,Evita 830 Ash (5 M),Evita,830 Ash,5.0,26.55,54.0,Carpet,Synthetic,
CA69000LAN,Lano,Evita 849 Moonshine 9 (4 M),Evita,849 Moonshine 9,4.0,26.55,54.0,Carpet,Synthetic,
CA59624LAN,Lano,Evita 849 Moonshine 9 (5 M),Evita,849 Moonshine 9,5.0,26.55,54.0,Carpet,Synthetic,
CA74957LAN,Lano,Evita 850 Moonbeam (4 M),Evita,850 Moonbeam,4.0,26.55,54.0,Carpet,Synthetic,
CA49650LAN,Lano,Evita 850 Moonbeam (5 M),Evita,850 Moonbeam,5.0,26.55,54.0,Carpet,Synthetic,
CA25364LAN,Lano,Evita 869 Granite 9 (4 M),Evita,869 Granite 9,4.0,26.55,54.0,Carpet,Synthetic,
CA25515LAN,Lano,Evita 869 Granite 9 (5 M),Evita,869 Granite 9,5.0,26.55,54.0,Carpet,Synthetic,
CA60235LAN,Lano,Evita 870 Silver (4 M),Evita,870 Silver,4.0,26.55,54.0,Carpet,Synthetic,
CA31573LAN,Lano,Evita 870 Silver (5 M),Evita,870 Silver,5.0,26.55,54.0,Carpet,Synthetic,
CA53395LAN,Lano,Evita 880 Pearl (4 M),Evita,880 Pearl,4.0,26.55,54.0,Carpet,Synthetic,
CA43441LAN,Lano,Evita 880 Pearl (5 M),Evita,880 Pearl,5.0,26.55,54.0,Carpet,Synthetic,
CA22892LAN,Lano,Evita 890 Snow (4 M),Evita,890 Snow,4.0,26.55,54.0,Carpet,Synthetic,
CA99809LAN,Lano,Evita 890 Snow (5 M),Evita,890 Snow,5.0,26.55,54.0,Carpet,Synthetic,
CA46518LAN,Lano,Fame 400 Coffee (4 M),,,4.0,14.4,35.0,Carpet,Synthetic,
CA41704LAN,Lano,Fame 400 Coffee (5 M),,,5.0,14.4,35.0,Carpet,Synthetic,
CA60441LAN,Lano,Fame 410 Leather (4 M),,,4.0,14.4,35.0,Carpet,Synthetic,
CA40038LAN,Lano,Fame 410 Leather (5 M),,,5.0,14.4,35.0,Carpet,Synthetic,
CA39992LAN,Lano,Fame 430 Bamboo Mat (4 M),,,4.0,14.4,35.0,Carpet,Synthetic,
CA56113LAN,Lano,Fame 430 Bamboo Mat (5 M),,,5.0,14.4,35.0,Carpet,Synthetic,
CA51493LAN,Lano,Fame 440 Ivory (4 M),,,4.0,14.4,35.0,Carpet,Synthetic,
CA66923LAN,Lano,Fame 440 Ivory (5 M),,,5.0,14.4,35.0,Carpet,Synthetic,
CA31522LAN,Lano,Fame 450 Sand (4 M),,,4.0,14.4,35.0,Carpet,Synthetic,
CA35623LAN,Lano,Fame 450 Sand (5 M),,,5.0,14.4,35.0,Carpet,Synthetic,
CA62452LAN,Lano,Fame 460 Hemp (4 M),,,4.0,14.4,35.0,Carpet,Synthetic,
CA86112LAN,Lano,Fame 460 Hemp (5 M),,,5.0,14.4,35.0,Carpet,Synthetic,
CA57193LAN,Lano,Fame 780 Steel (4 M),,,4.0,14.4,35.0,Carpet,Synthetic,
CA84905LAN,Lano,Fame 780 Steel (5 M),,,5.0,14.4,35.0,Carpet,Synthetic,
CA37509LAN,Lano,Fame 800 Ebony (4 M),,,4.0,14.4,35.0,Carpet,Synthetic,
CA88057LAN,Lano,Fame 800 Ebony (5 M),,,5.0,14.4,35.0,Carpet,Synthetic,
CA84159LAN,Lano,Fame 810 Charcoal (4 M),,,4.0,14.4,35.0,Carpet,Synthetic,
CA90559LAN,Lano,Fame 810 Charcoal (5 M),,,5.0,14.4,35.0,Carpet,Synthetic,
CA41678LAN,Lano,Fame 820 Slate (4 M),,,4.0,14.4,35.0,Carpet,Synthetic,
CA23371LAN,Lano,Fame 820 Slate (5 M),,,5.0,14.4,35.0,Carpet,Synthetic,
CA89575LAN,Lano,Fame 860 Granite (4 M),,,4.0,14.4,35.0,Carpet,Synthetic,
CA80621LAN,Lano,Fame 860 Granite (5 M),,,5.0,14.4,35.0,Carpet,Synthetic,
CA51223LAN,Lano,Fame 870 Silver (4 M),,,4.0,14.4,35.0,Carpet,Synthetic,
CA63101LAN,Lano,Fame 870 Silver (5 M),,,5.0,14.4,35.0,Carpet,Synthetic,
CA81874LAN,Lano,Freedom 081 Lava Stone (4 M),Freedom,081 Lava Stone,4.0,24.0,52.0,Carpet,Synthetic,
CA51868LAN,Lano,Freedom 081 Lava Stone (5 M),Freedom,081 Lava Stone,5.0,24.0,52.0,Carpet,Synthetic,
CA38654LAN,Lano,Freedom 120 Coral (4 M),Freedom,120 Coral,4.0,24.0,52.0,Carpet,Synthetic,
CA75501LAN,Lano,Freedom 120 Coral (5 M),Freedom,120 Coral,5.0,24.0,52.0,Carpet,Synthetic,
CA18420LAN,Lano,Freedom 190 Malt Chocolate (4 M),Freedom,190 Malt Chocolate,4.0,24.0,52.0,Carpet,Synthetic,
CA25157LAN,Lano,Freedom 190 Malt Chocolate (5 M),Freedom,190 Malt Chocolate,5.0,24.0,52.0,Carpet,Synthetic,
CA14657LAN,Lano,Freedom 221 Shoreline (4 M),Freedom,221 Shoreline,4.0,24.0,52.0,Carpet,Synthetic,
CA66240LAN,Lano,Freedom 221 Shoreline (5 M),Freedom,221 Shoreline,5.0,24.0,52.0,Carpet,Synthetic,
CA70179LAN,Lano,Freedom 251 Oatmeal (4 M),Freedom,251 Oatmeal,4.0,24.0,52.0,Carpet,Synthetic,
CA62252LAN,Lano,Freedom 251 Oatmeal (5 M),Freedom,251 Oatmeal,5.0,24.0,52.0,Carpet,Synthetic,
CA72905LAN,Lano,Freedom 312 Rust 2 (4 M),Freedom,312 Rust 2,4.0,24.0,52.0,Carpet,Synthetic,
CA82593LAN,Lano,Freedom 312 Rust 2 (5 M),Freedom,312 Rust 2,5.0,24.0,52.0,Carpet,Synthetic,
CA28254LAN,Lano,Freedom 332 Apricot 2 (4 M),Freedom,332 Apricot 2,4.0,24.0,52.0,Carpet,Synthetic,
CA70803LAN,Lano,Freedom 332 Apricot 2 (5 M),Freedom,332 Apricot 2,5.0,24.0,52.0,Carpet,Synthetic,
CA48177LAN,Lano,Freedom 371 Gold Leaf 1 (4 M),Freedom,371 Gold Leaf 1,4.0,24.0,52.0,Carpet,Synthetic,
CA94798LAN,Lano,Freedom 371 Gold Leaf 1 (5 M),Freedom,371 Gold Leaf 1,5.0,24.0,52.0,Carpet,Synthetic,
CA44814LAN,Lano,Freedom 430 Bamboo Mat (4 M),Freedom,430 Bamboo Mat,4.0,24.0,52.0,Carpet,Synthetic,
CA30653LAN,Lano,Freedom 430 Bamboo Mat (5 M),Freedom,430 Bamboo Mat,5.0,24.0,52.0,Carpet,Synthetic,
CA95999LAN,Lano,Freedom 451 Faux Pearl (4 M),Freedom,451 Faux Pearl,4.0,24.0,52.0,Carpet,Synthetic,
CA43412LAN,Lano,Freedom 451 Faux Pearl (5 M),Freedom,451 Faux Pearl,5.0,24.0,52.0,Carpet,Synthetic,
CA44675LAN,Lano,Freedom 460 Hazelnut (4 M),Freedom,460 Hazelnut,4.0,24.0,52.0,Carpet,Synthetic,
CA81257LAN,Lano,Freedom 460 Hazelnut (5 M),Freedom,460 Hazelnut,5.0,24.0,52.0,Carpet,Synthetic,
CA68732LAN,Lano,Freedom 470 Chestnut (4 M),Freedom,470 Chestnut,4.0,24.0,52.0,Carpet,Synthetic,
CA55534LAN,Lano,Freedom 470 Chestnut (5 M),Freedom,470 Chestnut,5.0,24.0,52.0,Carpet,Synthetic,
CA77430LAN,Lano,Freedom 611 Ivy 1 (4 M),Freedom,611 Ivy 1,4.0,24.0,52.0,Carpet,Synthetic,
CA71625LAN,Lano,Freedom 611 Ivy 1 (5 M),Freedom,611 Ivy 1,5.0,24.0,52.0,Carpet,Synthetic,
CA81478LAN,Lano,Freedom 692 Satin Jade 2 (4 M),Freedom,692 Satin Jade 2,4.0,24.0,52.0,Carpet,Synthetic,
CA28835LAN,Lano,Freedom 692 Satin Jade 2 (5 M),Freedom,692 Satin Jade 2,5.0,24.0,52.0,Carpet,Synthetic,
CA52378LAN,Lano,Freedom 712 Atlantic 2 (4 M),Freedom,712 Atlantic 2,4.0,24.0,52.0,Carpet,Synthetic,
CA48375LAN,Lano,Freedom 712 Atlantic 2 (5 M),Freedom,712 Atlantic 2,5.0,24.0,52.0,Carpet,Synthetic,
CA99726LAN,Lano,Freedom 761 Summer Sky (4 M),Freedom,761 Summer Sky,4.0,24.0,52.0,Carpet,Synthetic,
CA37161LAN,Lano,Freedom 761 Summer Sky (5 M),Freedom,761 Summer Sky,5.0,24.0,52.0,Carpet,Synthetic,
CA72393LAN,Lano,Freedom 781 Steel 1 (4 M),Freedom,781 Steel 1,4.0,24.0,52.0,Carpet,Synthetic,
CA30339LAN,Lano,Freedom 781 Steel 1 (5 M),Freedom,781 Steel 1,5.0,24.0,52.0,Carpet,Synthetic,
CA57239LAN,Lano,Freedom 820 Domino (4 M),Freedom,820 Domino,4.0,24.0,52.0,Carpet,Synthetic,
CA62178LAN,Lano,Freedom 820 Domino (5 M),Freedom,820 Domino,5.0,24.0,52.0,Carpet,Synthetic,
CA71206LAN,Lano,Freedom 830 Elephant (4 M),Freedom,830 Elephant,4.0,24.0,52.0,Carpet,Synthetic,
CA60684LAN,Lano,Freedom 830 Elephant (5 M),Freedom,830 Elephant,5.0,24.0,52.0,Carpet,Synthetic,
CA54770LAN,Lano,Freedom 841 Dolphin (4 M),Freedom,841 Dolphin,4.0,24.0,52.0,Carpet,Synthetic,
CA56519LAN,Lano,Freedom 841 Dolphin (5 M),Freedom,841 Dolphin,5.0,24.0,52.0,Carpet,Synthetic,
CA22763LAN,Lano,Freedom 850 Urban Obsession (4 M),Freedom,850 Urban Obsession,4.0,24.0,52.0,Carpet,Synthetic,
CA36910LAN,Lano,Freedom 850 Urban Obsession (5 M),Freedom,850 Urban Obsession,5.0,24.0,52.0,Carpet,Synthetic,
CA59710LAN,Lano,Freedom 871 Carved Stone (4 M),Freedom,871 Carved Stone,4.0,24.0,52.0,Carpet,Synthetic,
CA34616LAN,Lano,Freedom 871 Carved Stone (5 M),Freedom,871 Carved Stone,5.0,24.0,52.0,Carpet,Synthetic,
CA95669LAN,Lano,Freedom 880 Egyptian Cotton (4 M),Freedom,880 Egyptian Cotton,4.0,24.0,52.0,Carpet,Synthetic,
CA88239LAN,Lano,Freedom 880 Egyptian Cotton (5 M),Freedom,880 Egyptian Cotton,5.0,24.0,52.0,Carpet,Synthetic,
CA98409LAN,Lano,Freedom 890 Ivory (4 M),Freedom,890 Ivory,4.0,24.0,52.0,Carpet,Synthetic,
CA32751LAN,Lano,Freedom 890 Ivory (5 M),Freedom,890 Ivory,5.0,24.0,52.0,Carpet,Synthetic,
CA47889LAN,Lano,Incasa 090 Aubergine (4 M),Incasa,090 Aubergine,4.0,22.0,48.0,Carpet,Synthetic,
CA88485LAN,Lano,Incasa 090 Aubergine (5 M),Incasa,090 Aubergine,5.0,22.0,48.0,Carpet,Synthetic,
CA88871LAN,Lano,Incasa 170 Salmon (4 M),Incasa,170 Salmon,4.0,22.0,48.0,Carpet,Synthetic,
CA23551LAN,Lano,Incasa 170 Salmon (5 M),Incasa,170 Salmon,5.0,22.0,48.0,Carpet,Synthetic,
CA21546LAN,Lano,Incasa 240 Cream (4 M),Incasa,240 Cream,4.0,22.0,48.0,Carpet,Synthetic,
CA86390LAN,Lano,Incasa 240 Cream (5 M),Incasa,240 Cream,5.0,22.0,48.0,Carpet,Synthetic,
CA11885LAN,Lano,Incasa 250 Magnolia (4 M),Incasa,250 Magnolia,4.0,22.0,48.0,Carpet,Synthetic,
CA53056LAN,Lano,Incasa 250 Magnolia (5 M),Incasa,250 Magnolia,5.0,22.0,48.0,Carpet,Synthetic,
CA36924LAN,Lano,Incasa 260 Camel (4 M),Incasa,260 Camel,4.0,22.0,48.0,Carpet,Synthetic,
CA54734LAN,Lano,Incasa 260 Camel (5 M),Incasa,260 Camel,5.0,22.0,48.0,Carpet,Synthetic,
CA25662LAN,Lano,Incasa 270 Almond (4 M),Incasa,270 Almond,4.0,22.0,48.0,Carpet,Synthetic,
CA31752LAN,Lano,Incasa 270 Almond (5 M),Incasa,270 Almond,5.0,22.0,48.0,Carpet,Synthetic,
CA80082LAN,Lano,Incasa 540 Curry (4 M),Incasa,540 Curry,4.0,22.0,48.0,Carpet,Synthetic,
CA17260LAN,Lano,Incasa 540 Curry (5 M),Incasa,540 Curry,5.0,22.0,48.0,Carpet,Synthetic,
CA30740LAN,Lano,Incasa 710 Atlantic (4 M),Incasa,710 Atlantic,4.0,22.0,48.0,Carpet,Synthetic,
CA70275LAN,Lano,Incasa 710 Atlantic (5 M),Incasa,710 Atlantic,5.0,22.0,48.0,Carpet,Synthetic,
CA97802LAN,Lano,Incasa 720 Blue Cape (4 M),Incasa,720 Blue Cape,4.0,22.0,48.0,Carpet,Synthetic,
CA56497LAN,Lano,Incasa 720 Blue Cape (5 M),Incasa,720 Blue Cape,5.0,22.0,48.0,Carpet,Synthetic,
CA21152LAN,Lano,Incasa 740 Ocean (4 M),Incasa,740 Ocean,4.0,22.0,48.0,Carpet,Synthetic,
CA33760LAN,Lano,Incasa 740 Ocean (5 M),Incasa,740 Ocean,5.0,22.0,48.0,Carpet,Synthetic,
CA94239LAN,Lano,Incasa 810 Charcoal (4 M),Incasa,810 Charcoal,4.0,22.0,48.0,Carpet,Synthetic,
CA30176LAN,Lano,Incasa 810 Charcoal (5 M),Incasa,810 Charcoal,5.0,22.0,48.0,Carpet,Synthetic,
CA32065LAN,Lano,Incasa 820 Slate (4 M),Incasa,820 Slate,4.0,22.0,48.0,Carpet,Synthetic,
CA99427LAN,Lano,Incasa 820 Slate (5 M),Incasa,820 Slate,5.0,22.0,48.0,Carpet,Synthetic,
CA46368LAN,Lano,Incasa 850 Moonbeam (4 M),Incasa,850 Moonbeam,4.0,22.0,48.0,Carpet,Synthetic,
CA83156LAN,Lano,Incasa 850 Moonbeam (5 M),Incasa,850 Moonbeam,5.0,22.0,48.0,Carpet,Synthetic,
CA40608LAN,Lano,Incasa 880 Pearl (4 M),Incasa,880 Pearl,4.0,22.0,48.0,Carpet,Synthetic,
CA44654LAN,Lano,Incasa 880 Pearl (5 M),Incasa,880 Pearl,5.0,22.0,48.0,Carpet,Synthetic,
CA55762LAN,Lano,Lior 060 Heather (4 M),Lior,060 Heather,4.0,26.4,54.0,Carpet,Synthetic,
CA82686LAN,Lano,Lior 060 Heather (5 M),Lior,060 Heather,5.0,26.4,54.0,Carpet,Synthetic,
CA94332LAN,Lano,Lior 120 Coral (4 M),Lior,120 Coral,4.0,26.4,54.0,Carpet,Synthetic,
CA50383LAN,Lano,Lior 120 Coral (5 M),Lior,120 Coral,5.0,26.4,54.0,Carpet,Synthetic,
CA21387LAN,Lano,Lior 150 Sahara (4 M),Lior,150 Sahara,4.0,26.4,54.0,Carpet,Synthetic,
CA29306LAN,Lano,Lior 150 Sahara (5 M),Lior,150 Sahara,5.0,26.4,54.0,Carpet,Synthetic,
CA88277LAN,Lano,Lior 160 Muscat (4 M),Lior,160 Muscat,4.0,26.4,54.0,Carpet,Synthetic,
CA93050LAN,Lano,Lior 160 Muscat (5 M),Lior,160 Muscat,5.0,26.4,54.0,Carpet,Synthetic,
CA70754LAN,Lano,Lior 210 Tobacco (4 M),Lior,210 Tobacco,4.0,26.4,54.0,Carpet,Synthetic,
CA32335LAN,Lano,Lior 210 Tobacco (5 M),Lior,210 Tobacco,5.0,26.4,54.0,Carpet,Synthetic,
CA46380LAN,Lano,Lior 240 Cream (4 M),Lior,240 Cream,4.0,26.4,54.0,Carpet,Synthetic,
CA64911LAN,Lano,Lior 240 Cream (5 M),Lior,240 Cream,5.0,26.4,54.0,Carpet,Synthetic,
CA27390LAN,Lano,Lior 250 Magnolia (4 M),Lior,250 Magnolia,4.0,26.4,54.0,Carpet,Synthetic,
CA34607LAN,Lano,Lior 250 Magnolia (5 M),Lior,250 Magnolia,5.0,26.4,54.0,Carpet,Synthetic,
CA28917LAN,Lano,Lior 260 Camel (4 M),Lior,260 Camel,4.0,26.4,54.0,Carpet,Synthetic,
CA46154LAN,Lano,Lior 260 Camel (5 M),Lior,260 Camel,5.0,26.4,54.0,Carpet,Synthetic,
CA16852LAN,Lano,Lior 380 Bronze (4 M),Lior,380 Bronze,4.0,26.4,54.0,Carpet,Synthetic,
CA78437LAN,Lano,Lior 380 Bronze (5 M),Lior,380 Bronze,5.0,26.4,54.0,Carpet,Synthetic,
CA18850LAN,Lano,Lior 480 Barley (4 M),Lior,480 Barley,4.0,26.4,54.0,Carpet,Synthetic,
CA99581LAN,Lano,Lior 480 Barley (5 M),Lior,480 Barley,5.0,26.4,54.0,Carpet,Synthetic,
CA69743LAN,Lano,Lior 610 Ivy (4 M),Lior,610 Ivy,4.0,26.4,54.0,Carpet,Synthetic,
CA47963LAN,Lano,Lior 610 Ivy (5 M),Lior,610 Ivy,5.0,26.4,54.0,Carpet,Synthetic,
CA28583LAN,Lano,Lior 720 Blue Cape (4 M),Lior,720 Blue Cape,4.0,26.4,54.0,Carpet,Synthetic,
CA53754LAN,Lano,Lior 720 Blue Cape (5 M),Lior,720 Blue Cape,5.0,26.4,54.0,Carpet,Synthetic,
CA44716LAN,Lano,Lior 740 Ocean (4 M),Lior,740 Ocean,4.0,26.4,54.0,Carpet,Synthetic,
CA26663LAN,Lano,Lior 740 Ocean (5 M),Lior,740 Ocean,5.0,26.4,54.0,Carpet,Synthetic,
CA98216LAN,Lano,Lior 770 Sapphire (4 M),Lior,770 Sapphire,4.0,26.4,54.0,Carpet,Synthetic,
CA37773LAN,Lano,Lior 770 Sapphire (5 M),Lior,770 Sapphire,5.0,26.4,54.0,Carpet,Synthetic,
CA75915LAN,Lano,Lior 810 Charcoal (4 M),Lior,810 Charcoal,4.0,26.4,54.0,Carpet,Synthetic,
CA55172LAN,Lano,Lior 810 Charcoal (5 M),Lior,810 Charcoal,5.0,26.4,54.0,Carpet,Synthetic,
CA24510LAN,Lano,Lior 820 Slate (4 M),Lior,820 Slate,4.0,26.4,54.0,Carpet,Synthetic,
CA64184LAN,Lano,Lior 820 Slate (5 M),Lior,820 Slate,5.0,26.4,54.0,Carpet,Synthetic,
CA34103LAN,Lano,Lior 840 Moonshine (4 M),Lior,840 Moonshine,4.0,26.4,54.0,Carpet,Synthetic,
CA49766LAN,Lano,Lior 840 Moonshine (5 M),Lior,840 Moonshine,5.0,26.4,54.0,Carpet,Synthetic,
CA66426LAN,Lano,Lior 860 Granite (4 M),Lior,860 Granite,4.0,26.4,54.0,Carpet,Synthetic,
CA43415LAN,Lano,Lior 860 Granite (5 M),Lior,860 Granite,5.0,26.4,54.0,Carpet,Synthetic,
CA77771LAN,Lano,Lior 870 Silver (4 M),Lior,870 Silver,4.0,26.4,54.0,Carpet,Synthetic,
CA63567LAN,Lano,Lior 870 Silver (5 M),Lior,870 Silver,5.0,26.4,54.0,Carpet,Synthetic,
CA72674LAN,Lano,Lior 880 Pearl (4 M),Lior,880 Pearl,4.0,26.4,54.0,Carpet,Synthetic,
CA29681LAN,Lano,Lior 880 Pearl (5 M),Lior,880 Pearl,5.0,26.4,54.0,Carpet,Synthetic,
CA65184LAN,Lano,Lior 890 Snow (4 M),Lior,890 Snow,4.0,26.4,54.0,Carpet,Synthetic,
CA37762LAN,Lano,Lior 890 Snow (5 M),Lior,890 Snow,5.0,26.4,54.0,Carpet,Synthetic,
CA99156LAN,Lano,Loft Life Grand 080 Purple (4 M),Loft Life Grand,080 Purple,4.0,24.0,52.0,Carpet,Synthetic,
CA49793LAN,Lano,Loft Life Grand 080 Purple (5 M),Loft Life Grand,080 Purple,5.0,24.0,52.0,Carpet,Synthetic,
CA29300LAN,Lano,Loft Life Grand 170 Salmon (4 M),Loft Life Grand,170 Salmon,4.0,24.0,52.0,Carpet,Synthetic,
CA97706LAN,Lano,Loft Life Grand 170 Salmon (5 M),Loft Life Grand,170 Salmon,5.0,24.0,52.0,Carpet,Synthetic,
CA87834LAN,Lano,Loft Life Grand 180 Rum (4 M),Loft Life Grand,180 Rum,4.0,24.0,52.0,Carpet,Synthetic,
CA47905LAN,Lano,Loft Life Grand 180 Rum (5 M),Loft Life Grand,180 Rum,5.0,24.0,52.0,Carpet,Synthetic,
CA78031LAN,Lano,Loft Life Grand 260 Camel (4 M),Loft Life Grand,260 Camel,4.0,24.0,52.0,Carpet,Synthetic,
CA73649LAN,Lano,Loft Life Grand 260 Camel (5 M),Loft Life Grand,260 Camel,5.0,24.0,52.0,Carpet,Synthetic,
CA88791LAN,Lano,Loft Life Grand 410 Leather (4 M),Loft Life Grand,410 Leather,4.0,24.0,52.0,Carpet,Synthetic,
CA24635LAN,Lano,Loft Life Grand 410 Leather (5 M),Loft Life Grand,410 Leather,5.0,24.0,52.0,Carpet,Synthetic,
CA63017LAN,Lano,Loft Life Grand 430 Bamboo Mat (4 M),Loft Life Grand,430 Bamboo Mat,4.0,24.0,52.0,Carpet,Synthetic,
CA23357LAN,Lano,Loft Life Grand 430 Bamboo Mat (5 M),Loft Life Grand,430 Bamboo Mat,5.0,24.0,52.0,Carpet,Synthetic,
CA24195LAN,Lano,Loft Life Grand 440 Ivory (4 M),Loft Life Grand,440 Ivory,4.0,24.0,52.0,Carpet,Synthetic,
CA31088LAN,Lano,Loft Life Grand 440 Ivory (5 M),Loft Life Grand,440 Ivory,5.0,24.0,52.0,Carpet,Synthetic,
CA96214LAN,Lano,Loft Life Grand 780 Steel (4 M),Loft Life Grand,780 Steel,4.0,24.0,52.0,Carpet,Synthetic,
CA99089LAN,Lano,Loft Life Grand 780 Steel (5 M),Loft Life Grand,780 Steel,5.0,24.0,52.0,Carpet,Synthetic,
CA13799LAN,Lano,Loft Life Grand 810 Charcoal (4 M),Loft Life Grand,810 Charcoal,4.0,24.0,52.0,Carpet,Synthetic,
CA40531LAN,Lano,Loft Life Grand 810 Charcoal (5 M),Loft Life Grand,810 Charcoal,5.0,24.0,52.0,Carpet,Synthetic,
CA69398LAN,Lano,Loft Life Grand 840 Moonshine (4 M),Loft Life Grand,840 Moonshine,4.0,24.0,52.0,Carpet,Synthetic,
CA18889LAN,Lano,Loft Life Grand 840 Moonshine (5 M),Loft Life Grand,840 Moonshine,5.0,24.0,52.0,Carpet,Synthetic,
CA76106LAN,Lano,Loft Life Grand 870 Silver (4 M),Loft Life Grand,870 Silver,4.0,24.0,52.0,Carpet,Synthetic,
CA26882LAN,Lano,Loft Life Grand 870 Silver (5 M),Loft Life Grand,870 Silver,5.0,24.0,52.0,Carpet,Synthetic,
CA33135LAN,Lano,Loft Life Grand 880 Pearl (4 M),Loft Life Grand,880 Pearl,4.0,24.0,52.0,Carpet,Synthetic,
CA74745LAN,Lano,Loft Life Grand 880 Pearl (5 M),Loft Life Grand,880 Pearl,5.0,24.0,52.0,Carpet,Synthetic,
CA98486LAN,Lano,Loft Life Pure 080 Purple (4 M),Loft Life Pure,080 Purple,4.0,24.0,52.0,Carpet,Synthetic,
CA85081LAN,Lano,Loft Life Pure 080 Purple (5 M),Loft Life Pure,080 Purple,5.0,24.0,52.0,Carpet,Synthetic,
CA72196LAN,Lano,Loft Life Pure 170 Salmon (4 M),Loft Life Pure,170 Salmon,4.0,24.0,52.0,Carpet,Synthetic,
CA34948LAN,Lano,Loft Life Pure 170 Salmon (5 M),Loft Life Pure,170 Salmon,5.0,24.0,52.0,Carpet,Synthetic,
CA72792LAN,Lano,Loft Life Pure 180 Rum (4 M),Loft Life Pure,180 Rum,4.0,24.0,52.0,Carpet,Synthetic,
CA84074LAN,Lano,Loft Life Pure 180 Rum (5 M),Loft Life Pure,180 Rum,5.0,24.0,52.0,Carpet,Synthetic,
CA55344LAN,Lano,Loft Life Pure 260 Camel (4 M),Loft Life Pure,260 Camel,4.0,24.0,52.0,Carpet,Synthetic,
CA62598LAN,Lano,Loft Life Pure 260 Camel (5 M),Loft Life Pure,260 Camel,5.0,24.0,52.0,Carpet,Synthetic,
CA93703LAN,Lano,Loft Life Pure 410 Leather (4 M),Loft Life Pure,410 Leather,4.0,24.0,52.0,Carpet,Synthetic,
CA29920LAN,Lano,Loft Life Pure 410 Leather (5 M),Loft Life Pure,410 Leather,5.0,24.0,52.0,Carpet,Synthetic,
CA35183LAN,Lano,Loft Life Pure 430 Bamboo Mat (4 M),Loft Life Pure,430 Bamboo Mat,4.0,24.0,52.0,Carpet,Synthetic,
CA13795LAN,Lano,Loft Life Pure 430 Bamboo Mat (5 M),Loft Life Pure,430 Bamboo Mat,5.0,24.0,52.0,Carpet,Synthetic,
CA65189LAN,Lano,Loft Life Pure 440 Ivory (4 M),Loft Life Pure,440 Ivory,4.0,24.0,52.0,Carpet,Synthetic,
CA51794LAN,Lano,Loft Life Pure 440 Ivory (5 M),Loft Life Pure,440 Ivory,5.0,24.0,52.0,Carpet,Synthetic,
CA68415LAN,Lano,Loft Life Pure 780 Steel (4 M),Loft Life Pure,780 Steel,4.0,24.0,52.0,Carpet,Synthetic,
CA94898LAN,Lano,Loft Life Pure 780 Steel (5 M),Loft Life Pure,780 Steel,5.0,24.0,52.0,Carpet,Synthetic,
CA32237LAN,Lano,Loft Life Pure 810 Charcoal (4 M),Loft Life Pure,810 Charcoal,4.0,24.0,52.0,Carpet,Synthetic,
CA99527LAN,Lano,Loft Life Pure 810 Charcoal (5 M),Loft Life Pure,810 Charcoal,5.0,24.0,52.0,Carpet,Synthetic,
CA44072LAN,Lano,Loft Life Pure 840 Moonshine (4 M),Loft Life Pure,840 Moonshine,4.0,24.0,52.0,Carpet,Synthetic,
CA31400LAN,Lano,Loft Life Pure 840 Moonshine (5 M),Loft Life Pure,840 Moonshine,5.0,24.0,52.0,Carpet,Synthetic,
CA37256LAN,Lano,Loft Life Pure 870 Silver (4 M),Loft Life Pure,870 Silver,4.0,24.0,52.0,Carpet,Synthetic,
CA48453LAN,Lano,Loft Life Pure 870 Silver (5 M),Loft Life Pure,870 Silver,5.0,24.0,52.0,Carpet,Synthetic,
CA90396LAN,Lano,Loft Life Pure 880 Pearl (4 M),Loft Life Pure,880 Pearl,4.0,24.0,52.0,Carpet,Synthetic,
CA96427LAN,Lano,Loft Life Pure 880 Pearl (5 M),Loft Life Pure,880 Pearl,5.0,24.0,52.0,Carpet,Synthetic,
CA68188LAN,Lano,Loft Life Sweet 080 Purple (4 M),Loft Life Sweet,080 Purple,4.0,24.0,52.0,Carpet,Synthetic,
CA93348LAN,Lano,Loft Life Sweet 080 Purple (5 M),Loft Life Sweet,080 Purple,5.0,24.0,52.0,Carpet,Synthetic,
CA97169LAN,Lano,Loft Life Sweet 170 Salmon (4 M),Loft Life Sweet,170 Salmon,4.0,24.0,52.0,Carpet,Synthetic,
CA68126LAN,Lano,Loft Life Sweet 170 Salmon (5 M),Loft Life Sweet,170 Salmon,5.0,24.0,52.0,Carpet,Synthetic,
CA60442LAN,Lano,Loft Life Sweet 180 Rum (4 M),Loft Life Sweet,180 Rum,4.0,24.0,52.0,Carpet,Synthetic,
CA98112LAN,Lano,Loft Life Sweet 180 Rum (5 M),Loft Life Sweet,180 Rum,5.0,24.0,52.0,Carpet,Synthetic,
CA58867LAN,Lano,Loft Life Sweet 260 Camel (4 M),Loft Life Sweet,260 Camel,4.0,24.0,52.0,Carpet,Synthetic,
CA66502LAN,Lano,Loft Life Sweet 260 Camel (5 M),Loft Life Sweet,260 Camel,5.0,24.0,52.0,Carpet,Synthetic,
CA31698LAN,Lano,Loft Life Sweet 410 Leather (4 M),Loft Life Sweet,410 Leather,4.0,24.0,52.0,Carpet,Synthetic,
CA91648LAN,Lano,Loft Life Sweet 410 Leather (5 M),Loft Life Sweet,410 Leather,5.0,24.0,52.0,Carpet,Synthetic,
CA23240LAN,Lano,Loft Life Sweet 430 Bamboo Mat (4 M),Loft Life Sweet,430 Bamboo Mat,4.0,24.0,52.0,Carpet,Synthetic,
CA34135LAN,Lano,Loft Life Sweet 430 Bamboo Mat (5 M),Loft Life Sweet,430 Bamboo Mat,5.0,24.0,52.0,Carpet,Synthetic,
CA80456LAN,Lano,Loft Life Sweet 440 Ivory (4 M),Loft Life Sweet,440 Ivory,4.0,24.0,52.0,Carpet,Synthetic,
CA71592LAN,Lano,Loft Life Sweet 440 Ivory (5 M),Loft Life Sweet,440 Ivory,5.0,24.0,52.0,Carpet,Synthetic,
CA84013LAN,Lano,Loft Life Sweet 780 Steel (4 M),Loft Life Sweet,780 Steel,4.0,24.0,52.0,Carpet,Synthetic,
CA82736LAN,Lano,Loft Life Sweet 780 Steel (5 M),Loft Life Sweet,780 Steel,5.0,24.0,52.0,Carpet,Synthetic,
CA30317LAN,Lano,Loft Life Sweet 810 Charcoal (4 M),Loft Life Sweet,810 Charcoal,4.0,24.0,52.0,Carpet,Synthetic,
CA50023LAN,Lano,Loft Life Sweet 810 Charcoal (5 M),Loft Life Sweet,810 Charcoal,5.0,24.0,52.0,Carpet,Synthetic,
CA98748LAN,Lano,Loft Life Sweet 840 Moonshine (4 M),Loft Life Sweet,840 Moonshine,4.0,24.0,52.0,Carpet,Synthetic,
CA17288LAN,Lano,Loft Life Sweet 840 Moonshine (5 M),Loft Life Sweet,840 Moonshine,5.0,24.0,52.0,Carpet,Synthetic,
CA68970LAN,Lano,Loft Life Sweet 870 Silver (4 M),Loft Life Sweet,870 Silver,4.0,24.0,52.0,Carpet,Synthetic,
CA21775LAN,Lano,Loft Life Sweet 870 Silver (5 M),Loft Life Sweet,870 Silver,5.0,24.0,52.0,Carpet,Synthetic,
CA49282LAN,Lano,Loft Life Sweet 880 Pearl (4 M),Loft Life Sweet,880 Pearl,4.0,24.0,52.0,Carpet,Synthetic,
CA85656LAN,Lano,Loft Life Sweet 880 Pearl (5 M),Loft Life Sweet,880 Pearl,5.0,24.0,52.0,Carpet,Synthetic,
CA56852LAN,Lano,Patina 080 Purple (4 M),Patina,080 Purple,4.0,20.8,45.0,Carpet,Synthetic,
CA95060LAN,Lano,Patina 080 Purple (5 M),Patina,080 Purple,5.0,20.8,45.0,Carpet,Synthetic,
CA19924LAN,Lano,Patina 240 Cream (4 M),Patina,240 Cream,4.0,20.8,45.0,Carpet,Synthetic,
CA85975LAN,Lano,Patina 240 Cream (5 M),Patina,240 Cream,5.0,20.8,45.0,Carpet,Synthetic,
CA32951LAN,Lano,Patina 330 Apricot (4 M),Patina,330 Apricot,4.0,20.8,45.0,Carpet,Synthetic,
CA58782LAN,Lano,Patina 330 Apricot (5 M),Patina,330 Apricot,5.0,20.8,45.0,Carpet,Synthetic,
CA88880LAN,Lano,Patina 370 Gold Leaf (4 M),Patina,370 Gold Leaf,4.0,20.8,45.0,Carpet,Synthetic,
CA11888LAN,Lano,Patina 370 Gold Leaf (5 M),Patina,370 Gold Leaf,5.0,20.8,45.0,Carpet,Synthetic,
CA84433LAN,Lano,Patina 420 Cornstalk (4 M),Patina,420 Cornstalk,4.0,20.8,45.0,Carpet,Synthetic,
CA83185LAN,Lano,Patina 420 Cornstalk (5 M),Patina,420 Cornstalk,5.0,20.8,45.0,Carpet,Synthetic,
CA43135LAN,Lano,Patina 430 Bamboo Mat (4 M),Patina,430 Bamboo Mat,4.0,20.8,45.0,Carpet,Synthetic,
CA54482LAN,Lano,Patina 430 Bamboo Mat (5 M),Patina,430 Bamboo Mat,5.0,20.8,45.0,Carpet,Synthetic,
CA19883LAN,Lano,Patina 440 Ivory (4 M),Patina,440 Ivory,4.0,20.8,45.0,Carpet,Synthetic,
CA50686LAN,Lano,Patina 440 Ivory (5 M),Patina,440 Ivory,5.0,20.8,45.0,Carpet,Synthetic,
CA93924LAN,Lano,Patina 590 Moss (4 M),Patina,590 Moss,4.0,20.8,45.0,Carpet,Synthetic,
CA72651LAN,Lano,Patina 590 Moss (5 M),Patina,590 Moss,5.0,20.8,45.0,Carpet,Synthetic,
CA44156LAN,Lano,Patina 750 Sky (4 M),Patina,750 Sky,4.0,20.8,45.0,Carpet,Synthetic,
CA73358LAN,Lano,Patina 750 Sky (5 M),Patina,750 Sky,5.0,20.8,45.0,Carpet,Synthetic,
CA70476LAN,Lano,Patina 780 Steel (4 M),Patina,780 Steel,4.0,20.8,45.0,Carpet,Synthetic,
CA79902LAN,Lano,Patina 780 Steel (5 M),Patina,780 Steel,5.0,20.8,45.0,Carpet,Synthetic,
CA57608LAN,Lano,Patina 810 Charcoal (4 M),Patina,810 Charcoal,4.0,20.8,45.0,Carpet,Synthetic,
CA64356LAN,Lano,Patina 810 Charcoal (5 M),Patina,810 Charcoal,5.0,20.8,45.0,Carpet,Synthetic,
CA44131LAN,Lano,Patina 830 Ash (4 M),Patina,830 Ash,4.0,20.8,45.0,Carpet,Synthetic,
CA86067LAN,Lano,Patina 830 Ash (5 M),Patina,830 Ash,5.0,20.8,45.0,Carpet,Synthetic,
CA11933LAN,Lano,Patina 850 Moonbeam (4 M),Patina,850 Moonbeam,4.0,20.8,45.0,Carpet,Synthetic,
CA30944LAN,Lano,Patina 850 Moonbeam (5 M),Patina,850 Moonbeam,5.0,20.8,45.0,Carpet,Synthetic,
CA90597LAN,Lano,Patina 860 Granite (4 M),Patina,860 Granite,4.0,20.8,45.0,Carpet,Synthetic,
CA13027LAN,Lano,Patina 860 Granite (5 M),Patina,860 Granite,5.0,20.8,45.0,Carpet,Synthetic,
CA28373LAN,Lano,Pleasure 020 Lavender (4 M),Pleasure,020 Lavender,4.0,35.1,67.0,Carpet,Synthetic,
CA35514LAN,Lano,Pleasure 020 Lavender (5 M),Pleasure,020 Lavender,5.0,35.1,67.0,Carpet,Synthetic,
CA83824LAN,Lano,Pleasure 040 Anemone (4 M),Pleasure,040 Anemone,4.0,35.1,67.0,Carpet,Synthetic,
CA45818LAN,Lano,Pleasure 040 Anemone (5 M),Pleasure,040 Anemone,5.0,35.1,67.0,Carpet,Synthetic,
CA49114LAN,Lano,Pleasure 180 Rum (4 M),Pleasure,180 Rum,4.0,35.1,67.0,Carpet,Synthetic,
CA71367LAN,Lano,Pleasure 180 Rum (5 M),Pleasure,180 Rum,5.0,35.1,67.0,Carpet,Synthetic,
CA15037LAN,Lano,Pleasure 220 Acorn (4 M),Pleasure,220 Acorn,4.0,35.1,67.0,Carpet,Synthetic,
CA43054LAN,Lano,Pleasure 220 Acorn (5 M),Pleasure,220 Acorn,5.0,35.1,67.0,Carpet,Synthetic,
CA58471LAN,Lano,Pleasure 240 Cream (4 M),Pleasure,240 Cream,4.0,35.1,67.0,Carpet,Synthetic,
CA74720LAN,Lano,Pleasure 240 Cream (5 M),Pleasure,240 Cream,5.0,35.1,67.0,Carpet,Synthetic,
CA90314LAN,Lano,Pleasure 250 Magnolia (4 M),Pleasure,250 Magnolia,4.0,35.1,67.0,Carpet,Synthetic,
CA91270LAN,Lano,Pleasure 250 Magnolia (5 M),Pleasure,250 Magnolia,5.0,35.1,67.0,Carpet,Synthetic,
CA53137LAN,Lano,Pleasure 260 Camel (4 M),Pleasure,260 Camel,4.0,35.1,67.0,Carpet,Synthetic,
CA62759LAN,Lano,Pleasure 260 Camel (5 M),Pleasure,260 Camel,5.0,35.1,67.0,Carpet,Synthetic,
CA44361LAN,Lano,Pleasure 620 Savanna (4 M),Pleasure,620 Savanna,4.0,35.1,67.0,Carpet,Synthetic,
CA58546LAN,Lano,Pleasure 620 Savanna (5 M),Pleasure,620 Savanna,5.0,35.1,67.0,Carpet,Synthetic,
CA91773LAN,Lano,Pleasure 760 Wedgwood (4 M),Pleasure,760 Wedgwood,4.0,35.1,67.0,Carpet,Synthetic,
CA23923LAN,Lano,Pleasure 760 Wedgwood (5 M),Pleasure,760 Wedgwood,5.0,35.1,67.0,Carpet,Synthetic,
CA59314LAN,Lano,Pleasure 780 Steel (4 M),Pleasure,780 Steel,4.0,35.1,67.0,Carpet,Synthetic,
CA83152LAN,Lano,Pleasure 780 Steel (5 M),Pleasure,780 Steel,5.0,35.1,67.0,Carpet,Synthetic,
CA55078LAN,Lano,Pleasure 810 Charcoal (4 M),Pleasure,810 Charcoal,4.0,35.1,67.0,Carpet,Synthetic,
CA66252LAN,Lano,Pleasure 810 Charcoal (5 M),Pleasure,810 Charcoal,5.0,35.1,67.0,Carpet,Synthetic,
CA23065LAN,Lano,Pleasure 820 Slate (4 M),Pleasure,820 Slate,4.0,35.1,67.0,Carpet,Synthetic,
CA20846LAN,Lano,Pleasure 820 Slate (5 M),Pleasure,820 Slate,5.0,35.1,67.0,Carpet,Synthetic,
CA97761LAN,Lano,Pleasure 830 Ash (4 M),Pleasure,830 Ash,4.0,35.1,67.0,Carpet,Synthetic,
CA61721LAN,Lano,Pleasure 830 Ash (5 M),Pleasure,830 Ash,5.0,35.1,67.0,Carpet,Synthetic,
CA39857LAN,Lano,Pleasure 840 Moonshine (4 M),Pleasure,840 Moonshine,4.0,35.1,67.0,Carpet,Synthetic,
CA40197LAN,Lano,Pleasure 840 Moonshine (5 M),Pleasure,840 Moonshine,5.0,35.1,67.0,Carpet,Synthetic,
CA69653LAN,Lano,Pleasure 860 Granite (4 M),Pleasure,860 Granite,4.0,35.1,67.0,Carpet,Synthetic,
CA29988LAN,Lano,Pleasure 860 Granite (5 M),Pleasure,860 Granite,5.0,35.1,67.0,Carpet,Synthetic,
CA72844LAN,Lano,Pleasure 880 Pearl (4 M),Pleasure,880 Pearl,4.0,35.1,67.0,Carpet,Synthetic,
CA86500LAN,Lano,Pleasure 880 Pearl (5 M),Pleasure,880 Pearl,5.0,35.1,67.0,Carpet,Synthetic,
CA62578LAN,Lano,Romance 052 Crocus 2 (4 M),Romance,052 Crocus 2,4.0,28.0,57.0,Carpet,Synthetic,
CA80144LAN,Lano,Romance 052 Crocus 2 (5 M),Romance,052 Crocus 2,5.0,28.0,57.0,Carpet,Synthetic,
CA22084LAN,Lano,Romance 062 Heather 2 (4 M),Romance,062 Heather 2,4.0,28.0,57.0,Carpet,Synthetic,
CA44930LAN,Lano,Romance 062 Heather 2 (5 M),Romance,062 Heather 2,5.0,28.0,57.0,Carpet,Synthetic,
CA89184LAN,Lano,Romance 081 Lava Stone (4 M),Romance,081 Lava Stone,4.0,28.0,57.0,Carpet,Synthetic,
CA75045LAN,Lano,Romance 081 Lava Stone (5 M),Romance,081 Lava Stone,5.0,28.0,57.0,Carpet,Synthetic,
CA49372LAN,Lano,Romance 091 Truffle (4 M),Romance,091 Truffle,4.0,28.0,57.0,Carpet,Synthetic,
CA61826LAN,Lano,Romance 091 Truffle (5 M),Romance,091 Truffle,5.0,28.0,57.0,Carpet,Synthetic,
CA59386LAN,Lano,Romance 221 Shoreline (4 M),Romance,221 Shoreline,4.0,28.0,57.0,Carpet,Synthetic,
CA51518LAN,Lano,Romance 221 Shoreline (5 M),Romance,221 Shoreline,5.0,28.0,57.0,Carpet,Synthetic,
CA59499LAN,Lano,Romance 451 Faux Pearl (4 M),Romance,451 Faux Pearl,4.0,28.0,57.0,Carpet,Synthetic,
CA65720LAN,Lano,Romance 451 Faux Pearl (5 M),Romance,451 Faux Pearl,5.0,28.0,57.0,Carpet,Synthetic,
CA61843LAN,Lano,Romance 460 Hazelnut (4 M),Romance,460 Hazelnut,4.0,28.0,57.0,Carpet,Synthetic,
CA20739LAN,Lano,Romance 460 Hazelnut (5 M),Romance,460 Hazelnut,5.0,28.0,57.0,Carpet,Synthetic,
CA36686LAN,Lano,Romance 470 Chestnut (4 M),Romance,470 Chestnut,4.0,28.0,57.0,Carpet,Synthetic,
CA80948LAN,Lano,Romance 470 Chestnut (5 M),Romance,470 Chestnut,5.0,28.0,57.0,Carpet,Synthetic,
CA54446LAN,Lano,Romance 732 Azure 2 (4 M),Romance,732 Azure 2,4.0,28.0,57.0,Carpet,Synthetic,
CA96630LAN,Lano,Romance 732 Azure 2 (5 M),Romance,732 Azure 2,5.0,28.0,57.0,Carpet,Synthetic,
CA14439LAN,Lano,Romance 782 Steel 2 (4 M),Romance,782 Steel 2,4.0,28.0,57.0,Carpet,Synthetic,
CA57265LAN,Lano,Romance 782 Steel 2 (5 M),Romance,782 Steel 2,5.0,28.0,57.0,Carpet,Synthetic,
CA68330LAN,Lano,Romance 830 Elephant (4 M),Romance,830 Elephant,4.0,28.0,57.0,Carpet,Synthetic,
CA54558LAN,Lano,Romance 830 Elephant (5 M),Romance,830 Elephant,5.0,28.0,57.0,Carpet,Synthetic,
CA85924LAN,Lano,Romance 841 Dolphin (4 M),Romance,841 Dolphin,4.0,28.0,57.0,Carpet,Synthetic,
CA83030LAN,Lano,Romance 841 Dolphin (5 M),Romance,841 Dolphin,5.0,28.0,57.0,Carpet,Synthetic,
CA31175LAN,Lano,Romance 850 Urban Obsession (4 M),Romance,850 Urban Obsession,4.0,28.0,57.0,Carpet,Synthetic,
CA21234LAN,Lano,Romance 850 Urban Obsession (5 M),Romance,850 Urban Obsession,5.0,28.0,57.0,Carpet,Synthetic,
CA55620LAN,Lano,Romance 871 Carved Stone (4 M),Romance,871 Carved Stone,4.0,28.0,57.0,Carpet,Synthetic,
CA47630LAN,Lano,Romance 871 Carved Stone (5 M),Romance,871 Carved Stone,5.0,28.0,57.0,Carpet,Synthetic,
CA16155LAN,Lano,Romance 880 Egyptian Cotton (4 M),Romance,880 Egyptian Cotton,4.0,28.0,57.0,Carpet,Synthetic,
CA70710LAN,Lano,Romance 880 Egyptian Cotton (5 M),Romance,880 Egyptian Cotton,5.0,28.0,57.0,Carpet,Synthetic,
CA79404LAN,Lano,Romance 890 Ivory (4 M),Romance,890 Ivory,4.0,28.0,57.0,Carpet,Synthetic,
CA49835LAN,Lano,Romance 890 Ivory (5 M),Romance,890 Ivory,5.0,28.0,57.0,Carpet,Synthetic,
CA68814LAN,Lano,Satine 013 Tulipwood 3 (4 M),Satine,013 Tulipwood 3,4.0,27.9,57.0,Carpet,Synthetic,
CA79998LAN,Lano,Satine 013 Tulipwood 3 (5 M),Satine,013 Tulipwood 3,5.0,27.9,57.0,Carpet,Synthetic,
CA26925LAN,Lano,Satine 101 Ruby 1 (4 M),Satine,101 Ruby 1,4.0,27.9,57.0,Carpet,Synthetic,
CA21891LAN,Lano,Satine 101 Ruby 1 (5 M),Satine,101 Ruby 1,5.0,27.9,57.0,Carpet,Synthetic,
CA20168LAN,Lano,Satine 183 Rum 3 (4 M),Satine,183 Rum 3,4.0,27.9,57.0,Carpet,Synthetic,
CA46351LAN,Lano,Satine 183 Rum 3 (5 M),Satine,183 Rum 3,5.0,27.9,57.0,Carpet,Synthetic,
CA89421LAN,Lano,Satine 193 Chestnut 3 (4 M),Satine,193 Chestnut 3,4.0,27.9,57.0,Carpet,Synthetic,
CA31277LAN,Lano,Satine 193 Chestnut 3 (5 M),Satine,193 Chestnut 3,5.0,27.9,57.0,Carpet,Synthetic,
CA37375LAN,Lano,Satine 200 Chocolate (4 M),Satine,200 Chocolate,4.0,27.9,57.0,Carpet,Synthetic,
CA62098LAN,Lano,Satine 200 Chocolate (5 M),Satine,200 Chocolate,5.0,27.9,57.0,Carpet,Synthetic,
CA36989LAN,Lano,Satine 243 Cream 3 (4 M),Satine,243 Cream 3,4.0,27.9,57.0,Carpet,Synthetic,
CA96700LAN,Lano,Satine 243 Cream 3 (5 M),Satine,243 Cream 3,5.0,27.9,57.0,Carpet,Synthetic,
CA31537LAN,Lano,Satine 250 Magnolia (4 M),Satine,250 Magnolia,4.0,27.9,57.0,Carpet,Synthetic,
CA56632LAN,Lano,Satine 250 Magnolia (5 M),Satine,250 Magnolia,5.0,27.9,57.0,Carpet,Synthetic,
CA91712LAN,Lano,Satine 253 Magnolia 3 (4 M),Satine,253 Magnolia 3,4.0,27.9,57.0,Carpet,Synthetic,
CA48678LAN,Lano,Satine 253 Magnolia 3 (5 M),Satine,253 Magnolia 3,5.0,27.9,57.0,Carpet,Synthetic,
CA11688LAN,Lano,Satine 263 Camel 3 (4 M),Satine,263 Camel 3,4.0,27.9,57.0,Carpet,Synthetic,
CA22908LAN,Lano,Satine 263 Camel 3 (5 M),Satine,263 Camel 3,5.0,27.9,57.0,Carpet,Synthetic,
CA83960LAN,Lano,Satine 280 Havanna (4 M),Satine,280 Havanna,4.0,27.9,57.0,Carpet,Synthetic,
CA89987LAN,Lano,Satine 280 Havanna (5 M),Satine,280 Havanna,5.0,27.9,57.0,Carpet,Synthetic,
CA73399LAN,Lano,Satine 283 Havanna 3 (4 M),Satine,283 Havanna 3,4.0,27.9,57.0,Carpet,Synthetic,
CA83364LAN,Lano,Satine 283 Havanna 3 (5 M),Satine,283 Havanna 3,5.0,27.9,57.0,Carpet,Synthetic,
CA88377LAN,Lano,Satine 313 Rust 3 (4 M),Satine,313 Rust 3,4.0,27.9,57.0,Carpet,Synthetic,
CA29551LAN,Lano,Satine 313 Rust 3 (5 M),Satine,313 Rust 3,5.0,27.9,57.0,Carpet,Synthetic,
CA58022LAN,Lano,Satine 371 Gold Leaf 1 (4 M),Satine,371 Gold Leaf 1,4.0,27.9,57.0,Carpet,Synthetic,
CA78352LAN,Lano,Satine 371 Gold Leaf 1 (5 M),Satine,371 Gold Leaf 1,5.0,27.9,57.0,Carpet,Synthetic,
CA30406LAN,Lano,Satine 383 Bronze 3 (4 M),Satine,383 Bronze 3,4.0,27.9,57.0,Carpet,Synthetic,
CA71565LAN,Lano,Satine 383 Bronze 3 (5 M),Satine,383 Bronze 3,5.0,27.9,57.0,Carpet,Synthetic,
CA71808LAN,Lano,Satine 430 Bamboo Mat (4 M),Satine,430 Bamboo Mat,4.0,27.9,57.0,Carpet,Synthetic,
CA91427LAN,Lano,Satine 430 Bamboo Mat (5 M),Satine,430 Bamboo Mat,5.0,27.9,57.0,Carpet,Synthetic,
CA51630LAN,Lano,Satine 433 Bamboo Mat 3 (4 M),Satine,433 Bamboo Mat 3,4.0,27.9,57.0,Carpet,Synthetic,
CA87287LAN,Lano,Satine 433 Bamboo Mat 3 (5 M),Satine,433 Bamboo Mat 3,5.0,27.9,57.0,Carpet,Synthetic,
CA60193LAN,Lano,Satine 483 Barley 3 (4 M),Satine,483 Barley 3,4.0,27.9,57.0,Carpet,Synthetic,
CA87733LAN,Lano,Satine 483 Barley 3 (5 M),Satine,483 Barley 3,5.0,27.9,57.0,Carpet,Synthetic,
CA42489LAN,Lano,Satine 603 Pine 3 (4 M),Satine,603 Pine 3,4.0,27.9,57.0,Carpet,Synthetic,
CA55469LAN,Lano,Satine 603 Pine 3 (5 M),Satine,603 Pine 3,5.0,27.9,57.0,Carpet,Synthetic,
CA32057LAN,Lano,Satine 662 Celadon 2 (4 M),Satine,662 Celadon 2,4.0,27.9,57.0,Carpet,Synthetic,
CA28231LAN,Lano,Satine 662 Celadon 2 (5 M),Satine,662 Celadon 2,5.0,27.9,57.0,Carpet,Synthetic,
CA60657LAN,Lano,Satine 713 Atlantic 3 (4 M),Satine,713 Atlantic 3,4.0,27.9,57.0,Carpet,Synthetic,
CA27853LAN,Lano,Satine 713 Atlantic 3 (5 M),Satine,713 Atlantic 3,5.0,27.9,57.0,Carpet,Synthetic,
CA56797LAN,Lano,Satine 731 Azure 1 (4 M),Satine,731 Azure 1,4.0,27.9,57.0,Carpet,Synthetic,
CA86181LAN,Lano,Satine 731 Azure 1 (5 M),Satine,731 Azure 1,5.0,27.9,57.0,Carpet,Synthetic,
CA27022LAN,Lano,Satine 751 Sky 1 (4 M),Satine,751 Sky 1,4.0,27.9,57.0,Carpet,Synthetic,
CA51162LAN,Lano,Satine 751 Sky 1 (5 M),Satine,751 Sky 1,5.0,27.9,57.0,Carpet,Synthetic,
CA77581LAN,Lano,Satine 791 Midnight 1 (4 M),Satine,791 Midnight 1,4.0,27.9,57.0,Carpet,Synthetic,
CA42471LAN,Lano,Satine 791 Midnight 1 (5 M),Satine,791 Midnight 1,5.0,27.9,57.0,Carpet,Synthetic,
CA51239LAN,Lano,Satine 800 Ebony (4 M),Satine,800 Ebony,4.0,27.9,57.0,Carpet,Synthetic,
CA44112LAN,Lano,Satine 800 Ebony (5 M),Satine,800 Ebony,5.0,27.9,57.0,Carpet,Synthetic,
CA15439LAN,Lano,Satine 820 Slate (4 M),Satine,820 Slate,4.0,27.9,57.0,Carpet,Synthetic,
CA25495LAN,Lano,Satine 820 Slate (5 M),Satine,820 Slate,5.0,27.9,57.0,Carpet,Synthetic,
CA97274LAN,Lano,Satine 841 Moonshine 1 (4 M),Satine,841 Moonshine 1,4.0,27.9,57.0,Carpet,Synthetic,
CA25103LAN,Lano,Satine 841 Moonshine 1 (5 M),Satine,841 Moonshine 1,5.0,27.9,57.0,Carpet,Synthetic,
CA25008LAN,Lano,Satine 850 Moonbeam (4 M),Satine,850 Moonbeam,4.0,27.9,57.0,Carpet,Synthetic,
CA21587LAN,Lano,Satine 850 Moonbeam (5 M),Satine,850 Moonbeam,5.0,27.9,57.0,Carpet,Synthetic,
CA73456LAN,Lano,Satine 880 Pearl (4 M),Satine,880 Pearl,4.0,27.9,57.0,Carpet,Synthetic,
CA50868LAN,Lano,Satine 880 Pearl (5 M),Satine,880 Pearl,5.0,27.9,57.0,Carpet,Synthetic,
CA61558LAN,Lano,Serenade 180 Rum (4 M),,,4.0,10.58,25.0,Carpet,Synthetic,
CA49608LAN,Lano,Serenade 180 Rum (5 M),,,5.0,10.58,25.0,Carpet,Synthetic,
CA27775LAN,Lano,Serenade 240 Cream (4 M),,,4.0,10.58,25.0,Carpet,Synthetic,
CA62027LAN,Lano,Serenade 240 Cream (5 M),,,5.0,10.58,25.0,Carpet,Synthetic,
CA56864LAN,Lano,Serenade 390 Copper (4 M),,,4.0,10.58,25.0,Carpet,Synthetic,
CA64831LAN,Lano,Serenade 390 Copper (5 M),,,5.0,10.58,25.0,Carpet,Synthetic,
CA88386LAN,Lano,Serenade 440 Ivory (4 M),,,4.0,10.58,25.0,Carpet,Synthetic,
CA90203LAN,Lano,Serenade 440 Ivory (5 M),,,5.0,10.58,25.0,Carpet,Synthetic,
CA19721LAN,Lano,Serenade 450 Sand (4 M),,,4.0,10.58,25.0,Carpet,Synthetic,
CA28538LAN,Lano,Serenade 450 Sand (5 M),,,5.0,10.58,25.0,Carpet,Synthetic,
CA86190LAN,Lano,Serenade 451 Light Honey (4 M),,,4.0,10.58,25.0,Carpet,Synthetic,
CA21756LAN,Lano,Serenade 451 Light Honey (5 M),,,5.0,10.58,25.0,Carpet,Synthetic,
CA50073LAN,Lano,Serenade 460 Hemp (4 M),,,4.0,10.58,25.0,Carpet,Synthetic,
CA18549LAN,Lano,Serenade 460 Hemp (5 M),,,5.0,10.58,25.0,Carpet,Synthetic,
CA82891LAN,Lano,Serenade 490 Stone Path (4 M),,,4.0,10.58,25.0,Carpet,Synthetic,
CA56056LAN,Lano,Serenade 490 Stone Path (5 M),,,5.0,10.58,25.0,Carpet,Synthetic,
CA15717LAN,Lano,Serenade 780 Steel (4 M),,,4.0,10.58,25.0,Carpet,Synthetic,
CA55695LAN,Lano,Serenade 780 Steel (5 M),,,5.0,10.58,25.0,Carpet,Synthetic,
CA57928LAN,Lano,Serenade 800 Ebony (4 M),,,4.0,10.58,25.0,Carpet,Synthetic,
CA29343LAN,Lano,Serenade 800 Ebony (5 M),,,5.0,10.58,25.0,Carpet,Synthetic,
CA51226LAN,Lano,Serenade 820 Slate (4 M),,,4.0,10.58,25.0,Carpet,Synthetic,
CA37236LAN,Lano,Serenade 820 Slate (5 M),,,5.0,10.58,25.0,Carpet,Synthetic,
CA37085LAN,Lano,Serenade 840 Moonshine (4 M),,,4.0,10.58,25.0,Carpet,Synthetic,
CA42635LAN,Lano,Serenade 840 Moonshine (5 M),,,5.0,10.58,25.0,Carpet,Synthetic,
CA86562LAN,Lano,Serenade 850 Moonbeam (4 M),,,4.0,10.58,25.0,Carpet,Synthetic,
CA33879LAN,Lano,Serenade 850 Moonbeam (5 M),,,5.0,10.58,25.0,Carpet,Synthetic,
CA47985LAN,Lano,Serenade 860 Granite (4 M),,,4.0,10.58,25.0,Carpet,Synthetic,
CA72808LAN,Lano,Serenade 860 Granite (5 M),,,5.0,10.58,25.0,Carpet,Synthetic,
CA98031LAN,Lano,Serenade 880 Pearl (4 M),,,4.0,10.58,25.0,Carpet,Synthetic,
CA76511LAN,Lano,Serenade 880 Pearl (5 M),,,5.0,10.58,25.0,Carpet,Synthetic,
CA63705LAN,Lano,Sofia 120 Coral (4 M),Sofia,120 Coral,4.0,47.5,73.0,Carpet,Synthetic,
CA54253LAN,Lano,Sofia 120 Coral (5 M),Sofia,120 Coral,5.0,47.5,73.0,Carpet,Synthetic,
CA36215LAN,Lano,Sofia 130 Rose (4 M),Sofia,130 Rose,4.0,47.5,73.0,Carpet,Synthetic,
CA75185LAN,Lano,Sofia 130 Rose (5 M),Sofia,130 Rose,5.0,47.5,73.0,Carpet,Synthetic,
CA91845LAN,Lano,Sofia 140 Old Rose (4 M),Sofia,140 Old Rose,4.0,47.5,73.0,Carpet,Synthetic,
CA30967LAN,Lano,Sofia 140 Old Rose (5 M),Sofia,140 Old Rose,5.0,47.5,73.0,Carpet,Synthetic,
CA89721LAN,Lano,Sofia 180 Rum (4 M),Sofia,180 Rum,4.0,47.5,73.0,Carpet,Synthetic,
CA81657LAN,Lano,Sofia 180 Rum (5 M),Sofia,180 Rum,5.0,47.5,73.0,Carpet,Synthetic,
CA60892LAN,Lano,Sofia 240 Cream (4 M),Sofia,240 Cream,4.0,47.5,73.0,Carpet,Synthetic,
CA17318LAN,Lano,Sofia 240 Cream (5 M),Sofia,240 Cream,5.0,47.5,73.0,Carpet,Synthetic,
CA61590LAN,Lano,Sofia 250 Magnolia (4 M),Sofia,250 Magnolia,4.0,47.5,73.0,Carpet,Synthetic,
CA94678LAN,Lano,Sofia 250 Magnolia (5 M),Sofia,250 Magnolia,5.0,47.5,73.0,Carpet,Synthetic,
CA68799LAN,Lano,Sofia 260 Camel (4 M),Sofia,260 Camel,4.0,47.5,73.0,Carpet,Synthetic,
CA79057LAN,Lano,Sofia 260 Camel (5 M),Sofia,260 Camel,5.0,47.5,73.0,Carpet,Synthetic,
CA41297LAN,Lano,Sofia 290 Sepia (4 M),Sofia,290 Sepia,4.0,47.5,73.0,Carpet,Synthetic,
CA48346LAN,Lano,Sofia 290 Sepia (5 M),Sofia,290 Sepia,5.0,47.5,73.0,Carpet,Synthetic,
CA61621LAN,Lano,Sofia 370 Gold Leaf (4 M),Sofia,370 Gold Leaf,4.0,47.5,73.0,Carpet,Synthetic,
CA38161LAN,Lano,Sofia 370 Gold Leaf (5 M),Sofia,370 Gold Leaf,5.0,47.5,73.0,Carpet,Synthetic,
CA72539LAN,Lano,Sofia 410 Leather (4 M),Sofia,410 Leather,4.0,47.5,73.0,Carpet,Synthetic,
CA80661LAN,Lano,Sofia 410 Leather (5 M),Sofia,410 Leather,5.0,47.5,73.0,Carpet,Synthetic,
CA53135LAN,Lano,Sofia 430 Bamboo Mat (4 M),Sofia,430 Bamboo Mat,4.0,47.5,73.0,Carpet,Synthetic,
CA74843LAN,Lano,Sofia 430 Bamboo Mat (5 M),Sofia,430 Bamboo Mat,5.0,47.5,73.0,Carpet,Synthetic,
CA84881LAN,Lano,Sofia 440 Ivory (4 M),Sofia,440 Ivory,4.0,47.5,73.0,Carpet,Synthetic,
CA87181LAN,Lano,Sofia 440 Ivory (5 M),Sofia,440 Ivory,5.0,47.5,73.0,Carpet,Synthetic,
CA89792LAN,Lano,Sofia 450 Sand (4 M),Sofia,450 Sand,4.0,47.5,73.0,Carpet,Synthetic,
CA15911LAN,Lano,Sofia 450 Sand (5 M),Sofia,450 Sand,5.0,47.5,73.0,Carpet,Synthetic,
CA64807LAN,Lano,Sofia 460 Hemp (4 M),Sofia,460 Hemp,4.0,47.5,73.0,Carpet,Synthetic,
CA15071LAN,Lano,Sofia 460 Hemp (5 M),Sofia,460 Hemp,5.0,47.5,73.0,Carpet,Synthetic,
CA51576LAN,Lano,Sofia 500 Olive (4 M),Sofia,500 Olive,4.0,47.5,73.0,Carpet,Synthetic,
CA14458LAN,Lano,Sofia 500 Olive (5 M),Sofia,500 Olive,5.0,47.5,73.0,Carpet,Synthetic,
CA30133LAN,Lano,Sofia 620 Savanna (4 M),Sofia,620 Savanna,4.0,47.5,73.0,Carpet,Synthetic,
CA39599LAN,Lano,Sofia 620 Savanna (5 M),Sofia,620 Savanna,5.0,47.5,73.0,Carpet,Synthetic,
CA63036LAN,Lano,Sofia 700 Navy (4 M),Sofia,700 Navy,4.0,47.5,73.0,Carpet,Synthetic,
CA76783LAN,Lano,Sofia 700 Navy (5 M),Sofia,700 Navy,5.0,47.5,73.0,Carpet,Synthetic,
CA37948LAN,Lano,Sofia 800 Ebony (4 M),Sofia,800 Ebony,4.0,47.5,73.0,Carpet,Synthetic,
CA64989LAN,Lano,Sofia 800 Ebony (5 M),Sofia,800 Ebony,5.0,47.5,73.0,Carpet,Synthetic,
CA81351LAN,Lano,Sofia 810 Charcoal (4 M),Sofia,810 Charcoal,4.0,47.5,73.0,Carpet,Synthetic,
CA86721LAN,Lano,Sofia 810 Charcoal (5 M),Sofia,810 Charcoal,5.0,47.5,73.0,Carpet,Synthetic,
CA55136LAN,Lano,Sofia 820 Slate (4 M),Sofia,820 Slate,4.0,47.5,73.0,Carpet,Synthetic,
CA76925LAN,Lano,Sofia 820 Slate (5 M),Sofia,820 Slate,5.0,47.5,73.0,Carpet,Synthetic,
CA46358LAN,Lano,Sofia 860 Granite (4 M),Sofia,860 Granite,4.0,47.5,73.0,Carpet,Synthetic,
CA11491LAN,Lano,Sofia 860 Granite (5 M),Sofia,860 Granite,5.0,47.5,73.0,Carpet,Synthetic,
CA84704LAN,Lano,Sofia 870 Silver (4 M),Sofia,870 Silver,4.0,47.5,73.0,Carpet,Synthetic,
CA18870LAN,Lano,Sofia 870 Silver (5 M),Sofia,870 Silver,5.0,47.5,73.0,Carpet,Synthetic,
CA82546LAN,Lano,Sofia 871 Silver 1 (4 M),Sofia,871 Silver 1,4.0,47.5,73.0,Carpet,Synthetic,
CA60313LAN,Lano,Sofia 871 Silver 1 (5 M),Sofia,871 Silver 1,5.0,47.5,73.0,Carpet,Synthetic,
CA95115LAN,Lano,Sofia 890 Snow (4 M),Sofia,890 Snow,4.0,47.5,73.0,Carpet,Synthetic,
CA47099LAN,Lano,Sofia 890 Snow (5 M),Sofia,890 Snow,5.0,47.5,73.0,Carpet,Synthetic,
CA38279LAN,Lano,Soft Distinction Anemone (4 M),Soft Distinction,Anemone,4.0,10.95,26.0,Carpet,Synthetic,
CA59832LAN,Lano,Soft Distinction Anemone (5 M),Soft Distinction,Anemone,5.0,10.95,26.0,Carpet,Synthetic,
CA12242LAN,Lano,Soft Distinction Ash (4 M),Soft Distinction,Ash,4.0,10.95,26.0,Carpet,Synthetic,
CA78609LAN,Lano,Soft Distinction Ash (5 M),Soft Distinction,Ash,5.0,10.95,26.0,Carpet,Synthetic,
CA78961LAN,Lano,Soft Distinction Biscuit (4 M),Soft Distinction,Biscuit,4.0,10.95,26.0,Carpet,Synthetic,
CA54153LAN,Lano,Soft Distinction Biscuit (5 M),Soft Distinction,Biscuit,5.0,10.95,26.0,Carpet,Synthetic,
CA16175LAN,Lano,Soft Distinction Cappuccino (4 M),Soft Distinction,Cappuccino,4.0,10.95,26.0,Carpet,Synthetic,
CA33836LAN,Lano,Soft Distinction Cappuccino (5 M),Soft Distinction,Cappuccino,5.0,10.95,26.0,Carpet,Synthetic,
CA24557LAN,Lano,Soft Distinction Elmwood (4 M),Soft Distinction,Elmwood,4.0,10.95,26.0,Carpet,Synthetic,
CA67655LAN,Lano,Soft Distinction Elmwood (5 M),Soft Distinction,Elmwood,5.0,10.95,26.0,Carpet,Synthetic,
CA90995LAN,Lano,Soft Distinction Greystone (4 M),Soft Distinction,Greystone,4.0,10.95,26.0,Carpet,Synthetic,
CA61133LAN,Lano,Soft Distinction Greystone (5 M),Soft Distinction,Greystone,5.0,10.95,26.0,Carpet,Synthetic,
CA35321LAN,Lano,Soft Distinction Hemp (4 M),Soft Distinction,Hemp,4.0,10.95,26.0,Carpet,Synthetic,
CA31005LAN,Lano,Soft Distinction Hemp (5 M),Soft Distinction,Hemp,5.0,10.95,26.0,Carpet,Synthetic,
CA51546LAN,Lano,Soft Distinction Limestone (4 M),Soft Distinction,Limestone,4.0,10.95,26.0,Carpet,Synthetic,
CA28147LAN,Lano,Soft Distinction Limestone (5 M),Soft Distinction,Limestone,5.0,10.95,26.0,Carpet,Synthetic,
CA93256LAN,Lano,Soft Distinction Metal (4 M),Soft Distinction,Metal,4.0,10.95,26.0,Carpet,Synthetic,
CA86528LAN,Lano,Soft Distinction Metal (5 M),Soft Distinction,Metal,5.0,10.95,26.0,Carpet,Synthetic,
CA83176LAN,Lano,Soft Distinction Mist (4 M),Soft Distinction,Mist,4.0,10.95,26.0,Carpet,Synthetic,
CA73577LAN,Lano,Soft Distinction Mist (5 M),Soft Distinction,Mist,5.0,10.95,26.0,Carpet,Synthetic,
CA29840LAN,Lano,Soft Distinction Paloma (4 M),Soft Distinction,Paloma,4.0,10.95,26.0,Carpet,Synthetic,
CA31914LAN,Lano,Soft Distinction Paloma (5 M),Soft Distinction,Paloma,5.0,10.95,26.0,Carpet,Synthetic,
CA53994LAN,Lano,Soft Distinction Silver (4 M),Soft Distinction,Silver,4.0,10.95,26.0,Carpet,Synthetic,
CA47620LAN,Lano,Soft Distinction Silver (5 M),Soft Distinction,Silver,5.0,10.95,26.0,Carpet,Synthetic,
CA19624LAN,Lano,Soft Distinction Teal Grey (4 M),Soft Distinction,Teal Grey,4.0,10.95,26.0,Carpet,Synthetic,
CA19410LAN,Lano,Soft Distinction Teal Grey (5 M),Soft Distinction,Teal Grey,5.0,10.95,26.0,Carpet,Synthetic,
CA58273LAN,Lano,Startwist Elite 243 Desert Sand (4 M),Startwist Elite,243 Desert Sand,4.0,10.35,25.0,Carpet,Synthetic,
CA77596LAN,Lano,Startwist Elite 243 Desert Sand (5 M),Startwist Elite,243 Desert Sand,5.0,10.35,25.0,Carpet,Synthetic,
CA58072LAN,Lano,Startwist Elite 270 Almond (4 M),Startwist Elite,270 Almond,4.0,10.35,25.0,Carpet,Synthetic,
CA93785LAN,Lano,Startwist Elite 270 Almond (5 M),Startwist Elite,270 Almond,5.0,10.35,25.0,Carpet,Synthetic,
CA67022LAN,Lano,Startwist Elite 433 Alpaca (4 M),Startwist Elite,433 Alpaca,4.0,10.35,25.0,Carpet,Synthetic,
CA72227LAN,Lano,Startwist Elite 433 Alpaca (5 M),Startwist Elite,433 Alpaca,5.0,10.35,25.0,Carpet,Synthetic,
CA45661LAN,Lano,Startwist Elite 443 Clotted Cream (4 M),Startwist Elite,443 Clotted Cream,4.0,10.35,25.0,Carpet,Synthetic,
CA90092LAN,Lano,Startwist Elite 443 Clotted Cream (5 M),Startwist Elite,443 Clotted Cream,5.0,10.35,25.0,Carpet,Synthetic,
CA48505LAN,Lano,Startwist Elite 450 Sand (4 M),Startwist Elite,450 Sand,4.0,10.35,25.0,Carpet,Synthetic,
CA74034LAN,Lano,Startwist Elite 450 Sand (5 M),Startwist Elite,450 Sand,5.0,10.35,25.0,Carpet,Synthetic,
CA63203LAN,Lano,Startwist Elite 833 Titanium (4 M),Startwist Elite,833 Titanium,4.0,10.35,25.0,Carpet,Synthetic,
CA21609LAN,Lano,Startwist Elite 833 Titanium (5 M),Startwist Elite,833 Titanium,5.0,10.35,25.0,Carpet,Synthetic,
CA70652LAN,Lano,Startwist Elite 845 Anchor (4 M),Startwist Elite,845 Anchor,4.0,10.35,25.0,Carpet,Synthetic,
CA94137LAN,Lano,Startwist Elite 845 Anchor (5 M),Startwist Elite,845 Anchor,5.0,10.35,25.0,Carpet,Synthetic,
CA90964LAN,Lano,Startwist Elite 850 Moonbeam (4 M),Startwist Elite,850 Moonbeam,4.0,10.35,25.0,Carpet,Synthetic,
CA37205LAN,Lano,Startwist Elite 850 Moonbeam (5 M),Startwist Elite,850 Moonbeam,5.0,10.35,25.0,Carpet,Synthetic,
CA81311LAN,Lano,Startwist Elite 852 Metal (4 M),Startwist Elite,852 Metal,4.0,10.35,25.0,Carpet,Synthetic,
CA16628LAN,Lano,Startwist Elite 852 Metal (5 M),Startwist Elite,852 Metal,5.0,10.35,25.0,Carpet,Synthetic,
CA21550LAN,Lano,Startwist Elite 855 Nickel (4 M),Startwist Elite,855 Nickel,4.0,10.35,25.0,Carpet,Synthetic,
CA34355LAN,Lano,Startwist Elite 855 Nickel (5 M),Startwist Elite,855 Nickel,5.0,10.35,25.0,Carpet,Synthetic,
CA60348LAN,Lano,Startwist Elite 861 Granite (4 M),Startwist Elite,861 Granite,4.0,10.35,25.0,Carpet,Synthetic,
CA36450LAN,Lano,Startwist Elite 861 Granite (5 M),Startwist Elite,861 Granite,5.0,10.35,25.0,Carpet,Synthetic,
CA58223LAN,Lano,Startwist Elite 862 Paloma (4 M),Startwist Elite,862 Paloma,4.0,10.35,25.0,Carpet,Synthetic,
CA59195LAN,Lano,Startwist Elite 862 Paloma (5 M),Startwist Elite,862 Paloma,5.0,10.35,25.0,Carpet,Synthetic,
CA66085LAN,Lano,Startwist Elite 865 Soft Taupe (4 M),Startwist Elite,865 Soft Taupe,4.0,10.35,25.0,Carpet,Synthetic,
CA88084LAN,Lano,Startwist Elite 865 Soft Taupe (5 M),Startwist Elite,865 Soft Taupe,5.0,10.35,25.0,Carpet,Synthetic,
CA66487LAN,Lano,Startwist Elite 870 Silver (4 M),Startwist Elite,870 Silver,4.0,10.35,25.0,Carpet,Synthetic,
CA94729LAN,Lano,Startwist Elite 870 Silver (5 M),Startwist Elite,870 Silver,5.0,10.35,25.0,Carpet,Synthetic,
CA15704LAN,Lano,Startwist Elite 881 Soft Stone (4 M),Startwist Elite,881 Soft Stone,4.0,10.35,25.0,Carpet,Synthetic,
CA27509LAN,Lano,Startwist Elite 881 Soft Stone (5 M),Startwist Elite,881 Soft Stone,5.0,10.35,25.0,Carpet,Synthetic,
CA82517LAN,Lano,Startwist Elite 882 Mist (4 M),Startwist Elite,882 Mist,4.0,10.35,25.0,Carpet,Synthetic,
CA84859LAN,Lano,Startwist Elite 882 Mist (5 M),Startwist Elite,882 Mist,5.0,10.35,25.0,Carpet,Synthetic,
CA55293LAN,Lano,Startwist Supreme 243 Desert Sand (4 M),Startwist Supreme,243 Desert Sand,4.0,9.0,22.0,Carpet,Synthetic,
CA47383LAN,Lano,Startwist Supreme 243 Desert Sand (5 M),Startwist Supreme,243 Desert Sand,5.0,9.0,22.0,Carpet,Synthetic,
CA48014LAN,Lano,Startwist Supreme 270 Almond (4 M),Startwist Supreme,270 Almond,4.0,9.0,22.0,Carpet,Synthetic,
CA52436LAN,Lano,Startwist Supreme 270 Almond (5 M),Startwist Supreme,270 Almond,5.0,9.0,22.0,Carpet,Synthetic,
CA22588LAN,Lano,Startwist Supreme 433 Alpaca (4 M),Startwist Supreme,433 Alpaca,4.0,9.0,22.0,Carpet,Synthetic,
CA71133LAN,Lano,Startwist Supreme 433 Alpaca (5 M),Startwist Supreme,433 Alpaca,5.0,9.0,22.0,Carpet,Synthetic,
CA66356LAN,Lano,Startwist Supreme 443 Clotted Cream (4 M),Startwist Supreme,443 Clotted Cream,4.0,9.0,22.0,Carpet,Synthetic,
CA91523LAN,Lano,Startwist Supreme 443 Clotted Cream (5 M),Startwist Supreme,443 Clotted Cream,5.0,9.0,22.0,Carpet,Synthetic,
CA26839LAN,Lano,Startwist Supreme 450 Sand (4 M),Startwist Supreme,450 Sand,4.0,9.0,22.0,Carpet,Synthetic,
CA92013LAN,Lano,Startwist Supreme 450 Sand (5 M),Startwist Supreme,450 Sand,5.0,9.0,22.0,Carpet,Synthetic,
CA56236LAN,Lano,Startwist Supreme 833 Titanium (4 M),Startwist Supreme,833 Titanium,4.0,9.0,22.0,Carpet,Synthetic,
CA90339LAN,Lano,Startwist Supreme 833 Titanium (5 M),Startwist Supreme,833 Titanium,5.0,9.0,22.0,Carpet,Synthetic,
CA16673LAN,Lano,Startwist Supreme 845 Anchor (4 M),Startwist Supreme,845 Anchor,4.0,9.0,22.0,Carpet,Synthetic,
CA89128LAN,Lano,Startwist Supreme 845 Anchor (5 M),Startwist Supreme,845 Anchor,5.0,9.0,22.0,Carpet,Synthetic,
CA87048LAN,Lano,Startwist Supreme 850 Moonbeam (4 M),Startwist Supreme,850 Moonbeam,4.0,9.0,22.0,Carpet,Synthetic,
CA89089LAN,Lano,Startwist Supreme 850 Moonbeam (5 M),Startwist Supreme,850 Moonbeam,5.0,9.0,22.0,Carpet,Synthetic,
CA27845LAN,Lano,Startwist Supreme 852 Metal (4 M),Startwist Supreme,852 Metal,4.0,9.0,22.0,Carpet,Synthetic,
CA77935LAN,Lano,Startwist Supreme 852 Metal (5 M),Startwist Supreme,852 Metal,5.0,9.0,22.0,Carpet,Synthetic,
CA87843LAN,Lano,Startwist Supreme 855 Nickel (4 M),Startwist Supreme,855 Nickel,4.0,9.0,22.0,Carpet,Synthetic,
CA49306LAN,Lano,Startwist Supreme 855 Nickel (5 M),Startwist Supreme,855 Nickel,5.0,9.0,22.0,Carpet,Synthetic,
CA76119LAN,Lano,Startwist Supreme 861 Granite (4 M),Startwist Supreme,861 Granite,4.0,9.0,22.0,Carpet,Synthetic,
CA95511LAN,Lano,Startwist Supreme 861 Granite (5 M),Startwist Supreme,861 Granite,5.0,9.0,22.0,Carpet,Synthetic,
CA74404LAN,Lano,Startwist Supreme 862 Paloma (4 M),Startwist Supreme,862 Paloma,4.0,9.0,22.0,Carpet,Synthetic,
CA81269LAN,Lano,Startwist Supreme 862 Paloma (5 M),Startwist Supreme,862 Paloma,5.0,9.0,22.0,Carpet,Synthetic,
CA59621LAN,Lano,Startwist Supreme 865 Soft Taupe (4 M),Startwist Supreme,865 Soft Taupe,4.0,9.0,22.0,Carpet,Synthetic,
CA84463LAN,Lano,Startwist Supreme 865 Soft Taupe (5 M),Startwist Supreme,865 Soft Taupe,5.0,9.0,22.0,Carpet,Synthetic,
CA52533LAN,Lano,Startwist Supreme 870 Silver (4 M),Startwist Supreme,870 Silver,4.0,9.0,22.0,Carpet,Synthetic,
CA87819LAN,Lano,Startwist Supreme 870 Silver (5 M),Startwist Supreme,870 Silver,5.0,9.0,22.0,Carpet,Synthetic,
CA34835LAN,Lano,Startwist Supreme 881 Soft Stone (4 M),Startwist Supreme,881 Soft Stone,4.0,9.0,22.0,Carpet,Synthetic,
CA70404LAN,Lano,Startwist Supreme 881 Soft Stone (5 M),Startwist Supreme,881 Soft Stone,5.0,9.0,22.0,Carpet,Synthetic,
CA19139LAN,Lano,Startwist Supreme 882 Mist (4 M),Startwist Supreme,882 Mist,4.0,9.0,22.0,Carpet,Synthetic,
CA35039LAN,Lano,Startwist Supreme 882 Mist (5 M),Startwist Supreme,882 Mist,5.0,9.0,22.0,Carpet,Synthetic,
CA51203LAN,Lano,Traviata 070 Violet (4 M),Traviata,070 Violet,4.0,28.22,58.0,Carpet,Synthetic,
CA49618LAN,Lano,Traviata 070 Violet (5 M),Traviata,070 Violet,5.0,28.22,58.0,Carpet,Synthetic,
CA49906LAN,Lano,Traviata 110 Carmine (4 M),Traviata,110 Carmine,4.0,28.22,58.0,Carpet,Synthetic,
CA44983LAN,Lano,Traviata 110 Carmine (5 M),Traviata,110 Carmine,5.0,28.22,58.0,Carpet,Synthetic,
CA81963LAN,Lano,Traviata 230 Flax (4 M),Traviata,230 Flax,4.0,28.22,58.0,Carpet,Synthetic,
CA84581LAN,Lano,Traviata 230 Flax (5 M),Traviata,230 Flax,5.0,28.22,58.0,Carpet,Synthetic,
CA74849LAN,Lano,Traviata 250 Magnolia (4 M),Traviata,250 Magnolia,4.0,28.22,58.0,Carpet,Synthetic,
CA42710LAN,Lano,Traviata 250 Magnolia (5 M),Traviata,250 Magnolia,5.0,28.22,58.0,Carpet,Synthetic,
CA15706LAN,Lano,Traviata 380 Bronze (4 M),Traviata,380 Bronze,4.0,28.22,58.0,Carpet,Synthetic,
CA85766LAN,Lano,Traviata 380 Bronze (5 M),Traviata,380 Bronze,5.0,28.22,58.0,Carpet,Synthetic,
CA76717LAN,Lano,Traviata 390 Copper (4 M),Traviata,390 Copper,4.0,28.22,58.0,Carpet,Synthetic,
CA77093LAN,Lano,Traviata 390 Copper (5 M),Traviata,390 Copper,5.0,28.22,58.0,Carpet,Synthetic,
CA36981LAN,Lano,Traviata 410 Leather (4 M),Traviata,410 Leather,4.0,28.22,58.0,Carpet,Synthetic,
CA73599LAN,Lano,Traviata 410 Leather (5 M),Traviata,410 Leather,5.0,28.22,58.0,Carpet,Synthetic,
CA76983LAN,Lano,Traviata 420 Cornstalk (4 M),Traviata,420 Cornstalk,4.0,28.22,58.0,Carpet,Synthetic,
CA82937LAN,Lano,Traviata 420 Cornstalk (5 M),Traviata,420 Cornstalk,5.0,28.22,58.0,Carpet,Synthetic,
CA22624LAN,Lano,Traviata 430 Bamboo Mat (4 M),Traviata,430 Bamboo Mat,4.0,28.22,58.0,Carpet,Synthetic,
CA59735LAN,Lano,Traviata 430 Bamboo Mat (5 M),Traviata,430 Bamboo Mat,5.0,28.22,58.0,Carpet,Synthetic,
CA97575LAN,Lano,Traviata 440 Ivory (4 M),Traviata,440 Ivory,4.0,28.22,58.0,Carpet,Synthetic,
CA74896LAN,Lano,Traviata 440 Ivory (5 M),Traviata,440 Ivory,5.0,28.22,58.0,Carpet,Synthetic,
CA18017LAN,Lano,Traviata 480 Barley (4 M),Traviata,480 Barley,4.0,28.22,58.0,Carpet,Synthetic,
CA97388LAN,Lano,Traviata 480 Barley (5 M),Traviata,480 Barley,5.0,28.22,58.0,Carpet,Synthetic,
CA31048LAN,Lano,Traviata 680 Juniper (4 M),Traviata,680 Juniper,4.0,28.22,58.0,Carpet,Synthetic,
CA13714LAN,Lano,Traviata 680 Juniper (5 M),Traviata,680 Juniper,5.0,28.22,58.0,Carpet,Synthetic,
CA18587LAN,Lano,Traviata 780 Steel (4 M),Traviata,780 Steel,4.0,28.22,58.0,Carpet,Synthetic,
CA87737LAN,Lano,Traviata 780 Steel (5 M),Traviata,780 Steel,5.0,28.22,58.0,Carpet,Synthetic,
CA42472LAN,Lano,Traviata 790 Midnight (4 M),Traviata,790 Midnight,4.0,28.22,58.0,Carpet,Synthetic,
CA52040LAN,Lano,Traviata 790 Midnight (5 M),Traviata,790 Midnight,5.0,28.22,58.0,Carpet,Synthetic,
CA17305LAN,Lano,Traviata 810 Charcoal (4 M),Traviata,810 Charcoal,4.0,28.22,58.0,Carpet,Synthetic,
CA23135LAN,Lano,Traviata 810 Charcoal (5 M),Traviata,810 Charcoal,5.0,28.22,58.0,Carpet,Synthetic,
CA29095LAN,Lano,Traviata 820 Slate (4 M),Traviata,820 Slate,4.0,28.22,58.0,Carpet,Synthetic,
CA30467LAN,Lano,Traviata 820 Slate (5 M),Traviata,820 Slate,5.0,28.22,58.0,Carpet,Synthetic,
CA58511LAN,Lano,Traviata 830 Ash (4 M),Traviata,830 Ash,4.0,28.22,58.0,Carpet,Synthetic,
CA48993LAN,Lano,Traviata 830 Ash (5 M),Traviata,830 Ash,5.0,28.22,58.0,Carpet,Synthetic,
CA14389LAN,Lano,Traviata 860 Granite (4 M),Traviata,860 Granite,4.0,28.22,58.0,Carpet,Synthetic,
CA51533LAN,Lano,Traviata 860 Granite (5 M),Traviata,860 Granite,5.0,28.22,58.0,Carpet,Synthetic,
CA65135LAN,Lano,Traviata 870 Silver (4 M),Traviata,870 Silver,4.0,28.22,58.0,Carpet,Synthetic,
CA36595LAN,Lano,Traviata 870 Silver (5 M),Traviata,870 Silver,5.0,28.22,58.0,Carpet,Synthetic,
